waktu,sensor_id,lokasi,ch4,h2s,suhu,kelembaban
2026-06-05 08:00:00,GS001,Area Dasar Tambang,0.4,2.0,30.8,78.0
2026-06-05 08:05:00,GS001,Area Dasar Tambang,0.5,3.0,31.0,77.0
2026-06-05 08:10:00,GS001,Area Dasar Tambang,0.7,4.0,31.2,77.0
2026-06-05 08:15:00,GS001,Area Dasar Tambang,0.9,6.0,31.4,76.0
2026-06-05 08:20:00,GS001,Area Dasar Tambang,1.1,8.0,31.6,75.0
2026-06-05 08:25:00,GS001,Area Dasar Tambang,1.0,7.0,31.5,75.0
2026-06-05 08:30:00,GS001,Area Dasar Tambang,0.9,6.0,31.4,76.0
2026-06-05 08:35:00,GS001,Area Dasar Tambang,0.8,5.0,31.3,76.0
2026-06-05 08:40:00,GS001,Area Dasar Tambang,0.7,4.0,31.2,77.0
2026-06-05 08:45:00,GS001,Area Dasar Tambang,0.6,3.0,31.1,77.0
2026-06-05 08:50:00,GS001,Area Dasar Tambang,0.8,5.0,31.3,76.0
2026-06-05 08:55:00,GS001,Area Dasar Tambang,1.0,7.0,31.5,75.0
2026-06-05 09:00:00,GS001,Area Dasar Tambang,1.2,9.0,31.8,74.0
2026-06-05 09:05:00,GS001,Area Dasar Tambang,1.4,11.0,32.0,74.0
2026-06-05 09:10:00,GS001,Area Dasar Tambang,1.6,13.0,32.2,73.0
2026-06-05 09:15:00,GS001,Area Dasar Tambang,1.8,15.0,32.5,72.0
2026-06-05 09:20:00,GS001,Area Dasar Tambang,2.0,18.0,32.8,71.0
2026-06-05 09:25:00,GS001,Area Dasar Tambang,1.7,14.0,32.4,72.0
2026-06-05 09:30:00,GS001,Area Dasar Tambang,1.5,12.0,32.2,73.0
2026-06-05 09:35:00,GS001,Area Dasar Tambang,1.3,10.0,32.0,74.0
2026-06-05 09:40:00,GS001,Area Dasar Tambang,1.1,8.0,31.8,75.0
2026-06-05 09:45:00,GS001,Area Dasar Tambang,0.9,6.0,31.5,76.0
2026-06-05 09:50:00,GS001,Area Dasar Tambang,0.7,4.0,31.3,77.0
2026-06-05 09:55:00,GS001,Area Dasar Tambang,0.6,3.0,31.1,77.0
2026-06-05 10:00:00,GS001,Area Dasar Tambang,0.5,2.0,31.0,78.0
2026-06-05 10:05:00,GS001,Area Dasar Tambang,0.7,4.0,31.2,77.0
2026-06-05 10:10:00,GS001,Area Dasar Tambang,1.0,7.0,31.5,76.0
2026-06-05 10:15:00,GS001,Area Dasar Tambang,1.3,10.0,31.9,75.0
2026-06-05 10:20:00,GS001,Area Dasar Tambang,1.6,13.0,32.3,74.0
2026-06-05 10:25:00,GS001,Area Dasar Tambang,1.9,16.0,32.7,73.0
2026-06-05 10:30:00,GS001,Area Dasar Tambang,2.2,20.0,33.0,72.0
2026-06-05 10:35:00,GS001,Area Dasar Tambang,2.5,24.0,33.4,71.0
2026-06-05 10:40:00,GS001,Area Dasar Tambang,2.1,18.0,33.0,72.0
2026-06-05 10:45:00,GS001,Area Dasar Tambang,1.8,14.0,32.6,73.0
2026-06-05 10:50:00,GS001,Area Dasar Tambang,1.4,10.0,32.2,74.0
2026-06-05 10:55:00,GS001,Area Dasar Tambang,1.0,7.0,31.8,75.0
2026-06-05 11:00:00,GS001,Area Dasar Tambang,0.8,5.0,31.5,76.0
2026-06-05 11:05:00,GS001,Area Dasar Tambang,0.378,2.086,31.543,77.594
2026-06-05 11:10:00,GS001,Area Dasar Tambang,0.525,2.861,31.04,77.454
2026-06-05 11:15:00,GS001,Area Dasar Tambang,0.681,4.07,30.226,78.57
2026-06-05 11:20:00,GS001,Area Dasar Tambang,0.922,5.3,32.895,66.735
2026-06-05 11:25:00,GS001,Area Dasar Tambang,1.073,8.328,31.199,70.601
2026-06-05 11:30:00,GS001,Area Dasar Tambang,0.956,7.288,29.079,78.387
2026-06-05 11:35:00,GS001,Area Dasar Tambang,0.898,5.714,30.668,72.908
2026-06-05 11:40:00,GS001,Area Dasar Tambang,0.835,5.146,29.148,74.773
2026-06-05 11:45:00,GS001,Area Dasar Tambang,0.665,4.207,29.515,81.941
2026-06-05 11:50:00,GS001,Area Dasar Tambang,0.599,2.861,30.257,74.531
2026-06-05 11:55:00,GS001,Area Dasar Tambang,0.749,5.019,29.763,69.372
2026-06-05 12:00:00,GS001,Area Dasar Tambang,0.985,6.495,30.552,72.273
2026-06-05 12:05:00,GS001,Area Dasar Tambang,1.158,9.72,31.872,74.726
2026-06-05 12:10:00,GS001,Area Dasar Tambang,1.301,10.712,32.276,70.967
2026-06-05 12:15:00,GS001,Area Dasar Tambang,1.658,12.375,31.831,71.289
2026-06-05 12:20:00,GS001,Area Dasar Tambang,1.812,14.616,32.148,71.32
2026-06-05 12:25:00,GS001,Area Dasar Tambang,1.941,18.349,33.113,70.748
2026-06-05 12:30:00,GS001,Area Dasar Tambang,1.671,14.446,32.094,71.117
2026-06-05 12:35:00,GS001,Area Dasar Tambang,1.506,12.814,30.474,75.248
2026-06-05 12:40:00,GS001,Area Dasar Tambang,1.202,10.087,34.016,75.446
2026-06-05 12:45:00,GS001,Area Dasar Tambang,1.108,7.821,31.839,74.244
2026-06-05 12:50:00,GS001,Area Dasar Tambang,0.869,5.93,31.75,73.668
2026-06-05 12:55:00,GS001,Area Dasar Tambang,0.668,3.782,31.789,78.68
2026-06-05 13:00:00,GS001,Area Dasar Tambang,0.609,3.116,31.209,78.207
2026-06-05 13:05:00,GS001,Area Dasar Tambang,0.512,1.993,30.342,84.908
2026-06-05 13:10:00,GS001,Area Dasar Tambang,0.682,3.893,31.742,77.776
2026-06-05 13:15:00,GS001,Area Dasar Tambang,0.944,7.314,31.381,72.623
2026-06-05 13:20:00,GS001,Area Dasar Tambang,1.362,10.25,30.286,80.332
2026-06-05 13:25:00,GS001,Area Dasar Tambang,1.642,12.995,34.355,74.472
2026-06-05 13:30:00,GS001,Area Dasar Tambang,1.898,15.577,33.461,74.392
2026-06-05 13:35:00,GS001,Area Dasar Tambang,2.201,19.368,33.172,71.799
2026-06-05 13:40:00,GS001,Area Dasar Tambang,2.367,22.587,34.155,63.611
2026-06-05 13:45:00,GS001,Area Dasar Tambang,2.117,17.656,34.727,70.579
2026-06-05 13:50:00,GS001,Area Dasar Tambang,1.847,13.778,32.748,75.152
2026-06-05 13:55:00,GS001,Area Dasar Tambang,1.374,10.399,30.92,74.872
2026-06-05 14:00:00,GS001,Area Dasar Tambang,1.037,7.185,34.238,72.71
2026-06-05 14:05:00,GS001,Area Dasar Tambang,0.745,4.801,32.332,77.514
2026-06-05 14:10:00,GS001,Area Dasar Tambang,0.404,1.91,31.745,74.179
2026-06-05 14:15:00,GS001,Area Dasar Tambang,0.546,3.343,31.454,78.796
2026-06-05 14:20:00,GS001,Area Dasar Tambang,0.68,3.71,30.448,73.634
2026-06-05 14:25:00,GS001,Area Dasar Tambang,0.842,6.413,31.743,77.154
2026-06-05 14:30:00,GS001,Area Dasar Tambang,1.086,7.945,32.819,74.903
2026-06-05 14:35:00,GS001,Area Dasar Tambang,1.021,6.945,31.069,70.779
2026-06-05 14:40:00,GS001,Area Dasar Tambang,0.821,5.937,31.471,72.09
2026-06-05 14:45:00,GS001,Area Dasar Tambang,0.799,5.011,28.601,73.218
2026-06-05 14:50:00,GS001,Area Dasar Tambang,0.716,4.062,29.76,77.488
2026-06-05 14:55:00,GS001,Area Dasar Tambang,0.641,3.093,30.981,75.559
2026-06-05 15:00:00,GS001,Area Dasar Tambang,0.775,5.094,31.544,77.913
2026-06-05 15:05:00,GS001,Area Dasar Tambang,1.005,7.229,31.619,77.354
2026-06-05 15:10:00,GS001,Area Dasar Tambang,1.242,8.71,29.5,78.569
2026-06-05 15:15:00,GS001,Area Dasar Tambang,1.414,10.246,31.086,76.285
2026-06-05 15:20:00,GS001,Area Dasar Tambang,1.582,12.734,34.004,69.942
2026-06-05 15:25:00,GS001,Area Dasar Tambang,1.743,15.127,33.008,73.429
2026-06-05 15:30:00,GS001,Area Dasar Tambang,2.073,18.143,33.442,70.264
2026-06-05 15:35:00,GS001,Area Dasar Tambang,1.704,14.06,32.679,74.225
2026-06-05 15:40:00,GS001,Area Dasar Tambang,1.533,12.021,31.158,73.198
2026-06-05 15:45:00,GS001,Area Dasar Tambang,1.299,10.077,34.824,72.45
2026-06-05 15:50:00,GS001,Area Dasar Tambang,1.119,8.342,31.925,82.014
2026-06-05 15:55:00,GS001,Area Dasar Tambang,0.885,6.078,30.494,74.931
2026-06-05 16:00:00,GS001,Area Dasar Tambang,0.71,4.135,31.7,80.878
2026-06-05 16:05:00,GS001,Area Dasar Tambang,0.596,2.96,34.464,78.214
2026-06-05 16:10:00,GS001,Area Dasar Tambang,0.471,1.944,29.831,80.922
2026-06-05 16:15:00,GS001,Area Dasar Tambang,0.685,4.02,31.121,79.253
2026-06-05 16:20:00,GS001,Area Dasar Tambang,0.966,6.699,31.783,77.827
2026-06-05 16:25:00,GS001,Area Dasar Tambang,1.317,9.676,32.764,72.768
2026-06-05 16:30:00,GS001,Area Dasar Tambang,1.567,12.509,33.981,75.875
2026-06-05 16:35:00,GS001,Area Dasar Tambang,1.946,16.798,36.379,68.009
2026-06-05 16:40:00,GS001,Area Dasar Tambang,2.135,19.507,31.877,68.897
2026-06-05 16:45:00,GS001,Area Dasar Tambang,2.47,22.832,33.848,71.147
2026-06-05 16:50:00,GS001,Area Dasar Tambang,2.14,18.366,33.796,70.925
2026-06-05 16:55:00,GS001,Area Dasar Tambang,1.953,14.131,30.171,70.073
2026-06-05 17:00:00,GS001,Area Dasar Tambang,1.303,10.007,32.043,72.613
2026-06-05 17:05:00,GS001,Area Dasar Tambang,1.08,7.154,32.724,72.207
2026-06-05 17:10:00,GS001,Area Dasar Tambang,0.76,5.007,31.718,70.357
2026-06-05 17:15:00,GS001,Area Dasar Tambang,0.393,2.001,30.535,75.462
2026-06-05 17:20:00,GS001,Area Dasar Tambang,0.478,2.979,31.113,78.863
2026-06-05 17:25:00,GS001,Area Dasar Tambang,0.743,3.953,30.631,78.348
2026-06-05 17:30:00,GS001,Area Dasar Tambang,0.924,5.896,32.393,78.978
2026-06-05 17:35:00,GS001,Area Dasar Tambang,1.157,8.569,30.505,75.042
2026-06-05 17:40:00,GS001,Area Dasar Tambang,1.0,6.973,30.682,70.543
2026-06-05 17:45:00,GS001,Area Dasar Tambang,0.904,5.816,31.508,73.586
2026-06-05 17:50:00,GS001,Area Dasar Tambang,0.756,5.047,31.489,77.761
2026-06-05 17:55:00,GS001,Area Dasar Tambang,0.787,4.044,31.805,73.681
2026-06-05 18:00:00,GS001,Area Dasar Tambang,0.549,3.19,29.951,73.785
2026-06-05 18:05:00,GS001,Area Dasar Tambang,0.798,4.982,30.17,75.073
2026-06-05 18:10:00,GS001,Area Dasar Tambang,1.049,6.774,29.744,77.828
2026-06-05 18:15:00,GS001,Area Dasar Tambang,1.224,8.777,29.787,71.796
2026-06-05 18:20:00,GS001,Area Dasar Tambang,1.397,11.513,30.673,73.75
2026-06-05 18:25:00,GS001,Area Dasar Tambang,1.643,11.762,33.532,69.547
2026-06-05 18:30:00,GS001,Area Dasar Tambang,1.824,15.148,33.91,73.587
2026-06-05 18:35:00,GS001,Area Dasar Tambang,1.81,17.435,32.981,70.446
2026-06-05 18:40:00,GS001,Area Dasar Tambang,1.732,14.442,33.189,71.383
2026-06-05 18:45:00,GS001,Area Dasar Tambang,1.389,11.781,32.736,69.816
2026-06-05 18:50:00,GS001,Area Dasar Tambang,1.333,10.363,32.162,64.931
2026-06-05 18:55:00,GS001,Area Dasar Tambang,1.044,8.604,31.105,69.048
2026-06-05 19:00:00,GS001,Area Dasar Tambang,0.949,6.003,32.892,76.842
2026-06-05 19:05:00,GS001,Area Dasar Tambang,0.718,4.058,32.173,84.014
2026-06-05 19:10:00,GS001,Area Dasar Tambang,0.639,2.81,31.656,80.516
2026-06-05 19:15:00,GS001,Area Dasar Tambang,0.548,1.966,32.445,80.895
2026-06-05 19:20:00,GS001,Area Dasar Tambang,0.803,3.88,30.567,76.057
2026-06-05 19:25:00,GS001,Area Dasar Tambang,0.98,6.751,28.019,74.679
2026-06-05 19:30:00,GS001,Area Dasar Tambang,1.319,9.803,34.37,75.04
2026-06-05 19:35:00,GS001,Area Dasar Tambang,1.683,13.136,33.368,74.827
2026-06-05 19:40:00,GS001,Area Dasar Tambang,2.004,16.036,33.349,74.07
2026-06-05 19:45:00,GS001,Area Dasar Tambang,2.175,20.324,35.949,71.221
2026-06-05 19:50:00,GS001,Area Dasar Tambang,2.542,25.207,34.923,71.033
2026-06-05 19:55:00,GS001,Area Dasar Tambang,1.9,18.372,30.07,76.233
2026-06-05 20:00:00,GS001,Area Dasar Tambang,1.812,14.56,31.424,68.467
2026-06-05 20:05:00,GS001,Area Dasar Tambang,1.415,9.987,31.567,74.251
2026-06-05 20:10:00,GS001,Area Dasar Tambang,1.111,7.234,33.135,77.532
2026-06-05 20:15:00,GS001,Area Dasar Tambang,0.859,4.962,28.911,75.427
2026-06-05 20:20:00,GS001,Area Dasar Tambang,0.432,1.922,30.583,75.842
2026-06-05 20:25:00,GS001,Area Dasar Tambang,0.56,3.09,31.808,78.915
2026-06-05 20:30:00,GS001,Area Dasar Tambang,0.699,4.032,29.721,70.266
2026-06-05 20:35:00,GS001,Area Dasar Tambang,0.906,6.078,32.919,80.777
2026-06-05 20:40:00,GS001,Area Dasar Tambang,1.169,7.681,31.155,76.441
2026-06-05 20:45:00,GS001,Area Dasar Tambang,1.101,7.414,32.91,73.837
2026-06-05 20:50:00,GS001,Area Dasar Tambang,0.865,6.189,30.018,75.275
2026-06-05 20:55:00,GS001,Area Dasar Tambang,0.795,5.319,30.856,68.585
2026-06-05 21:00:00,GS001,Area Dasar Tambang,0.72,3.888,31.253,76.733
2026-06-05 21:05:00,GS001,Area Dasar Tambang,0.589,3.095,29.193,75.408
2026-06-05 21:10:00,GS001,Area Dasar Tambang,0.827,4.877,29.286,78.032
2026-06-05 21:15:00,GS001,Area Dasar Tambang,1.045,6.987,29.029,77.118
2026-06-05 21:20:00,GS001,Area Dasar Tambang,1.12,9.111,30.671,70.567
2026-06-05 21:25:00,GS001,Area Dasar Tambang,1.375,10.919,31.175,75.743
2026-06-05 21:30:00,GS001,Area Dasar Tambang,1.571,13.51,32.562,70.963
2026-06-05 21:35:00,GS001,Area Dasar Tambang,1.738,14.012,32.878,70.979
2026-06-05 21:40:00,GS001,Area Dasar Tambang,1.81,17.614,31.618,75.475
2026-06-05 21:45:00,GS001,Area Dasar Tambang,1.584,13.193,33.839,75.907
2026-06-05 21:50:00,GS001,Area Dasar Tambang,1.455,11.697,32.994,66.205
2026-06-05 21:55:00,GS001,Area Dasar Tambang,1.203,9.888,33.984,72.71
2026-06-05 22:00:00,GS001,Area Dasar Tambang,1.104,8.363,34.48,73.269
2026-06-05 22:05:00,GS001,Area Dasar Tambang,0.899,6.437,29.582,79.124
2026-06-05 22:10:00,GS001,Area Dasar Tambang,0.659,4.016,30.996,74.049
2026-06-05 22:15:00,GS001,Area Dasar Tambang,0.561,3.033,32.338,76.6
2026-06-05 22:20:00,GS001,Area Dasar Tambang,0.503,2.046,29.795,80.308
2026-06-05 22:25:00,GS001,Area Dasar Tambang,0.733,4.417,30.731,75.589
2026-06-05 22:30:00,GS001,Area Dasar Tambang,1.031,7.229,30.826,74.774
2026-06-05 22:35:00,GS001,Area Dasar Tambang,1.328,9.669,31.376,75.269
2026-06-05 22:40:00,GS001,Area Dasar Tambang,1.664,12.686,29.92,68.327
2026-06-05 22:45:00,GS001,Area Dasar Tambang,1.804,15.16,32.498,69.528
2026-06-05 22:50:00,GS001,Area Dasar Tambang,2.138,19.381,32.419,75.809
2026-06-05 22:55:00,GS001,Area Dasar Tambang,2.566,24.015,32.784,69.77
2026-06-05 23:00:00,GS001,Area Dasar Tambang,2.128,18.421,31.802,72.105
2026-06-05 23:05:00,GS001,Area Dasar Tambang,1.654,14.119,33.594,72.182
2026-06-05 23:10:00,GS001,Area Dasar Tambang,1.502,9.648,32.48,73.894
2026-06-05 23:15:00,GS001,Area Dasar Tambang,0.996,6.968,31.936,77.544
2026-06-05 23:20:00,GS001,Area Dasar Tambang,0.855,5.0,32.527,73.867
2026-06-05 23:25:00,GS001,Area Dasar Tambang,0.431,1.939,32.144,84.897
2026-06-05 23:30:00,GS001,Area Dasar Tambang,0.495,2.737,30.32,80.794
2026-06-05 23:35:00,GS001,Area Dasar Tambang,0.722,4.04,32.459,78.492
2026-06-05 23:40:00,GS001,Area Dasar Tambang,0.949,6.221,33.311,77.091
2026-06-05 23:45:00,GS001,Area Dasar Tambang,1.14,7.902,30.84,80.12
2026-06-05 23:50:00,GS001,Area Dasar Tambang,1.009,7.225,31.656,73.24
2026-06-05 23:55:00,GS001,Area Dasar Tambang,0.9,6.345,32.097,70.797
2026-06-06 00:00:00,GS001,Area Dasar Tambang,0.791,5.356,31.032,70.527
2026-06-06 00:05:00,GS001,Area Dasar Tambang,0.776,4.109,31.113,75.856
2026-06-06 00:10:00,GS001,Area Dasar Tambang,0.643,2.935,32.528,78.67
2026-06-06 00:15:00,GS001,Area Dasar Tambang,0.81,5.029,31.081,79.179
2026-06-06 00:20:00,GS001,Area Dasar Tambang,0.965,6.546,32.274,76.894
2026-06-06 00:25:00,GS001,Area Dasar Tambang,1.223,9.147,31.392,76.331
2026-06-06 00:30:00,GS001,Area Dasar Tambang,1.397,10.786,31.601,79.981
2026-06-06 00:35:00,GS001,Area Dasar Tambang,1.489,13.26,30.037,72.684
2026-06-06 00:40:00,GS001,Area Dasar Tambang,1.769,13.749,33.006,70.905
2026-06-06 00:45:00,GS001,Area Dasar Tambang,1.832,18.604,34.683,75.232
2026-06-06 00:50:00,GS001,Area Dasar Tambang,1.724,14.026,34.121,76.845
2026-06-06 00:55:00,GS001,Area Dasar Tambang,1.568,11.548,32.459,74.283
2026-06-06 01:00:00,GS001,Area Dasar Tambang,1.206,10.188,34.909,75.894
2026-06-06 01:05:00,GS001,Area Dasar Tambang,1.165,8.059,31.707,76.144
2026-06-06 01:10:00,GS001,Area Dasar Tambang,0.867,5.769,33.096,80.172
2026-06-06 01:15:00,GS001,Area Dasar Tambang,0.66,4.155,31.191,78.047
2026-06-06 01:20:00,GS001,Area Dasar Tambang,0.618,3.119,31.203,81.343
2026-06-06 01:25:00,GS001,Area Dasar Tambang,0.512,2.05,29.967,84.735
2026-06-06 01:30:00,GS001,Area Dasar Tambang,0.719,4.114,29.193,74.466
2026-06-06 01:35:00,GS001,Area Dasar Tambang,1.05,7.08,29.089,79.156
2026-06-06 01:40:00,GS001,Area Dasar Tambang,1.272,10.565,31.788,75.614
2026-06-06 01:45:00,GS001,Area Dasar Tambang,1.675,12.533,31.017,73.418
2026-06-06 01:50:00,GS001,Area Dasar Tambang,1.963,15.148,30.518,75.405
2026-06-06 01:55:00,GS001,Area Dasar Tambang,2.147,19.686,30.549,70.045
2026-06-06 02:00:00,GS001,Area Dasar Tambang,2.499,24.893,32.37,75.707
2026-06-06 02:05:00,GS001,Area Dasar Tambang,2.042,17.508,35.029,72.609
2026-06-06 02:10:00,GS001,Area Dasar Tambang,1.76,13.913,34.364,77.281
2026-06-06 02:15:00,GS001,Area Dasar Tambang,1.354,9.983,32.316,71.081
2026-06-06 02:20:00,GS001,Area Dasar Tambang,0.998,7.001,33.25,78.622
2026-06-06 02:25:00,GS001,Area Dasar Tambang,0.787,4.957,32.337,74.221
2026-06-06 02:30:00,GS001,Area Dasar Tambang,0.424,1.993,29.606,75.015
2026-06-06 02:35:00,GS001,Area Dasar Tambang,0.558,2.981,33.034,75.418
2026-06-06 02:40:00,GS001,Area Dasar Tambang,0.712,4.383,29.88,71.155
2026-06-06 02:45:00,GS001,Area Dasar Tambang,0.951,5.802,31.374,74.219
2026-06-06 02:50:00,GS001,Area Dasar Tambang,1.112,7.696,31.373,76.349
2026-06-06 02:55:00,GS001,Area Dasar Tambang,0.96,6.804,31.062,70.714
2026-06-06 03:00:00,GS001,Area Dasar Tambang,0.883,6.029,30.898,75.175
2026-06-06 03:05:00,GS001,Area Dasar Tambang,0.799,4.869,32.165,80.365
2026-06-06 03:10:00,GS001,Area Dasar Tambang,0.681,4.078,30.901,78.126
2026-06-06 03:15:00,GS001,Area Dasar Tambang,0.663,3.061,28.894,78.398
2026-06-06 03:20:00,GS001,Area Dasar Tambang,0.849,4.956,32.547,73.902
2026-06-06 03:25:00,GS001,Area Dasar Tambang,0.941,7.04,29.287,74.281
2026-06-06 03:30:00,GS001,Area Dasar Tambang,1.262,8.312,30.172,70.945
2026-06-06 03:35:00,GS001,Area Dasar Tambang,1.396,10.839,33.791,76.825
2026-06-06 03:40:00,GS001,Area Dasar Tambang,1.632,13.076,32.706,70.483
2026-06-06 03:45:00,GS001,Area Dasar Tambang,1.862,14.333,33.586,75.416
2026-06-06 03:50:00,GS001,Area Dasar Tambang,2.017,17.873,33.325,62.873
2026-06-06 03:55:00,GS001,Area Dasar Tambang,1.721,13.937,32.334,74.035
2026-06-06 04:00:00,GS001,Area Dasar Tambang,1.496,11.453,32.018,73.197
2026-06-06 04:05:00,GS001,Area Dasar Tambang,1.306,10.065,33.33,70.785
2026-06-06 04:10:00,GS001,Area Dasar Tambang,1.108,8.413,29.594,75.539
2026-06-06 04:15:00,GS001,Area Dasar Tambang,0.877,5.911,30.36,75.485
2026-06-06 04:20:00,GS001,Area Dasar Tambang,0.774,3.798,29.836,72.99
2026-06-06 04:25:00,GS001,Area Dasar Tambang,0.669,2.945,31.068,75.759
2026-06-06 04:30:00,GS001,Area Dasar Tambang,0.462,1.981,34.048,82.343
2026-06-06 04:35:00,GS001,Area Dasar Tambang,0.666,4.104,30.162,71.529
2026-06-06 04:40:00,GS001,Area Dasar Tambang,1.041,7.325,32.818,74.572
2026-06-06 04:45:00,GS001,Area Dasar Tambang,1.291,10.3,32.4,73.819
2026-06-06 04:50:00,GS001,Area Dasar Tambang,1.496,13.059,33.694,70.455
2026-06-06 04:55:00,GS001,Area Dasar Tambang,1.949,16.212,33.681,75.546
2026-06-06 05:00:00,GS001,Area Dasar Tambang,2.139,18.706,32.296,74.561
2026-06-06 05:05:00,GS001,Area Dasar Tambang,2.446,23.334,30.967,75.978
2026-06-06 05:10:00,GS001,Area Dasar Tambang,2.169,18.554,34.277,73.661
2026-06-06 05:15:00,GS001,Area Dasar Tambang,1.782,13.908,32.042,80.693
2026-06-06 05:20:00,GS001,Area Dasar Tambang,1.431,9.814,32.8,71.008
2026-06-06 05:25:00,GS001,Area Dasar Tambang,1.06,6.815,32.437,78.198
2026-06-06 05:30:00,GS001,Area Dasar Tambang,0.815,5.019,31.514,75.828
2026-06-06 05:35:00,GS001,Area Dasar Tambang,0.377,1.964,32.623,77.661
2026-06-06 05:40:00,GS001,Area Dasar Tambang,0.469,2.938,32.364,79.081
2026-06-06 05:45:00,GS001,Area Dasar Tambang,0.722,3.959,31.916,75.018
2026-06-06 05:50:00,GS001,Area Dasar Tambang,0.89,6.233,32.498,73.015
2026-06-06 05:55:00,GS001,Area Dasar Tambang,1.062,8.035,33.782,69.253
2026-06-06 06:00:00,GS001,Area Dasar Tambang,1.011,6.615,30.701,73.907
2026-06-06 06:05:00,GS001,Area Dasar Tambang,0.883,5.872,31.409,74.373
2026-06-06 06:10:00,GS001,Area Dasar Tambang,0.742,5.156,32.243,78.563
2026-06-06 06:15:00,GS001,Area Dasar Tambang,0.638,4.048,32.044,73.824
2026-06-06 06:20:00,GS001,Area Dasar Tambang,0.6,2.986,33.392,82.927
2026-06-06 06:25:00,GS001,Area Dasar Tambang,0.733,5.499,30.154,78.981
2026-06-06 06:30:00,GS001,Area Dasar Tambang,1.039,6.721,32.122,74.677
2026-06-06 06:35:00,GS001,Area Dasar Tambang,1.227,9.083,33.322,74.223
2026-06-06 06:40:00,GS001,Area Dasar Tambang,1.391,11.482,32.743,76.166
2026-06-06 06:45:00,GS001,Area Dasar Tambang,1.557,12.456,31.469,71.187
2026-06-06 06:50:00,GS001,Area Dasar Tambang,1.857,15.586,32.298,76.121
2026-06-06 06:55:00,GS001,Area Dasar Tambang,2.109,18.175,31.722,75.474
2026-06-06 07:00:00,GS001,Area Dasar Tambang,1.696,14.071,31.96,69.437
2026-06-06 07:05:00,GS001,Area Dasar Tambang,1.412,12.304,31.191,81.934
2026-06-06 07:10:00,GS001,Area Dasar Tambang,1.244,9.497,32.653,78.527
2026-06-06 07:15:00,GS001,Area Dasar Tambang,1.103,8.183,29.455,72.967
2026-06-06 07:20:00,GS001,Area Dasar Tambang,0.857,5.545,31.647,69.182
2026-06-06 07:25:00,GS001,Area Dasar Tambang,0.647,3.914,30.259,78.221
2026-06-06 07:30:00,GS001,Area Dasar Tambang,0.612,3.107,32.036,80.514
2026-06-06 07:35:00,GS001,Area Dasar Tambang,0.5,2.024,31.634,78.442
2026-06-06 07:40:00,GS001,Area Dasar Tambang,0.684,3.947,30.18,78.299
2026-06-06 07:45:00,GS001,Area Dasar Tambang,0.996,6.814,30.666,72.32
2026-06-06 07:50:00,GS001,Area Dasar Tambang,1.351,10.031,30.799,77.426
2026-06-06 07:55:00,GS001,Area Dasar Tambang,1.564,12.269,33.619,72.41
2026-06-06 08:00:00,GS001,Area Dasar Tambang,1.869,16.026,34.195,73.059
2026-06-06 08:05:00,GS001,Area Dasar Tambang,2.094,20.435,32.36,77.437
2026-06-06 08:10:00,GS001,Area Dasar Tambang,2.5,21.854,33.877,76.523
2026-06-06 08:15:00,GS001,Area Dasar Tambang,2.232,19.318,31.654,74.627
2026-06-06 08:20:00,GS001,Area Dasar Tambang,1.748,14.126,30.94,71.118
2026-06-06 08:25:00,GS001,Area Dasar Tambang,1.362,10.359,33.231,74.819
2026-06-06 08:30:00,GS001,Area Dasar Tambang,0.946,6.913,30.851,77.609
2026-06-06 08:35:00,GS001,Area Dasar Tambang,0.847,5.211,30.548,67.672
2026-06-06 08:40:00,GS001,Area Dasar Tambang,0.329,2.114,30.306,75.658
2026-06-06 08:45:00,GS001,Area Dasar Tambang,0.566,3.152,31.03,76.096
2026-06-06 08:50:00,GS001,Area Dasar Tambang,0.695,4.036,33.197,78.301
2026-06-06 08:55:00,GS001,Area Dasar Tambang,0.929,6.281,29.931,78.295
2026-06-06 09:00:00,GS001,Area Dasar Tambang,1.087,7.195,28.91,71.946
2026-06-06 09:05:00,GS001,Area Dasar Tambang,1.021,7.032,31.732,80.853
2026-06-06 09:10:00,GS001,Area Dasar Tambang,0.849,5.993,31.782,73.762
2026-06-06 09:15:00,GS001,Area Dasar Tambang,0.801,4.68,33.065,73.928
2026-06-06 09:20:00,GS001,Area Dasar Tambang,0.781,3.995,32.483,76.836
2026-06-06 09:25:00,GS001,Area Dasar Tambang,0.599,2.93,31.248,77.979
2026-06-06 09:30:00,GS001,Area Dasar Tambang,0.769,4.975,30.536,82.991
2026-06-06 09:35:00,GS001,Area Dasar Tambang,0.996,7.433,31.254,75.778
2026-06-06 09:40:00,GS001,Area Dasar Tambang,1.137,8.839,32.068,78.695
2026-06-06 09:45:00,GS001,Area Dasar Tambang,1.412,11.609,32.82,78.817
2026-06-06 09:50:00,GS001,Area Dasar Tambang,1.596,14.243,31.575,70.762
2026-06-06 09:55:00,GS001,Area Dasar Tambang,1.713,16.399,33.565,71.038
2026-06-06 10:00:00,GS001,Area Dasar Tambang,2.1,18.495,35.38,66.604
2026-06-06 10:05:00,GS001,Area Dasar Tambang,1.682,13.741,29.842,75.054
2026-06-06 10:10:00,GS001,Area Dasar Tambang,1.484,12.355,35.239,71.969
2026-06-06 10:15:00,GS001,Area Dasar Tambang,1.278,10.047,33.264,72.323
2026-06-06 10:20:00,GS001,Area Dasar Tambang,1.072,8.338,32.282,68.866
2026-06-06 10:25:00,GS001,Area Dasar Tambang,0.851,6.36,32.006,73.683
2026-06-06 10:30:00,GS001,Area Dasar Tambang,0.693,4.002,32.221,72.817
2026-06-06 10:35:00,GS001,Area Dasar Tambang,0.566,3.033,30.976,78.761
2026-06-06 10:40:00,GS001,Area Dasar Tambang,0.451,2.029,32.354,79.519
2026-06-06 10:45:00,GS001,Area Dasar Tambang,0.706,3.985,30.158,76.778
2026-06-06 10:50:00,GS001,Area Dasar Tambang,1.05,6.967,30.379,74.504
2026-06-06 10:55:00,GS001,Area Dasar Tambang,1.31,9.851,32.519,76.569
2026-06-06 11:00:00,GS001,Area Dasar Tambang,1.657,13.74,33.587,71.235
2026-06-06 11:05:00,GS001,Area Dasar Tambang,1.831,15.952,32.11,69.676
2026-06-06 11:10:00,GS001,Area Dasar Tambang,2.161,19.62,32.113,71.091
2026-06-06 11:15:00,GS001,Area Dasar Tambang,2.618,24.191,36.702,71.484
2026-06-06 11:20:00,GS001,Area Dasar Tambang,2.076,18.003,33.339,73.254
2026-06-06 11:25:00,GS001,Area Dasar Tambang,1.95,13.527,33.72,73.607
2026-06-06 11:30:00,GS001,Area Dasar Tambang,1.312,10.308,33.833,71.463
2026-06-06 11:35:00,GS001,Area Dasar Tambang,1.0,6.517,30.199,78.144
2026-06-06 11:40:00,GS001,Area Dasar Tambang,0.781,4.778,31.789,74.412
2026-06-06 11:45:00,GS001,Area Dasar Tambang,0.381,2.059,29.369,75.175
2026-06-06 11:50:00,GS001,Area Dasar Tambang,0.506,3.116,32.535,74.952
2026-06-06 11:55:00,GS001,Area Dasar Tambang,0.737,3.875,33.479,73.508
2026-06-06 12:00:00,GS001,Area Dasar Tambang,0.953,5.842,33.929,77.798
2026-06-06 12:05:00,GS001,Area Dasar Tambang,1.055,7.833,32.587,78.158
2026-06-06 12:10:00,GS001,Area Dasar Tambang,0.997,7.013,32.456,75.395
2026-06-06 12:15:00,GS001,Area Dasar Tambang,0.848,5.805,31.695,79.695
2026-06-06 12:20:00,GS001,Area Dasar Tambang,0.865,5.156,31.66,78.276
2026-06-06 12:25:00,GS001,Area Dasar Tambang,0.673,3.975,30.171,73.154
2026-06-06 12:30:00,GS001,Area Dasar Tambang,0.613,3.022,31.955,78.682
2026-06-06 12:35:00,GS001,Area Dasar Tambang,0.81,5.111,31.247,77.255
2026-06-06 12:40:00,GS001,Area Dasar Tambang,0.971,7.104,32.342,72.991
2026-06-06 12:45:00,GS001,Area Dasar Tambang,1.202,8.776,31.13,70.67
2026-06-06 12:50:00,GS001,Area Dasar Tambang,1.471,11.469,32.688,79.838
2026-06-06 12:55:00,GS001,Area Dasar Tambang,1.588,14.577,31.907,73.745
2026-06-06 13:00:00,GS001,Area Dasar Tambang,1.771,15.223,33.586,71.672
2026-06-06 13:05:00,GS001,Area Dasar Tambang,2.142,18.172,33.155,68.418
2026-06-06 13:10:00,GS001,Area Dasar Tambang,1.728,13.925,31.612,69.764
2026-06-06 13:15:00,GS001,Area Dasar Tambang,1.66,11.874,30.323,70.961
2026-06-06 13:20:00,GS001,Area Dasar Tambang,1.297,10.219,32.71,76.003
2026-06-06 13:25:00,GS001,Area Dasar Tambang,1.072,8.109,30.686,73.141
2026-06-06 13:30:00,GS001,Area Dasar Tambang,0.863,5.715,32.841,78.093
2026-06-06 13:35:00,GS001,Area Dasar Tambang,0.739,4.006,32.273,71.575
2026-06-06 13:40:00,GS001,Area Dasar Tambang,0.635,3.021,31.88,78.17
2026-06-06 13:45:00,GS001,Area Dasar Tambang,0.461,1.88,30.117,79.763
2026-06-06 13:50:00,GS001,Area Dasar Tambang,0.728,3.781,29.976,74.772
2026-06-06 13:55:00,GS001,Area Dasar Tambang,0.986,6.619,29.708,73.502
2026-06-06 14:00:00,GS001,Area Dasar Tambang,1.304,9.528,31.752,78.176
2026-06-06 14:05:00,GS001,Area Dasar Tambang,1.517,12.893,33.624,72.762
2026-06-06 14:10:00,GS001,Area Dasar Tambang,1.856,16.745,32.299,76.225
2026-06-06 14:15:00,GS001,Area Dasar Tambang,2.238,19.726,33.633,72.923
2026-06-06 14:20:00,GS001,Area Dasar Tambang,2.602,23.474,33.455,70.825
2026-06-06 14:25:00,GS001,Area Dasar Tambang,2.159,17.262,34.342,73.343
2026-06-06 14:30:00,GS001,Area Dasar Tambang,1.705,14.677,35.513,75.925
2026-06-06 14:35:00,GS001,Area Dasar Tambang,1.48,10.034,30.06,68.541
2026-06-06 14:40:00,GS001,Area Dasar Tambang,1.01,6.834,30.637,74.812
2026-06-06 14:45:00,GS001,Area Dasar Tambang,0.825,4.709,30.934,80.59
2026-06-06 14:50:00,GS001,Area Dasar Tambang,0.357,2.07,30.203,79.703
2026-06-06 14:55:00,GS001,Area Dasar Tambang,0.544,3.089,32.127,73.453
2026-06-06 15:00:00,GS001,Area Dasar Tambang,0.745,3.864,31.524,77.795
2026-06-06 15:05:00,GS001,Area Dasar Tambang,0.919,6.081,30.34,71.896
2026-06-06 15:10:00,GS001,Area Dasar Tambang,1.138,8.059,33.053,74.866
2026-06-06 15:15:00,GS001,Area Dasar Tambang,0.944,7.271,31.033,76.026
2026-06-06 15:20:00,GS001,Area Dasar Tambang,0.874,6.395,30.299,74.974
2026-06-06 15:25:00,GS001,Area Dasar Tambang,0.804,4.782,31.714,80.9
2026-06-06 15:30:00,GS001,Area Dasar Tambang,0.68,4.063,27.769,76.88
2026-06-06 15:35:00,GS001,Area Dasar Tambang,0.587,2.902,32.445,75.995
2026-06-06 15:40:00,GS001,Area Dasar Tambang,0.793,4.925,28.9,72.559
2026-06-06 15:45:00,GS001,Area Dasar Tambang,1.038,6.409,30.534,73.801
2026-06-06 15:50:00,GS001,Area Dasar Tambang,1.284,9.277,31.091,77.861
2026-06-06 15:55:00,GS001,Area Dasar Tambang,1.359,11.444,30.261,77.177
2026-06-06 16:00:00,GS001,Area Dasar Tambang,1.574,12.465,31.92,73.81
2026-06-06 16:05:00,GS001,Area Dasar Tambang,1.764,15.332,31.742,73.787
2026-06-06 16:10:00,GS001,Area Dasar Tambang,2.035,17.956,32.221,71.43
2026-06-06 16:15:00,GS001,Area Dasar Tambang,1.737,15.155,33.617,74.811
2026-06-06 16:20:00,GS001,Area Dasar Tambang,1.685,12.248,32.824,75.056
2026-06-06 16:25:00,GS001,Area Dasar Tambang,1.248,9.822,31.352,75.917
2026-06-06 16:30:00,GS001,Area Dasar Tambang,1.092,8.044,33.183,77.589
2026-06-06 16:35:00,GS001,Area Dasar Tambang,0.894,5.839,32.93,78.353
2026-06-06 16:40:00,GS001,Area Dasar Tambang,0.636,3.95,31.507,79.399
2026-06-06 16:45:00,GS001,Area Dasar Tambang,0.636,3.034,31.828,77.198
2026-06-06 16:50:00,GS001,Area Dasar Tambang,0.473,1.979,31.024,77.892
2026-06-06 16:55:00,GS001,Area Dasar Tambang,0.625,3.936,31.27,76.133
2026-06-06 17:00:00,GS001,Area Dasar Tambang,0.99,7.137,30.141,71.051
2026-06-06 17:05:00,GS001,Area Dasar Tambang,1.282,10.306,34.053,77.346
2026-06-06 17:10:00,GS001,Area Dasar Tambang,1.506,12.879,32.632,74.526
2026-06-06 17:15:00,GS001,Area Dasar Tambang,1.941,15.413,32.785,74.227
2026-06-06 17:20:00,GS001,Area Dasar Tambang,2.273,19.355,32.544,64.213
2026-06-06 17:25:00,GS001,Area Dasar Tambang,2.438,23.497,32.038,71.47
2026-06-06 17:30:00,GS001,Area Dasar Tambang,2.095,16.373,33.284,69.326
2026-06-06 17:35:00,GS001,Area Dasar Tambang,1.835,13.282,32.639,72.173
2026-06-06 17:40:00,GS001,Area Dasar Tambang,1.417,10.05,31.871,69.453
2026-06-06 17:45:00,GS001,Area Dasar Tambang,0.941,6.837,31.789,73.175
2026-06-06 17:50:00,GS001,Area Dasar Tambang,0.825,4.944,30.284,75.155
2026-06-06 17:55:00,GS001,Area Dasar Tambang,0.409,2.026,33.114,75.913
2026-06-06 18:00:00,GS001,Area Dasar Tambang,0.497,3.051,30.971,75.458
2026-06-06 18:05:00,GS001,Area Dasar Tambang,0.638,3.918,29.86,71.682
2026-06-06 18:10:00,GS001,Area Dasar Tambang,0.868,5.749,32.133,77.827
2026-06-06 18:15:00,GS001,Area Dasar Tambang,1.06,7.917,29.251,73.517
2026-06-06 18:20:00,GS001,Area Dasar Tambang,1.016,7.231,30.602,78.156
2026-06-06 18:25:00,GS001,Area Dasar Tambang,0.839,5.701,32.291,81.08
2026-06-06 18:30:00,GS001,Area Dasar Tambang,0.82,4.992,28.552,69.852
2026-06-06 18:35:00,GS001,Area Dasar Tambang,0.705,3.943,29.82,77.202
2026-06-06 18:40:00,GS001,Area Dasar Tambang,0.605,3.113,31.27,80.783
2026-06-06 18:45:00,GS001,Area Dasar Tambang,0.8,4.977,32.633,73.026
2026-06-06 18:50:00,GS001,Area Dasar Tambang,1.113,7.105,31.98,76.575
2026-06-06 18:55:00,GS001,Area Dasar Tambang,1.29,9.285,29.758,78.154
2026-06-06 19:00:00,GS001,Area Dasar Tambang,1.381,11.047,30.363,75.558
2026-06-06 19:05:00,GS001,Area Dasar Tambang,1.558,13.052,31.834,78.621
2026-06-06 19:10:00,GS001,Area Dasar Tambang,1.943,15.028,32.583,70.924
2026-06-06 19:15:00,GS001,Area Dasar Tambang,2.088,17.763,32.247,73.779
2026-06-06 19:20:00,GS001,Area Dasar Tambang,1.663,13.979,30.351,74.028
2026-06-06 19:25:00,GS001,Area Dasar Tambang,1.616,12.346,34.083,70.529
2026-06-06 19:30:00,GS001,Area Dasar Tambang,1.312,9.623,31.708,76.286
2026-06-06 19:35:00,GS001,Area Dasar Tambang,1.104,7.548,30.127,70.857
2026-06-06 19:40:00,GS001,Area Dasar Tambang,0.92,6.495,33.217,70.236
2026-06-06 19:45:00,GS001,Area Dasar Tambang,0.757,4.15,29.365,76.066
2026-06-06 19:50:00,GS001,Area Dasar Tambang,0.644,3.066,29.471,78.881
2026-06-06 19:55:00,GS001,Area Dasar Tambang,0.414,1.982,32.411,78.057
2026-06-06 20:00:00,GS001,Area Dasar Tambang,0.68,4.142,32.416,81.035
2026-06-06 20:05:00,GS001,Area Dasar Tambang,1.035,7.303,32.423,76.807
2026-06-06 20:10:00,GS001,Area Dasar Tambang,1.305,9.905,30.353,72.134
2026-06-06 20:15:00,GS001,Area Dasar Tambang,1.582,13.126,34.162,73.876
2026-06-06 20:20:00,GS001,Area Dasar Tambang,1.976,16.691,32.397,74.736
2026-06-06 20:25:00,GS001,Area Dasar Tambang,2.179,21.058,33.839,68.571
2026-06-06 20:30:00,GS001,Area Dasar Tambang,2.516,25.582,33.158,72.272
2026-06-06 20:35:00,GS001,Area Dasar Tambang,2.146,17.254,33.674,67.986
2026-06-06 20:40:00,GS001,Area Dasar Tambang,1.755,14.602,33.065,72.111
2026-06-06 20:45:00,GS001,Area Dasar Tambang,1.425,9.976,32.216,75.944
2026-06-06 20:50:00,GS001,Area Dasar Tambang,0.971,7.011,31.403,70.243
2026-06-06 20:55:00,GS001,Area Dasar Tambang,0.763,5.314,31.985,71.976
2026-06-06 21:00:00,GS001,Area Dasar Tambang,0.338,1.991,32.723,77.417
2026-06-06 21:05:00,GS001,Area Dasar Tambang,0.552,3.042,31.584,72.886
2026-06-06 21:10:00,GS001,Area Dasar Tambang,0.738,3.946,32.277,74.492
2026-06-06 21:15:00,GS001,Area Dasar Tambang,0.907,6.084,31.207,77.23
2026-06-06 21:20:00,GS001,Area Dasar Tambang,1.088,7.792,33.629,78.147
2026-06-06 21:25:00,GS001,Area Dasar Tambang,0.97,7.159,30.564,71.446
2026-06-06 21:30:00,GS001,Area Dasar Tambang,0.941,5.591,32.564,75.232
2026-06-06 21:35:00,GS001,Area Dasar Tambang,0.792,5.082,32.028,73.488
2026-06-06 21:40:00,GS001,Area Dasar Tambang,0.729,4.018,29.632,76.477
2026-06-06 21:45:00,GS001,Area Dasar Tambang,0.655,3.201,31.992,73.334
2026-06-06 21:50:00,GS001,Area Dasar Tambang,0.82,5.17,32.209,78.386
2026-06-06 21:55:00,GS001,Area Dasar Tambang,1.015,6.98,30.733,69.306
2026-06-06 22:00:00,GS001,Area Dasar Tambang,1.216,9.067,32.509,70.041
2026-06-06 22:05:00,GS001,Area Dasar Tambang,1.436,11.904,32.1,73.817
2026-06-06 22:10:00,GS001,Area Dasar Tambang,1.62,14.057,30.882,73.593
2026-06-06 22:15:00,GS001,Area Dasar Tambang,1.742,14.672,32.436,75.88
2026-06-06 22:20:00,GS001,Area Dasar Tambang,2.144,18.323,32.306,78.079
2026-06-06 22:25:00,GS001,Area Dasar Tambang,1.671,13.68,30.1,76.021
2026-06-06 22:30:00,GS001,Area Dasar Tambang,1.558,13.161,30.41,77.258
2026-06-06 22:35:00,GS001,Area Dasar Tambang,1.304,10.322,29.891,78.346
2026-06-06 22:40:00,GS001,Area Dasar Tambang,1.135,7.988,32.621,72.704
2026-06-06 22:45:00,GS001,Area Dasar Tambang,0.877,5.889,29.166,78.62
2026-06-06 22:50:00,GS001,Area Dasar Tambang,0.748,3.888,31.736,76.182
2026-06-06 22:55:00,GS001,Area Dasar Tambang,0.613,2.925,30.001,80.24
2026-06-06 23:00:00,GS001,Area Dasar Tambang,0.497,2.162,31.057,75.111
2026-06-06 23:05:00,GS001,Area Dasar Tambang,0.749,4.101,32.107,80.667
2026-06-06 23:10:00,GS001,Area Dasar Tambang,0.974,6.964,31.284,72.076
2026-06-06 23:15:00,GS001,Area Dasar Tambang,1.286,10.535,32.203,70.962
2026-06-06 23:20:00,GS001,Area Dasar Tambang,1.5,13.866,32.183,72.084
2026-06-06 23:25:00,GS001,Area Dasar Tambang,1.879,15.055,34.561,71.852
2026-06-06 23:30:00,GS001,Area Dasar Tambang,2.32,20.041,34.887,72.739
2026-06-06 23:35:00,GS001,Area Dasar Tambang,2.585,24.69,34.233,71.988
2026-06-06 23:40:00,GS001,Area Dasar Tambang,2.08,19.379,31.803,72.012
2026-06-06 23:45:00,GS001,Area Dasar Tambang,1.801,14.225,32.04,73.919
2026-06-06 23:50:00,GS001,Area Dasar Tambang,1.391,9.367,32.212,70.742
2026-06-06 23:55:00,GS001,Area Dasar Tambang,0.931,7.038,32.421,76.58
2026-06-07 00:00:00,GS001,Area Dasar Tambang,0.823,4.613,29.785,82.0
2026-06-07 00:05:00,GS001,Area Dasar Tambang,0.358,2.049,29.954,78.249
2026-06-07 00:10:00,GS001,Area Dasar Tambang,0.475,3.067,31.17,75.619
2026-06-07 00:15:00,GS001,Area Dasar Tambang,0.658,4.043,29.687,78.317
2026-06-07 00:20:00,GS001,Area Dasar Tambang,1.005,6.324,32.302,75.74
2026-06-07 00:25:00,GS001,Area Dasar Tambang,1.015,7.577,33.221,72.631
2026-06-07 00:30:00,GS001,Area Dasar Tambang,0.972,6.954,30.162,71.32
2026-06-07 00:35:00,GS001,Area Dasar Tambang,0.898,5.786,30.469,73.625
2026-06-07 00:40:00,GS001,Area Dasar Tambang,0.821,4.954,31.076,77.815
2026-06-07 00:45:00,GS001,Area Dasar Tambang,0.694,3.955,31.787,79.058
2026-06-07 00:50:00,GS001,Area Dasar Tambang,0.594,3.01,30.127,74.349
2026-06-07 00:55:00,GS001,Area Dasar Tambang,0.831,5.089,31.87,76.854
2026-06-07 01:00:00,GS001,Area Dasar Tambang,1.002,7.195,32.678,77.734
2026-06-07 01:05:00,GS001,Area Dasar Tambang,1.195,9.499,32.091,75.872
2026-06-07 01:10:00,GS001,Area Dasar Tambang,1.416,11.109,31.058,76.076
2026-06-07 01:15:00,GS001,Area Dasar Tambang,1.782,12.805,32.291,71.697
2026-06-07 01:20:00,GS001,Area Dasar Tambang,1.765,15.927,31.625,70.635
2026-06-07 01:25:00,GS001,Area Dasar Tambang,1.873,17.455,30.559,72.794
2026-06-07 01:30:00,GS001,Area Dasar Tambang,1.89,13.795,30.24,74.592
2026-06-07 01:35:00,GS001,Area Dasar Tambang,1.456,12.624,31.837,71.155
2026-06-07 01:40:00,GS001,Area Dasar Tambang,0.434,1.916,30.471,79.077
2026-06-07 01:45:00,GS001,Area Dasar Tambang,0.565,2.999,30.699,77.843
2026-06-07 01:50:00,GS001,Area Dasar Tambang,0.617,3.808,30.732,74.804
2026-06-07 01:55:00,GS001,Area Dasar Tambang,0.836,6.206,31.726,76.426
2026-06-07 02:00:00,GS001,Area Dasar Tambang,1.069,8.025,32.25,74.205
2026-06-07 02:05:00,GS001,Area Dasar Tambang,1.018,6.777,31.623,78.427
2026-06-07 02:10:00,GS001,Area Dasar Tambang,0.949,6.319,31.759,76.096
2026-06-07 02:15:00,GS001,Area Dasar Tambang,0.782,4.639,29.616,75.489
2026-06-07 02:20:00,GS001,Area Dasar Tambang,0.696,4.226,32.841,74.886
2026-06-07 02:25:00,GS001,Area Dasar Tambang,0.633,2.943,31.949,79.483
2026-06-07 02:30:00,GS001,Area Dasar Tambang,0.85,4.901,32.57,70.307
2026-06-07 02:35:00,GS001,Area Dasar Tambang,1.052,6.993,31.495,68.888
2026-06-07 02:40:00,GS001,Area Dasar Tambang,1.181,9.488,31.257,76.112
2026-06-07 02:45:00,GS001,Area Dasar Tambang,1.402,11.468,32.245,71.242
2026-06-07 02:50:00,GS001,Area Dasar Tambang,1.604,13.833,32.841,72.66
2026-06-07 02:55:00,GS001,Area Dasar Tambang,1.962,15.696,33.562,72.914
2026-06-07 03:00:00,GS001,Area Dasar Tambang,2.058,18.549,29.936,72.122
2026-06-07 03:05:00,GS001,Area Dasar Tambang,1.689,13.72,32.147,67.519
2026-06-07 03:10:00,GS001,Area Dasar Tambang,1.392,12.598,32.795,65.954
2026-06-07 03:15:00,GS001,Area Dasar Tambang,1.27,10.352,31.642,77.685
2026-06-07 03:20:00,GS001,Area Dasar Tambang,1.146,7.566,31.618,73.656
2026-06-07 03:25:00,GS001,Area Dasar Tambang,0.844,5.651,30.484,74.052
2026-06-07 03:30:00,GS001,Area Dasar Tambang,0.711,4.167,31.943,79.311
2026-06-07 03:35:00,GS001,Area Dasar Tambang,0.589,3.072,30.915,75.64
2026-06-07 03:40:00,GS001,Area Dasar Tambang,0.576,1.814,28.677,79.194
2026-06-07 03:45:00,GS001,Area Dasar Tambang,0.689,3.77,29.884,74.153
2026-06-07 03:50:00,GS001,Area Dasar Tambang,1.036,7.339,33.566,71.169
2026-06-07 03:55:00,GS001,Area Dasar Tambang,1.229,9.426,33.545,76.252
2026-06-07 04:00:00,GS001,Area Dasar Tambang,1.605,13.119,32.227,70.681
2026-06-07 04:05:00,GS001,Area Dasar Tambang,1.939,15.881,31.13,74.677
2026-06-07 04:10:00,GS001,Area Dasar Tambang,2.163,20.182,32.835,74.567
2026-06-07 04:15:00,GS001,Area Dasar Tambang,2.522,23.152,33.83,72.007
2026-06-07 04:20:00,GS001,Area Dasar Tambang,2.143,18.746,32.187,73.924
2026-06-07 04:25:00,GS001,Area Dasar Tambang,1.676,13.933,32.242,77.228
2026-06-07 04:30:00,GS001,Area Dasar Tambang,1.391,10.243,29.931,72.959
2026-06-07 04:35:00,GS001,Area Dasar Tambang,0.966,7.693,30.952,75.22
2026-06-07 04:40:00,GS001,Area Dasar Tambang,0.805,4.682,30.837,77.23
2026-06-07 04:45:00,GS001,Area Dasar Tambang,0.381,1.894,30.828,80.762
2026-06-07 04:50:00,GS001,Area Dasar Tambang,0.549,3.0,29.816,81.423
2026-06-07 04:55:00,GS001,Area Dasar Tambang,0.679,4.329,30.23,72.135
2026-06-07 05:00:00,GS001,Area Dasar Tambang,0.956,5.206,32.4,62.856
2026-06-07 05:05:00,GS001,Area Dasar Tambang,1.143,8.154,33.165,69.383
2026-06-07 05:10:00,GS001,Area Dasar Tambang,0.919,7.673,28.994,78.188
2026-06-07 05:15:00,GS001,Area Dasar Tambang,0.847,5.609,31.194,69.119
2026-06-07 05:20:00,GS001,Area Dasar Tambang,0.813,5.059,29.225,79.198
2026-06-07 05:25:00,GS001,Area Dasar Tambang,0.653,4.091,32.757,80.521
2026-06-07 05:30:00,GS001,Area Dasar Tambang,0.591,2.82,29.922,74.763
2026-06-07 05:35:00,GS001,Area Dasar Tambang,0.786,5.1,31.045,72.269
2026-06-07 05:40:00,GS001,Area Dasar Tambang,0.993,6.593,31.907,69.061
2026-06-07 05:45:00,GS001,Area Dasar Tambang,1.274,9.521,31.425,71.104
2026-06-07 05:50:00,GS001,Area Dasar Tambang,1.239,11.129,35.207,69.357
2026-06-07 05:55:00,GS001,Area Dasar Tambang,1.681,12.484,33.105,77.616
2026-06-07 06:00:00,GS001,Area Dasar Tambang,1.922,14.476,32.828,73.112
2026-06-07 06:05:00,GS001,Area Dasar Tambang,1.939,17.545,32.055,73.997
2026-06-07 06:10:00,GS001,Area Dasar Tambang,1.755,14.326,32.429,74.523
2026-06-07 06:15:00,GS001,Area Dasar Tambang,1.403,12.585,32.934,76.149
2026-06-07 06:20:00,GS001,Area Dasar Tambang,1.148,10.134,35.406,67.761
2026-06-07 06:25:00,GS001,Area Dasar Tambang,1.116,7.704,29.748,74.487
2026-06-07 06:30:00,GS001,Area Dasar Tambang,0.864,5.924,31.308,70.658
2026-06-07 06:35:00,GS001,Area Dasar Tambang,0.61,3.678,32.882,79.414
2026-06-07 06:40:00,GS001,Area Dasar Tambang,0.606,2.986,30.742,80.513
2026-06-07 06:45:00,GS001,Area Dasar Tambang,0.532,1.955,27.173,82.616
2026-06-07 06:50:00,GS001,Area Dasar Tambang,0.663,3.752,31.217,80.316
2026-06-07 06:55:00,GS001,Area Dasar Tambang,0.943,7.604,29.488,71.737
2026-06-07 07:00:00,GS001,Area Dasar Tambang,1.256,10.075,29.019,84.449
2026-06-07 07:05:00,GS001,Area Dasar Tambang,1.669,13.523,33.765,71.434
2026-06-07 07:10:00,GS001,Area Dasar Tambang,1.818,15.742,35.884,75.619
2026-06-07 07:15:00,GS001,Area Dasar Tambang,2.168,19.222,33.13,77.619
2026-06-07 07:20:00,GS001,Area Dasar Tambang,2.484,22.822,34.305,64.373
2026-06-07 07:25:00,GS001,Area Dasar Tambang,2.159,17.364,33.555,73.493
2026-06-07 07:30:00,GS001,Area Dasar Tambang,1.849,14.301,34.904,76.717
2026-06-07 07:35:00,GS001,Area Dasar Tambang,1.394,11.73,31.176,71.606
2026-06-07 07:40:00,GS001,Area Dasar Tambang,1.025,7.631,32.466,70.522
2026-06-07 07:45:00,GS001,Area Dasar Tambang,0.789,4.749,32.189,80.842
2026-06-07 07:50:00,GS001,Area Dasar Tambang,0.375,1.798,29.981,75.905
2026-06-07 07:55:00,GS001,Area Dasar Tambang,0.556,3.25,29.996,77.943
2026-06-07 08:00:00,GS001,Area Dasar Tambang,0.725,3.586,29.641,70.127
2026-06-07 08:05:00,GS001,Area Dasar Tambang,0.827,6.5,34.429,77.826
2026-06-07 08:10:00,GS001,Area Dasar Tambang,1.084,8.219,33.733,73.172
2026-06-07 08:15:00,GS001,Area Dasar Tambang,1.115,6.938,31.363,72.34
2026-06-07 08:20:00,GS001,Area Dasar Tambang,0.835,6.299,30.728,74.349
2026-06-07 08:25:00,GS001,Area Dasar Tambang,0.806,5.208,28.355,72.192
2026-06-07 08:30:00,GS001,Area Dasar Tambang,0.745,4.12,28.784,81.659
2026-06-07 08:35:00,GS001,Area Dasar Tambang,0.67,3.084,30.401,76.66
2026-06-07 08:40:00,GS001,Area Dasar Tambang,0.801,4.769,32.018,79.947
2026-06-07 08:45:00,GS001,Area Dasar Tambang,0.91,7.286,32.498,79.151
2026-06-07 08:50:00,GS001,Area Dasar Tambang,1.282,8.596,28.273,72.913
2026-06-07 08:55:00,GS001,Area Dasar Tambang,1.476,10.534,32.539,74.072
2026-06-07 09:00:00,GS001,Area Dasar Tambang,1.633,11.969,32.821,70.294
2026-06-07 09:05:00,GS001,Area Dasar Tambang,1.789,16.143,32.691,70.886
2026-06-07 09:10:00,GS001,Area Dasar Tambang,1.997,17.644,36.413,72.391
2026-06-07 09:15:00,GS001,Area Dasar Tambang,1.78,13.926,32.677,76.301
2026-06-07 09:20:00,GS001,Area Dasar Tambang,1.502,11.881,30.317,71.888
2026-06-07 09:25:00,GS001,Area Dasar Tambang,1.302,9.746,35.222,73.275
2026-06-07 09:30:00,GS001,Area Dasar Tambang,1.111,8.066,32.059,80.358
2026-06-07 09:35:00,GS001,Area Dasar Tambang,0.887,6.345,28.966,81.445
2026-06-07 09:40:00,GS001,Area Dasar Tambang,0.707,4.203,30.746,84.573
2026-06-07 09:45:00,GS001,Area Dasar Tambang,0.591,2.913,33.671,77.374
2026-06-07 09:50:00,GS001,Area Dasar Tambang,0.488,1.957,29.783,78.619
2026-06-07 09:55:00,GS001,Area Dasar Tambang,0.654,3.946,31.694,81.352
2026-06-07 10:00:00,GS001,Area Dasar Tambang,0.998,6.699,32.271,77.303
2026-06-07 10:05:00,GS001,Area Dasar Tambang,1.225,9.592,32.272,69.744
2026-06-07 10:10:00,GS001,Area Dasar Tambang,1.531,12.577,32.441,73.718
2026-06-07 10:15:00,GS001,Area Dasar Tambang,2.066,15.721,36.112,64.836
2026-06-07 10:20:00,GS001,Area Dasar Tambang,2.071,19.353,30.618,70.479
2026-06-07 10:25:00,GS001,Area Dasar Tambang,2.603,23.601,35.235,67.22
2026-06-07 10:30:00,GS001,Area Dasar Tambang,2.119,18.709,34.974,75.899
2026-06-07 10:35:00,GS001,Area Dasar Tambang,2.037,14.638,33.349,70.343
2026-06-07 10:40:00,GS001,Area Dasar Tambang,1.288,10.078,30.87,72.809
2026-06-07 10:45:00,GS001,Area Dasar Tambang,1.005,7.002,32.573,74.95
2026-06-07 10:50:00,GS001,Area Dasar Tambang,0.804,4.814,34.352,70.775
2026-06-07 10:55:00,GS001,Area Dasar Tambang,0.403,1.872,29.778,78.631
2026-06-07 11:00:00,GS001,Area Dasar Tambang,0.485,2.992,31.396,74.31
2026-06-07 11:05:00,GS001,Area Dasar Tambang,0.739,4.176,31.962,77.956
2026-06-07 11:10:00,GS001,Area Dasar Tambang,0.987,5.599,31.134,84.865
2026-06-07 11:15:00,GS001,Area Dasar Tambang,1.184,8.47,30.438,72.621
2026-06-07 11:20:00,GS001,Area Dasar Tambang,1.011,7.028,30.706,67.27
2026-06-07 11:25:00,GS001,Area Dasar Tambang,0.915,5.693,30.265,77.315
2026-06-07 11:30:00,GS001,Area Dasar Tambang,0.843,5.439,32.308,76.935
2026-06-07 11:35:00,GS001,Area Dasar Tambang,0.784,4.11,31.27,77.568
2026-06-07 11:40:00,GS001,Area Dasar Tambang,0.468,3.152,30.911,71.291
2026-06-07 11:45:00,GS001,Area Dasar Tambang,0.788,5.1,32.002,71.187
2026-06-07 11:50:00,GS001,Area Dasar Tambang,0.992,6.518,27.915,73.263
2026-06-07 11:55:00,GS001,Area Dasar Tambang,1.176,9.21,29.415,71.886
2026-06-07 12:00:00,GS001,Area Dasar Tambang,1.344,11.805,32.974,71.131
2026-06-07 12:05:00,GS001,Area Dasar Tambang,1.756,11.933,33.555,70.66
2026-06-07 12:10:00,GS001,Area Dasar Tambang,1.852,16.273,34.616,75.18
2026-06-07 12:15:00,GS001,Area Dasar Tambang,1.779,18.02,31.719,70.753
2026-06-07 12:20:00,GS001,Area Dasar Tambang,1.932,12.995,33.499,72.159
2026-06-07 12:25:00,GS001,Area Dasar Tambang,1.376,11.685,32.856,69.112
2026-06-07 12:30:00,GS001,Area Dasar Tambang,1.345,10.161,34.764,64.276
2026-06-07 12:35:00,GS001,Area Dasar Tambang,1.068,8.374,32.266,71.074
2026-06-07 12:40:00,GS001,Area Dasar Tambang,0.966,5.756,31.902,82.025
2026-06-07 12:45:00,GS001,Area Dasar Tambang,0.687,4.162,30.957,87.403
2026-06-07 12:50:00,GS001,Area Dasar Tambang,0.612,2.702,30.754,78.732
2026-06-07 12:55:00,GS001,Area Dasar Tambang,0.564,1.971,31.024,80.805
2026-06-07 13:00:00,GS001,Area Dasar Tambang,0.757,3.98,31.578,75.984
2026-06-07 13:05:00,GS001,Area Dasar Tambang,0.991,7.224,27.842,71.858
2026-06-07 13:10:00,GS001,Area Dasar Tambang,1.35,9.359,34.081,73.242
2026-06-07 13:15:00,GS001,Area Dasar Tambang,1.636,13.005,34.569,78.136
2026-06-07 13:20:00,GS001,Area Dasar Tambang,2.078,16.252,33.005,67.084
2026-06-07 13:25:00,GS001,Area Dasar Tambang,2.207,18.471,33.183,70.76
2026-06-07 13:30:00,GS001,Area Dasar Tambang,2.569,24.752,37.068,72.346
2026-06-07 13:35:00,GS001,Area Dasar Tambang,1.881,19.391,31.953,77.796
2026-06-07 13:40:00,GS001,Area Dasar Tambang,1.756,14.24,29.606,68.351
2026-06-07 13:45:00,GS001,Area Dasar Tambang,1.356,9.856,31.896,68.359
2026-06-07 13:50:00,GS001,Area Dasar Tambang,1.055,7.087,33.065,76.0
2026-06-07 13:55:00,GS001,Area Dasar Tambang,0.848,4.822,27.235,73.814
2026-06-07 14:00:00,GS001,Area Dasar Tambang,0.423,1.898,30.72,77.113
2026-06-07 14:05:00,GS001,Area Dasar Tambang,0.587,3.012,29.803,82.929
2026-06-07 14:10:00,GS001,Area Dasar Tambang,0.714,3.878,30.051,73.268
2026-06-07 14:15:00,GS001,Area Dasar Tambang,0.975,6.139,34.314,76.869
2026-06-07 14:20:00,GS001,Area Dasar Tambang,1.167,7.578,31.582,81.367
2026-06-07 14:25:00,GS001,Area Dasar Tambang,1.112,7.136,31.247,78.698
2026-06-07 14:30:00,GS001,Area Dasar Tambang,0.886,6.3,29.605,76.082
2026-06-07 14:35:00,GS001,Area Dasar Tambang,0.756,5.401,29.406,67.599
2026-06-07 14:40:00,GS001,Area Dasar Tambang,0.694,3.381,30.819,73.974
2026-06-07 14:45:00,GS001,Area Dasar Tambang,0.581,3.095,31.257,76.327
2026-06-07 14:50:00,GS001,Area Dasar Tambang,0.84,4.974,30.307,79.45
2026-06-07 14:55:00,GS001,Area Dasar Tambang,1.057,7.186,26.211,83.562
2026-06-07 15:00:00,GS001,Area Dasar Tambang,1.191,9.19,28.937,73.983
2026-06-07 15:05:00,GS001,Area Dasar Tambang,1.337,11.152,29.575,82.488
2026-06-07 15:10:00,GS001,Area Dasar Tambang,1.48,13.547,29.798,70.846
2026-06-07 15:15:00,GS001,Area Dasar Tambang,1.708,14.649,32.319,74.212
2026-06-07 15:20:00,GS001,Area Dasar Tambang,1.736,17.415,31.287,76.971
2026-06-07 15:25:00,GS001,Area Dasar Tambang,1.607,13.574,34.2,77.915
2026-06-07 15:30:00,GS001,Area Dasar Tambang,1.403,11.879,35.116,61.756
2026-06-07 15:35:00,GS001,Area Dasar Tambang,1.227,10.156,35.97,74.822
2026-06-07 15:40:00,GS001,Area Dasar Tambang,1.108,8.507,33.466,72.132
2026-06-07 15:45:00,GS001,Area Dasar Tambang,0.846,6.82,30.115,76.225
2026-06-07 15:50:00,GS001,Area Dasar Tambang,0.67,4.202,32.227,71.301
2026-06-07 15:55:00,GS001,Area Dasar Tambang,0.436,3.081,31.191,78.507
2026-06-07 16:00:00,GS001,Area Dasar Tambang,0.541,2.137,31.874,84.28
2026-06-07 16:05:00,GS001,Area Dasar Tambang,0.803,4.661,32.533,75.465
2026-06-07 16:10:00,GS001,Area Dasar Tambang,0.978,7.947,30.904,78.449
2026-06-07 16:15:00,GS001,Area Dasar Tambang,1.299,10.042,28.307,74.033
2026-06-07 16:20:00,GS001,Area Dasar Tambang,1.657,12.921,31.203,65.337
2026-06-07 16:25:00,GS001,Area Dasar Tambang,1.852,15.904,35.547,71.493
2026-06-07 16:30:00,GS001,Area Dasar Tambang,2.099,18.395,34.791,78.045
2026-06-07 16:35:00,GS001,Area Dasar Tambang,2.564,22.459,31.563,71.532
2026-06-07 16:40:00,GS001,Area Dasar Tambang,2.158,16.987,32.607,67.581
2026-06-07 16:45:00,GS001,Area Dasar Tambang,1.744,14.237,32.971,75.041
2026-06-07 16:50:00,GS001,Area Dasar Tambang,1.523,10.159,32.585,74.304
2026-06-07 16:55:00,GS001,Area Dasar Tambang,0.985,7.041,34.105,75.985
2026-06-07 17:00:00,GS001,Area Dasar Tambang,0.881,4.824,29.838,74.48
2026-06-07 17:05:00,GS001,Area Dasar Tambang,0.446,1.93,30.221,85.93
2026-06-07 17:10:00,GS001,Area Dasar Tambang,0.506,2.64,28.678,79.978
2026-06-07 17:15:00,GS001,Area Dasar Tambang,0.748,4.107,31.315,78.922
2026-06-07 17:20:00,GS001,Area Dasar Tambang,0.984,5.929,33.395,81.222
2026-06-07 17:25:00,GS001,Area Dasar Tambang,1.082,8.267,32.837,79.408
2026-06-07 17:30:00,GS001,Area Dasar Tambang,0.995,7.524,31.42,66.346
2026-06-07 17:35:00,GS001,Area Dasar Tambang,0.896,6.464,33.047,68.303
2026-06-07 17:40:00,GS001,Area Dasar Tambang,0.78,5.565,30.958,66.214
2026-06-07 17:45:00,GS001,Area Dasar Tambang,0.826,4.074,32.471,71.622
2026-06-07 17:50:00,GS001,Area Dasar Tambang,0.638,2.995,32.415,74.947
2026-06-07 17:55:00,GS001,Area Dasar Tambang,0.715,5.335,31.389,82.874
2026-06-07 18:00:00,GS001,Area Dasar Tambang,1.002,6.702,31.859,78.4
2026-06-07 18:05:00,GS001,Area Dasar Tambang,1.293,9.177,33.78,71.753
2026-06-07 18:10:00,GS001,Area Dasar Tambang,1.307,11.212,30.566,86.518
2026-06-07 18:15:00,GS001,Area Dasar Tambang,1.569,14.102,31.1,70.005
2026-06-07 18:20:00,GS001,Area Dasar Tambang,1.652,14.571,31.026,75.4
2026-06-07 18:25:00,GS001,Area Dasar Tambang,1.881,18.547,35.296,76.632
2026-06-07 18:30:00,GS001,Area Dasar Tambang,1.71,14.826,36.02,77.323
2026-06-07 18:35:00,GS001,Area Dasar Tambang,1.53,12.151,29.833,75.602
2026-06-07 18:40:00,GS001,Area Dasar Tambang,1.242,9.85,36.269,75.814
2026-06-07 18:45:00,GS001,Area Dasar Tambang,1.14,8.37,30.33,78.791
2026-06-07 18:50:00,GS001,Area Dasar Tambang,0.788,5.835,33.154,78.441
2026-06-07 18:55:00,GS001,Area Dasar Tambang,0.676,4.142,32.507,79.796
2026-06-07 19:00:00,GS001,Area Dasar Tambang,0.636,3.155,30.614,80.361
2026-06-07 19:05:00,GS001,Area Dasar Tambang,0.522,2.036,31.299,85.052
2026-06-07 19:10:00,GS001,Area Dasar Tambang,0.734,3.883,30.294,72.735
2026-06-07 19:15:00,GS001,Area Dasar Tambang,1.006,7.546,29.901,82.25
2026-06-07 19:20:00,GS001,Area Dasar Tambang,1.295,10.526,31.432,77.97
2026-06-07 19:25:00,GS001,Area Dasar Tambang,1.751,12.499,33.588,72.839
2026-06-07 19:30:00,GS001,Area Dasar Tambang,1.854,14.105,28.458,74.157
2026-06-07 19:35:00,GS001,Area Dasar Tambang,2.127,20.224,30.514,72.408
2026-06-07 19:40:00,GS001,Area Dasar Tambang,2.503,24.906,31.622,80.015
2026-06-07 19:45:00,GS001,Area Dasar Tambang,1.917,17.719,34.774,74.879
2026-06-07 19:50:00,GS001,Area Dasar Tambang,1.759,13.918,33.997,81.588
2026-06-07 19:55:00,GS001,Area Dasar Tambang,1.354,10.77,32.668,71.143
2026-06-07 20:00:00,GS001,Area Dasar Tambang,0.992,7.159,32.467,79.08
2026-06-07 20:05:00,GS001,Area Dasar Tambang,0.787,5.021,32.79,75.414
2026-06-07 20:10:00,GS001,Area Dasar Tambang,0.428,2.118,30.106,82.835
2026-06-07 20:15:00,GS001,Area Dasar Tambang,0.56,3.095,32.075,79.644
2026-06-07 20:20:00,GS001,Area Dasar Tambang,0.684,4.463,29.564,72.442
2026-06-07 20:25:00,GS001,Area Dasar Tambang,0.942,5.619,31.033,78.796
2026-06-07 20:30:00,GS001,Area Dasar Tambang,1.133,7.299,32.748,73.626
2026-06-07 20:35:00,GS001,Area Dasar Tambang,0.99,6.955,31.828,75.956
2026-06-07 20:40:00,GS001,Area Dasar Tambang,0.85,6.176,32.455,73.24
2026-06-07 20:45:00,GS001,Area Dasar Tambang,0.769,4.813,32.583,75.831
2026-06-07 20:50:00,GS001,Area Dasar Tambang,0.703,3.848,32.5,79.732
2026-06-07 20:55:00,GS001,Area Dasar Tambang,0.74,3.143,28.542,75.893
2026-06-07 21:00:00,GS001,Area Dasar Tambang,0.859,4.95,34.091,71.157
2026-06-07 21:05:00,GS001,Area Dasar Tambang,1.022,7.399,29.049,79.623
2026-06-07 21:10:00,GS001,Area Dasar Tambang,1.222,8.38,28.631,76.185
2026-06-07 21:15:00,GS001,Area Dasar Tambang,1.304,10.214,32.933,80.889
2026-06-07 21:20:00,GS001,Area Dasar Tambang,1.694,13.14,34.039,70.158
2026-06-07 21:25:00,GS001,Area Dasar Tambang,1.893,15.28,33.255,73.104
2026-06-07 21:30:00,GS001,Area Dasar Tambang,2.055,18.402,33.472,65.396
2026-06-07 21:35:00,GS001,Area Dasar Tambang,1.707,14.008,32.818,74.886
2026-06-07 21:40:00,GS001,Area Dasar Tambang,1.593,11.622,31.629,74.743
2026-06-07 21:45:00,GS001,Area Dasar Tambang,1.359,10.377,34.288,66.543
2026-06-07 21:50:00,GS001,Area Dasar Tambang,0.998,8.842,30.114,75.474
2026-06-07 21:55:00,GS001,Area Dasar Tambang,0.905,6.367,32.077,78.39
2026-06-07 22:00:00,GS001,Area Dasar Tambang,0.739,3.683,26.988,74.84
2026-06-07 22:05:00,GS001,Area Dasar Tambang,0.713,3.085,31.907,75.292
2026-06-07 22:10:00,GS001,Area Dasar Tambang,0.439,1.916,33.825,79.122
2026-06-07 22:15:00,GS001,Area Dasar Tambang,0.736,3.89,29.924,65.989
2026-06-07 22:20:00,GS001,Area Dasar Tambang,1.053,7.324,32.35,71.79
2026-06-07 22:25:00,GS001,Area Dasar Tambang,1.291,10.076,32.223,79.599
2026-06-07 22:30:00,GS001,Area Dasar Tambang,1.506,13.337,33.068,68.244
2026-06-07 22:35:00,GS001,Area Dasar Tambang,1.947,17.836,33.294,76.638
2026-06-07 22:40:00,GS001,Area Dasar Tambang,2.068,16.644,31.276,81.661
2026-06-07 22:45:00,GS001,Area Dasar Tambang,2.504,24.866,30.536,68.815
2026-06-07 22:50:00,GS001,Area Dasar Tambang,2.073,18.849,34.603,73.63
2026-06-07 22:55:00,GS001,Area Dasar Tambang,1.744,14.431,31.399,81.687
2026-06-07 23:00:00,GS001,Area Dasar Tambang,1.442,9.669,31.644,69.794
2026-06-07 23:05:00,GS001,Area Dasar Tambang,1.139,7.118,33.761,75.738
2026-06-07 23:10:00,GS001,Area Dasar Tambang,0.757,5.239,32.655,76.244
2026-06-07 23:15:00,GS001,Area Dasar Tambang,0.362,1.849,33.755,81.346
2026-06-07 23:20:00,GS001,Area Dasar Tambang,0.442,2.848,33.971,77.051
2026-06-07 23:25:00,GS001,Area Dasar Tambang,0.793,3.942,31.422,75.153
2026-06-07 23:30:00,GS001,Area Dasar Tambang,0.875,6.514,33.649,76.193
2026-06-07 23:35:00,GS001,Area Dasar Tambang,1.07,7.888,33.77,68.074
2026-06-07 23:40:00,GS001,Area Dasar Tambang,1.07,6.88,30.589,71.168
2026-06-07 23:45:00,GS001,Area Dasar Tambang,0.945,5.904,31.245,78.983
2026-06-07 23:50:00,GS001,Area Dasar Tambang,0.722,5.09,31.945,74.426
2026-06-07 23:55:00,GS001,Area Dasar Tambang,0.651,3.925,31.312,71.744
2026-06-08 00:00:00,GS001,Area Dasar Tambang,0.577,2.886,33.722,82.411
2026-06-08 00:05:00,GS001,Area Dasar Tambang,0.735,6.017,29.966,80.892
2026-06-08 00:10:00,GS001,Area Dasar Tambang,1.069,6.704,32.474,74.739
2026-06-08 00:15:00,GS001,Area Dasar Tambang,1.237,8.87,32.663,74.273
2026-06-08 00:20:00,GS001,Area Dasar Tambang,1.281,12.169,35.573,76.685
2026-06-08 00:25:00,GS001,Area Dasar Tambang,1.598,12.995,29.802,73.83
2026-06-08 00:30:00,GS001,Area Dasar Tambang,1.825,17.014,32.055,78.886
2026-06-08 00:35:00,GS001,Area Dasar Tambang,2.094,19.772,31.072,78.991
2026-06-08 00:40:00,GS001,Area Dasar Tambang,1.739,14.299,32.253,67.584
2026-06-08 00:45:00,GS001,Area Dasar Tambang,1.266,12.833,30.581,85.767
2026-06-08 00:50:00,GS001,Area Dasar Tambang,1.262,9.953,33.7,70.785
2026-06-08 00:55:00,GS001,Area Dasar Tambang,1.13,8.071,30.828,74.693
2026-06-08 01:00:00,GS001,Area Dasar Tambang,0.881,5.485,30.492,67.984
2026-06-08 01:05:00,GS001,Area Dasar Tambang,0.575,3.822,28.487,73.723
2026-06-08 01:10:00,GS001,Area Dasar Tambang,0.617,3.173,31.995,78.908
2026-06-08 01:15:00,GS001,Area Dasar Tambang,0.462,1.998,30.594,78.245
2026-06-08 01:20:00,GS001,Area Dasar Tambang,0.623,4.058,29.495,79.477
2026-06-08 01:25:00,GS001,Area Dasar Tambang,1.031,6.903,31.646,66.342
2026-06-08 01:30:00,GS001,Area Dasar Tambang,1.324,10.474,31.426,83.151
2026-06-08 01:35:00,GS001,Area Dasar Tambang,1.671,12.416,33.28,69.634
2026-06-08 01:40:00,GS001,Area Dasar Tambang,1.833,15.764,33.384,70.375
2026-06-08 01:45:00,GS001,Area Dasar Tambang,2.128,21.822,33.568,76.438
2026-06-08 01:50:00,GS001,Area Dasar Tambang,2.601,22.157,33.822,76.207
2026-06-08 01:55:00,GS001,Area Dasar Tambang,2.214,19.821,31.831,72.453
2026-06-08 02:00:00,GS001,Area Dasar Tambang,1.694,14.299,31.47,70.227
2026-06-08 02:05:00,GS001,Area Dasar Tambang,1.3,10.877,34.612,68.871
2026-06-08 02:10:00,GS001,Area Dasar Tambang,1.0,6.855,31.085,81.142
2026-06-08 02:15:00,GS001,Area Dasar Tambang,0.913,5.42,30.843,63.948
2026-06-08 02:20:00,GS001,Area Dasar Tambang,0.248,2.188,31.933,73.193
2026-06-08 02:25:00,GS001,Area Dasar Tambang,0.555,3.082,30.305,79.368
2026-06-08 02:30:00,GS001,Area Dasar Tambang,0.704,3.999,36.726,73.808
2026-06-08 02:35:00,GS001,Area Dasar Tambang,0.951,6.017,29.743,78.761
2026-06-08 02:40:00,GS001,Area Dasar Tambang,1.124,7.12,28.486,71.143
2026-06-08 02:45:00,GS001,Area Dasar Tambang,0.977,7.21,32.089,82.26
2026-06-08 02:50:00,GS001,Area Dasar Tambang,0.846,5.947,33.277,76.777
2026-06-08 02:55:00,GS001,Area Dasar Tambang,0.858,4.75,34.854,72.698
2026-06-08 03:00:00,GS001,Area Dasar Tambang,0.773,4.186,33.579,75.943
2026-06-08 03:05:00,GS001,Area Dasar Tambang,0.557,2.906,30.392,83.358
2026-06-08 03:10:00,GS001,Area Dasar Tambang,0.799,4.823,29.26,80.407
2026-06-08 03:15:00,GS001,Area Dasar Tambang,0.974,7.383,32.647,72.848
2026-06-08 03:20:00,GS001,Area Dasar Tambang,1.241,8.505,30.261,84.009
2026-06-08 03:25:00,GS001,Area Dasar Tambang,1.487,11.524,33.321,80.099
2026-06-08 03:30:00,GS001,Area Dasar Tambang,1.605,13.504,28.44,68.371
2026-06-08 03:35:00,GS001,Area Dasar Tambang,1.837,17.616,33.213,68.316
2026-06-08 03:40:00,GS001,Area Dasar Tambang,2.123,18.82,36.23,59.872
2026-06-08 03:45:00,GS001,Area Dasar Tambang,1.894,14.363,29.606,72.897
2026-06-08 03:50:00,GS001,Area Dasar Tambang,1.543,12.6,35.369,73.288
2026-06-08 03:55:00,GS001,Area Dasar Tambang,1.272,10.209,34.23,73.316
2026-06-08 04:00:00,GS001,Area Dasar Tambang,1.084,8.803,30.22,66.668
2026-06-08 04:05:00,GS001,Area Dasar Tambang,0.852,6.174,31.499,77.478
2026-06-08 04:10:00,GS001,Area Dasar Tambang,0.687,3.709,31.675,72.986
2026-06-08 04:15:00,GS001,Area Dasar Tambang,0.568,3.1,31.564,78.324
2026-06-08 04:20:00,GS001,Area Dasar Tambang,0.403,1.993,31.548,78.612
2026-06-08 04:25:00,GS001,Area Dasar Tambang,0.734,4.049,31.152,75.598
2026-06-08 04:30:00,GS001,Area Dasar Tambang,1.113,7.155,30.515,76.302
2026-06-08 04:35:00,GS001,Area Dasar Tambang,1.275,9.02,31.73,78.858
2026-06-08 04:40:00,GS001,Area Dasar Tambang,1.662,13.665,32.448,65.662
2026-06-08 04:45:00,GS001,Area Dasar Tambang,1.935,15.819,31.558,67.804
2026-06-08 04:50:00,GS001,Area Dasar Tambang,2.269,20.312,30.871,74.403
2026-06-08 04:55:00,GS001,Area Dasar Tambang,2.603,23.6,36.271,69.244
2026-06-08 05:00:00,GS001,Area Dasar Tambang,1.966,18.562,33.045,75.063
2026-06-08 05:05:00,GS001,Area Dasar Tambang,1.972,13.824,30.96,71.055
2026-06-08 05:10:00,GS001,Area Dasar Tambang,1.342,9.782,34.338,67.488
2026-06-08 05:15:00,GS001,Area Dasar Tambang,1.001,6.937,31.135,72.359
2026-06-08 05:20:00,GS001,Area Dasar Tambang,0.815,5.126,35.346,75.826
2026-06-08 05:25:00,GS001,Area Dasar Tambang,0.326,2.095,31.244,74.612
2026-06-08 05:30:00,GS001,Area Dasar Tambang,0.548,3.011,33.02,67.488
2026-06-08 05:35:00,GS001,Area Dasar Tambang,0.699,3.874,32.992,69.684
2026-06-08 05:40:00,GS001,Area Dasar Tambang,0.933,5.919,33.812,77.988
2026-06-08 05:45:00,GS001,Area Dasar Tambang,1.086,7.725,34.359,75.065
2026-06-08 05:50:00,GS001,Area Dasar Tambang,1.074,7.325,31.994,74.522
2026-06-08 05:55:00,GS001,Area Dasar Tambang,0.856,5.944,33.083,75.421
2026-06-08 06:00:00,GS001,Area Dasar Tambang,0.882,4.719,31.435,82.828
2026-06-08 06:05:00,GS001,Area Dasar Tambang,0.616,3.721,30.437,77.214
2026-06-08 06:10:00,GS001,Area Dasar Tambang,0.626,2.792,29.804,78.99
2026-06-08 06:15:00,GS001,Area Dasar Tambang,0.763,5.139,31.492,75.742
2026-06-08 06:20:00,GS001,Area Dasar Tambang,1.044,7.272,33.909,75.679
2026-06-08 06:25:00,GS001,Area Dasar Tambang,1.195,8.708,30.759,72.595
2026-06-08 06:30:00,GS001,Area Dasar Tambang,1.433,12.26,31.713,80.523
2026-06-08 06:35:00,GS001,Area Dasar Tambang,1.573,14.314,34.68,72.45
2026-06-08 06:40:00,GS001,Area Dasar Tambang,1.749,14.819,33.641,71.382
2026-06-08 06:45:00,GS001,Area Dasar Tambang,2.046,17.864,33.964,71.229
2026-06-08 06:50:00,GS001,Area Dasar Tambang,1.73,13.958,31.156,68.362
2026-06-08 06:55:00,GS001,Area Dasar Tambang,1.599,11.135,29.471,73.527
2026-06-08 07:00:00,GS001,Area Dasar Tambang,1.275,10.078,32.232,79.787
2026-06-08 07:05:00,GS001,Area Dasar Tambang,1.032,8.199,30.602,73.34
2026-06-08 07:10:00,GS001,Area Dasar Tambang,0.873,5.728,33.883,78.002
2026-06-08 07:15:00,GS001,Area Dasar Tambang,0.809,4.013,30.074,73.402
2026-06-08 07:20:00,GS001,Area Dasar Tambang,0.651,3.025,31.549,71.558
2026-06-08 07:25:00,GS001,Area Dasar Tambang,0.383,2.004,29.412,82.844
2026-06-08 07:30:00,GS001,Area Dasar Tambang,0.664,3.623,30.79,74.465
2026-06-08 07:35:00,GS001,Area Dasar Tambang,1.008,6.615,29.461,71.503
2026-06-08 07:40:00,GS001,Area Dasar Tambang,1.242,10.063,33.743,74.928
2026-06-08 07:45:00,GS001,Area Dasar Tambang,1.45,12.714,34.082,72.233
2026-06-08 07:50:00,GS001,Area Dasar Tambang,1.893,16.712,32.151,83.582
2026-06-08 07:55:00,GS001,Area Dasar Tambang,2.191,21.02,35.579,74.393
2026-06-08 08:00:00,GS001,Area Dasar Tambang,2.402,23.503,32.766,70.882
2026-06-08 08:05:00,GS001,Area Dasar Tambang,2.067,17.784,35.695,76.776
2026-06-08 08:10:00,GS001,Area Dasar Tambang,1.679,14.055,36.013,81.258
2026-06-08 08:15:00,GS001,Area Dasar Tambang,1.484,10.216,29.778,67.161
2026-06-08 08:20:00,GS001,Area Dasar Tambang,1.037,6.805,31.132,76.331
2026-06-08 08:25:00,GS001,Area Dasar Tambang,0.839,4.814,29.879,77.644
2026-06-08 08:30:00,GS001,Area Dasar Tambang,0.355,2.068,29.572,80.471
2026-06-08 08:35:00,GS001,Area Dasar Tambang,0.58,3.236,33.942,69.59
2026-06-08 08:40:00,GS001,Area Dasar Tambang,0.698,3.819,31.625,77.053
2026-06-08 08:45:00,GS001,Area Dasar Tambang,0.897,6.007,30.927,68.072
2026-06-08 08:50:00,GS001,Area Dasar Tambang,1.245,8.066,34.442,73.129
2026-06-08 08:55:00,GS001,Area Dasar Tambang,0.967,7.3,32.097,75.422
2026-06-08 09:00:00,GS001,Area Dasar Tambang,0.936,6.013,31.45,75.33
2026-06-08 09:05:00,GS001,Area Dasar Tambang,0.763,5.155,34.059,74.189
2026-06-08 09:10:00,GS001,Area Dasar Tambang,0.687,4.178,28.26,81.541
2026-06-08 09:15:00,GS001,Area Dasar Tambang,0.639,2.933,35.4,78.843
2026-06-08 09:20:00,GS001,Area Dasar Tambang,0.779,4.816,30.337,70.258
2026-06-08 09:25:00,GS001,Area Dasar Tambang,1.021,6.348,30.968,73.23
2026-06-08 09:30:00,GS001,Area Dasar Tambang,1.216,9.708,30.588,84.152
2026-06-08 09:35:00,GS001,Area Dasar Tambang,1.376,12.024,31.025,81.237
2026-06-08 09:40:00,GS001,Area Dasar Tambang,1.61,12.582,33.316,81.15
2026-06-08 09:45:00,GS001,Area Dasar Tambang,1.745,15.82,31.735,75.281
2026-06-08 09:50:00,GS001,Area Dasar Tambang,2.038,16.406,31.963,74.286
2026-06-08 09:55:00,GS001,Area Dasar Tambang,1.684,15.713,33.864,74.238
2026-06-08 10:00:00,GS001,Area Dasar Tambang,1.746,12.582,33.376,78.106
2026-06-08 10:05:00,GS001,Area Dasar Tambang,1.258,9.176,30.878,70.438
2026-06-08 10:10:00,GS001,Area Dasar Tambang,1.121,8.332,34.433,79.107
2026-06-08 10:15:00,GS001,Area Dasar Tambang,0.933,5.471,32.788,73.918
2026-06-08 10:20:00,GS001,Area Dasar Tambang,0.622,4.205,32.885,81.502
2026-06-08 10:25:00,GS001,Area Dasar Tambang,0.629,2.913,32.066,80.628
2026-06-08 10:30:00,GS001,Area Dasar Tambang,0.489,1.853,31.154,71.931
2026-06-08 10:35:00,GS001,Area Dasar Tambang,0.657,3.827,29.74,78.624
2026-06-08 10:40:00,GS001,Area Dasar Tambang,1.012,7.203,32.783,72.856
2026-06-08 10:45:00,GS001,Area Dasar Tambang,1.249,10.52,33.663,81.265
2026-06-08 10:50:00,GS001,Area Dasar Tambang,1.523,13.075,30.749,74.709
2026-06-08 10:55:00,GS001,Area Dasar Tambang,1.937,14.782,32.495,75.521
2026-06-08 11:00:00,GS001,Area Dasar Tambang,2.273,18.262,32.188,63.011
2026-06-08 11:05:00,GS001,Area Dasar Tambang,2.457,23.577,31.511,70.182
2026-06-08 11:10:00,GS001,Area Dasar Tambang,2.101,17.004,33.655,73.272
2026-06-08 11:15:00,GS001,Area Dasar Tambang,1.918,14.077,34.426,76.685
2026-06-08 11:20:00,GS001,Area Dasar Tambang,1.352,10.31,33.424,73.34
2026-06-08 11:25:00,GS001,Area Dasar Tambang,0.91,7.017,31.885,78.581
2026-06-08 11:30:00,GS001,Area Dasar Tambang,0.77,4.792,28.091,75.59
2026-06-08 11:35:00,GS001,Area Dasar Tambang,0.5,2.022,33.248,77.584
2026-06-08 11:40:00,GS001,Area Dasar Tambang,0.492,3.096,31.457,72.906
2026-06-08 11:45:00,GS001,Area Dasar Tambang,0.634,4.034,30.969,75.405
2026-06-08 11:50:00,GS001,Area Dasar Tambang,0.881,5.831,33.097,75.975
2026-06-08 11:55:00,GS001,Area Dasar Tambang,1.033,7.877,27.759,74.714
2026-06-08 12:00:00,GS001,Area Dasar Tambang,1.059,7.026,31.135,76.189
2026-06-08 12:05:00,GS001,Area Dasar Tambang,0.798,6.17,30.996,76.931
2026-06-08 12:10:00,GS001,Area Dasar Tambang,0.829,5.046,29.314,75.444
2026-06-08 12:15:00,GS001,Area Dasar Tambang,0.674,3.852,31.739,80.102
2026-06-08 12:20:00,GS001,Area Dasar Tambang,0.637,3.04,32.678,83.378
2026-06-08 12:25:00,GS001,Area Dasar Tambang,0.808,4.861,32.772,77.841
2026-06-08 12:30:00,GS001,Area Dasar Tambang,1.064,6.878,31.177,75.317
2026-06-08 12:35:00,GS001,Area Dasar Tambang,1.289,9.641,30.307,78.344
2026-06-08 12:40:00,GS001,Area Dasar Tambang,1.396,11.323,28.321,78.797
2026-06-08 12:45:00,GS001,Area Dasar Tambang,1.506,12.82,32.267,78.384
2026-06-08 12:50:00,GS001,Area Dasar Tambang,1.981,15.113,32.206,75.261
2026-06-08 12:55:00,GS001,Area Dasar Tambang,2.147,17.978,33.14,71.697
2026-06-08 13:00:00,GS001,Area Dasar Tambang,1.808,13.371,30.488,73.18
2026-06-08 13:05:00,GS001,Area Dasar Tambang,1.595,12.122,33.031,73.882
2026-06-08 13:10:00,GS001,Area Dasar Tambang,1.249,10.002,32.531,75.124
2026-06-08 13:15:00,GS001,Area Dasar Tambang,1.128,7.5,28.8,67.766
2026-06-08 13:20:00,GS001,Area Dasar Tambang,0.946,6.652,33.539,69.136
2026-06-08 13:25:00,GS001,Area Dasar Tambang,0.749,4.096,27.313,76.252
2026-06-08 13:30:00,GS001,Area Dasar Tambang,0.665,3.074,31.557,75.711
2026-06-08 13:35:00,GS001,Area Dasar Tambang,0.388,1.993,32.727,72.121
2026-06-08 13:40:00,GS001,Area Dasar Tambang,0.704,4.183,29.668,80.657
2026-06-08 13:45:00,GS001,Area Dasar Tambang,1.002,7.171,30.688,78.086
2026-06-08 13:50:00,GS001,Area Dasar Tambang,1.397,10.01,27.731,72.958
2026-06-08 13:55:00,GS001,Area Dasar Tambang,1.57,12.548,34.645,76.476
2026-06-08 14:00:00,GS001,Area Dasar Tambang,1.923,15.594,29.79,72.746
2026-06-08 14:05:00,GS001,Area Dasar Tambang,2.165,20.623,32.914,70.129
2026-06-08 14:10:00,GS001,Area Dasar Tambang,2.563,25.786,34.241,70.375
2026-06-08 14:15:00,GS001,Area Dasar Tambang,2.052,16.894,32.878,62.408
2026-06-08 14:20:00,GS001,Area Dasar Tambang,1.717,15.247,34.124,73.626
2026-06-08 14:25:00,GS001,Area Dasar Tambang,1.433,10.554,30.85,73.013
2026-06-08 14:30:00,GS001,Area Dasar Tambang,1.016,7.019,30.56,71.794
2026-06-08 14:35:00,GS001,Area Dasar Tambang,0.745,5.136,30.878,72.902
2026-06-08 14:40:00,GS001,Area Dasar Tambang,0.346,2.112,32.343,76.466
2026-06-08 14:45:00,GS001,Area Dasar Tambang,0.61,3.162,31.767,68.335
2026-06-08 14:50:00,GS001,Area Dasar Tambang,0.706,3.78,32.324,72.977
2026-06-08 14:55:00,GS001,Area Dasar Tambang,0.971,5.702,29.757,77.986
2026-06-08 15:00:00,GS001,Area Dasar Tambang,1.111,6.986,31.295,77.323
2026-06-08 15:05:00,GS001,Area Dasar Tambang,1.024,7.7,30.057,70.958
2026-06-08 15:10:00,GS001,Area Dasar Tambang,0.908,5.733,34.555,79.012
2026-06-08 15:15:00,GS001,Area Dasar Tambang,0.791,4.912,32.039,77.547
2026-06-08 15:20:00,GS001,Area Dasar Tambang,0.713,3.726,29.205,75.623
2026-06-08 15:25:00,GS001,Area Dasar Tambang,0.582,3.231,32.64,78.79
2026-06-08 15:30:00,GS001,Area Dasar Tambang,0.767,5.321,33.455,80.015
2026-06-08 15:35:00,GS001,Area Dasar Tambang,0.974,6.683,30.852,69.556
2026-06-08 15:40:00,GS001,Area Dasar Tambang,1.189,9.535,31.988,64.736
2026-06-08 15:45:00,GS001,Area Dasar Tambang,1.423,12.133,32.539,74.804
2026-06-08 15:50:00,GS001,Area Dasar Tambang,1.717,13.43,30.359,78.141
2026-06-08 15:55:00,GS001,Area Dasar Tambang,1.605,14.64,34.03,79.565
2026-06-08 16:00:00,GS001,Area Dasar Tambang,2.201,18.825,30.961,82.368
2026-06-08 16:05:00,GS001,Area Dasar Tambang,1.591,13.056,30.567,74.522
2026-06-08 16:10:00,GS001,Area Dasar Tambang,1.571,13.388,32.573,78.598
2026-06-08 16:15:00,GS001,Area Dasar Tambang,1.272,10.601,28.897,81.208
2026-06-08 16:20:00,GS001,Area Dasar Tambang,1.138,8.116,30.298,66.158
2026-06-08 16:25:00,GS001,Area Dasar Tambang,0.817,6.3,27.827,80.923
2026-06-08 16:30:00,GS001,Area Dasar Tambang,0.722,3.851,31.679,81.191
2026-06-08 16:35:00,GS001,Area Dasar Tambang,0.636,2.97,31.557,78.208
2026-06-08 16:40:00,GS001,Area Dasar Tambang,0.54,2.24,32.163,74.645
2026-06-08 16:45:00,GS001,Area Dasar Tambang,0.732,3.958,31.07,77.708
2026-06-08 16:50:00,GS001,Area Dasar Tambang,0.989,6.9,31.824,73.483
2026-06-08 16:55:00,GS001,Area Dasar Tambang,1.231,10.076,31.908,68.762
2026-06-08 17:00:00,GS001,Area Dasar Tambang,1.447,14.806,30.209,77.917
2026-06-08 17:05:00,GS001,Area Dasar Tambang,1.901,15.649,35.761,73.625
2026-06-08 17:10:00,GS001,Area Dasar Tambang,2.474,19.173,34.669,70.258
2026-06-08 17:15:00,GS001,Area Dasar Tambang,2.41,24.037,36.797,71.488
2026-06-08 17:20:00,GS001,Area Dasar Tambang,2.245,20.996,35.613,77.501
2026-06-08 17:25:00,GS001,Area Dasar Tambang,1.971,14.41,32.333,74.791
2026-06-08 17:30:00,GS001,Area Dasar Tambang,1.391,9.423,33.181,69.424
2026-06-08 17:35:00,GS001,Area Dasar Tambang,0.876,7.14,31.523,74.775
2026-06-08 17:40:00,GS001,Area Dasar Tambang,0.817,4.544,31.108,81.453
2026-06-08 17:45:00,GS001,Area Dasar Tambang,0.404,2.066,29.848,78.744
2026-06-08 17:50:00,GS001,Area Dasar Tambang,0.423,3.108,32.229,78.616
2026-06-08 17:55:00,GS001,Area Dasar Tambang,0.604,3.797,29.05,82.655
2026-06-08 18:00:00,GS001,Area Dasar Tambang,1.014,6.128,30.425,73.668
2026-06-08 18:05:00,GS001,Area Dasar Tambang,0.984,7.861,34.567,69.581
2026-06-08 18:10:00,GS001,Area Dasar Tambang,1.002,7.135,28.739,71.081
2026-06-08 18:15:00,GS001,Area Dasar Tambang,0.912,5.824,28.384,74.011
2026-06-08 18:20:00,GS001,Area Dasar Tambang,0.846,5.267,30.245,76.117
2026-06-08 18:25:00,GS001,Area Dasar Tambang,0.686,4.001,31.91,80.969
2026-06-08 18:30:00,GS001,Area Dasar Tambang,0.549,3.058,29.233,73.923
2026-06-08 18:35:00,GS001,Area Dasar Tambang,0.899,4.804,31.514,72.936
2026-06-08 18:40:00,GS001,Area Dasar Tambang,1.008,7.497,32.9,77.371
2026-06-08 18:45:00,GS001,Area Dasar Tambang,1.258,9.625,33.143,78.043
2026-06-08 18:50:00,GS001,Area Dasar Tambang,1.253,11.075,29.719,73.552
2026-06-08 18:55:00,GS001,Area Dasar Tambang,1.887,12.613,34.736,67.66
2026-06-08 19:00:00,GS001,Area Dasar Tambang,1.688,16.413,31.193,71.503
2026-06-08 19:05:00,GS001,Area Dasar Tambang,1.865,17.355,30.187,73.317
2026-06-08 19:10:00,GS001,Area Dasar Tambang,1.939,14.686,29.995,73.418
2026-06-08 19:15:00,GS001,Area Dasar Tambang,1.426,13.366,32.716,65.75
2026-06-08 19:20:00,GS001,Area Dasar Tambang,0.322,1.934,31.084,77.896
2026-06-08 19:25:00,GS001,Area Dasar Tambang,0.521,2.979,32.733,79.378
2026-06-08 19:30:00,GS001,Area Dasar Tambang,0.703,4.183,29.142,76.738
2026-06-08 19:35:00,GS001,Area Dasar Tambang,0.906,6.144,29.246,75.208
2026-06-08 19:40:00,GS001,Area Dasar Tambang,1.118,8.153,33.099,77.285
2026-06-08 19:45:00,GS001,Area Dasar Tambang,0.998,7.189,31.246,75.44
2026-06-08 19:50:00,GS001,Area Dasar Tambang,0.932,5.989,31.855,78.922
2026-06-08 19:55:00,GS001,Area Dasar Tambang,0.828,5.247,34.215,78.137
2026-06-08 20:00:00,GS001,Area Dasar Tambang,0.682,4.082,31.785,78.89
2026-06-08 20:05:00,GS001,Area Dasar Tambang,0.66,2.798,32.983,82.699
2026-06-08 20:10:00,GS001,Area Dasar Tambang,0.823,5.118,30.997,76.019
2026-06-08 20:15:00,GS001,Area Dasar Tambang,1.028,7.177,32.408,76.88
2026-06-08 20:20:00,GS001,Area Dasar Tambang,1.243,9.283,30.497,76.464
2026-06-08 20:25:00,GS001,Area Dasar Tambang,1.504,10.988,33.919,71.285
2026-06-08 20:30:00,GS001,Area Dasar Tambang,1.598,12.667,33.976,77.79
2026-06-08 20:35:00,GS001,Area Dasar Tambang,1.793,15.703,34.646,71.905
2026-06-08 20:40:00,GS001,Area Dasar Tambang,2.01,18.528,31.695,71.313
2026-06-08 20:45:00,GS001,Area Dasar Tambang,1.846,13.72,33.507,73.509
2026-06-08 20:50:00,GS001,Area Dasar Tambang,1.49,12.106,34.457,74.617
2026-06-08 20:55:00,GS001,Area Dasar Tambang,1.337,10.64,31.63,70.901
2026-06-08 21:00:00,GS001,Area Dasar Tambang,1.178,8.044,32.937,72.713
2026-06-08 21:05:00,GS001,Area Dasar Tambang,0.916,5.737,31.58,74.03
2026-06-08 21:10:00,GS001,Area Dasar Tambang,0.665,3.952,28.429,73.428
2026-06-08 21:15:00,GS001,Area Dasar Tambang,0.631,3.042,29.764,78.687
2026-06-08 21:20:00,GS001,Area Dasar Tambang,0.465,2.058,30.857,76.986
2026-06-08 21:25:00,GS001,Area Dasar Tambang,0.696,4.41,30.253,77.698
2026-06-08 21:30:00,GS001,Area Dasar Tambang,1.031,6.731,29.491,74.173
2026-06-08 21:35:00,GS001,Area Dasar Tambang,1.339,9.863,31.605,77.732
2026-06-08 21:40:00,GS001,Area Dasar Tambang,1.548,12.954,30.344,74.949
2026-06-08 21:45:00,GS001,Area Dasar Tambang,1.917,16.509,31.202,72.44
2026-06-08 21:50:00,GS001,Area Dasar Tambang,2.087,19.803,34.956,71.076
2026-06-08 21:55:00,GS001,Area Dasar Tambang,2.363,23.347,31.248,67.32
2026-06-08 22:00:00,GS001,Area Dasar Tambang,2.156,16.959,33.412,72.074
2026-06-08 22:05:00,GS001,Area Dasar Tambang,1.762,14.127,31.377,75.455
2026-06-08 22:10:00,GS001,Area Dasar Tambang,1.361,9.845,31.549,76.041
2026-06-08 22:15:00,GS001,Area Dasar Tambang,1.022,6.266,32.123,69.766
2026-06-08 22:20:00,GS001,Area Dasar Tambang,0.786,4.978,31.056,77.522
2026-06-08 22:25:00,GS001,Area Dasar Tambang,0.407,2.021,30.521,77.482
2026-06-08 22:30:00,GS001,Area Dasar Tambang,0.463,2.806,32.714,72.787
2026-06-08 22:35:00,GS001,Area Dasar Tambang,0.667,3.974,32.65,76.88
2026-06-08 22:40:00,GS001,Area Dasar Tambang,0.903,5.081,32.907,67.456
2026-06-08 22:45:00,GS001,Area Dasar Tambang,1.035,8.657,31.537,73.007
2026-06-08 22:50:00,GS001,Area Dasar Tambang,0.943,7.359,28.831,82.958
2026-06-08 22:55:00,GS001,Area Dasar Tambang,0.903,5.716,30.106,71.403
2026-06-08 23:00:00,GS001,Area Dasar Tambang,0.845,5.315,28.35,75.152
2026-06-08 23:05:00,GS001,Area Dasar Tambang,0.672,4.267,27.499,78.91
2026-06-08 23:10:00,GS001,Area Dasar Tambang,0.544,2.865,29.167,73.052
2026-06-08 23:15:00,GS001,Area Dasar Tambang,0.701,4.938,28.425,71.475
2026-06-08 23:20:00,GS001,Area Dasar Tambang,1.004,6.534,30.183,66.382
2026-06-08 23:25:00,GS001,Area Dasar Tambang,1.137,9.424,32.187,76.578
2026-06-08 23:30:00,GS001,Area Dasar Tambang,1.318,11.253,31.542,69.236
2026-06-08 23:35:00,GS001,Area Dasar Tambang,1.727,12.457,31.517,76.554
2026-06-08 23:40:00,GS001,Area Dasar Tambang,1.854,14.505,31.266,75.104
2026-06-08 23:45:00,GS001,Area Dasar Tambang,1.957,18.367,34.009,73.239
2026-06-08 23:50:00,GS001,Area Dasar Tambang,1.708,14.957,32.673,72.695
2026-06-08 23:55:00,GS001,Area Dasar Tambang,1.462,13.742,28.97,76.179
2026-06-09 00:00:00,GS001,Area Dasar Tambang,1.138,10.047,33.239,75.856
2026-06-09 00:05:00,GS001,Area Dasar Tambang,1.123,7.522,31.802,78.383
2026-06-09 00:10:00,GS001,Area Dasar Tambang,0.817,5.727,32.843,73.897
2026-06-09 00:15:00,GS001,Area Dasar Tambang,0.674,3.937,30.779,77.046
2026-06-09 00:20:00,GS001,Area Dasar Tambang,0.583,3.073,32.881,72.886
2026-06-09 00:25:00,GS001,Area Dasar Tambang,0.464,1.884,32.043,82.821
2026-06-09 00:30:00,GS001,Area Dasar Tambang,0.669,3.642,31.409,80.472
2026-06-09 00:35:00,GS001,Area Dasar Tambang,0.954,7.282,29.417,71.67
2026-06-09 00:40:00,GS001,Area Dasar Tambang,1.37,9.843,31.079,83.176
2026-06-09 00:45:00,GS001,Area Dasar Tambang,1.607,13.372,34.204,77.889
2026-06-09 00:50:00,GS001,Area Dasar Tambang,2.052,14.896,34.491,78.275
2026-06-09 00:55:00,GS001,Area Dasar Tambang,2.116,18.922,32.394,71.418
2026-06-09 01:00:00,GS001,Area Dasar Tambang,2.333,22.408,35.3,58.787
2026-06-09 01:05:00,GS001,Area Dasar Tambang,2.035,18.129,35.495,67.591
2026-06-09 01:10:00,GS001,Area Dasar Tambang,1.888,14.509,32.684,72.122
2026-06-09 01:15:00,GS001,Area Dasar Tambang,1.422,11.116,29.824,74.99
2026-06-09 01:20:00,GS001,Area Dasar Tambang,1.082,7.218,31.845,74.0
2026-06-09 01:25:00,GS001,Area Dasar Tambang,0.706,4.557,30.098,81.205
2026-06-09 01:30:00,GS001,Area Dasar Tambang,0.371,1.935,32.48,74.659
2026-06-09 01:35:00,GS001,Area Dasar Tambang,0.558,3.394,31.628,76.4
2026-06-09 01:40:00,GS001,Area Dasar Tambang,0.646,3.694,30.294,74.899
2026-06-09 01:45:00,GS001,Area Dasar Tambang,0.886,6.501,30.713,70.423
2026-06-09 01:50:00,GS001,Area Dasar Tambang,1.053,7.518,31.86,75.629
2026-06-09 01:55:00,GS001,Area Dasar Tambang,1.024,7.461,31.669,76.184
2026-06-09 02:00:00,GS001,Area Dasar Tambang,0.85,6.195,31.019,68.992
2026-06-09 02:05:00,GS001,Area Dasar Tambang,0.781,5.009,27.882,70.286
2026-06-09 02:10:00,GS001,Area Dasar Tambang,0.733,3.899,27.935,74.01
2026-06-09 02:15:00,GS001,Area Dasar Tambang,0.632,2.97,30.698,77.374
2026-06-09 02:20:00,GS001,Area Dasar Tambang,0.798,4.959,29.899,76.119
2026-06-09 02:25:00,GS001,Area Dasar Tambang,1.031,7.486,32.065,81.071
2026-06-09 02:30:00,GS001,Area Dasar Tambang,1.328,8.542,31.254,77.75
2026-06-09 02:35:00,GS001,Area Dasar Tambang,1.472,10.536,28.628,73.337
2026-06-09 02:40:00,GS001,Area Dasar Tambang,1.505,11.826,35.2,75.73
2026-06-09 02:45:00,GS001,Area Dasar Tambang,1.725,15.644,34.968,74.041
2026-06-09 02:50:00,GS001,Area Dasar Tambang,2.071,17.965,34.161,72.722
2026-06-09 02:55:00,GS001,Area Dasar Tambang,1.735,14.3,32.612,69.496
2026-06-09 03:00:00,GS001,Area Dasar Tambang,1.588,11.403,31.93,75.411
2026-06-09 03:05:00,GS001,Area Dasar Tambang,1.24,9.832,37.779,72.22
2026-06-09 03:10:00,GS001,Area Dasar Tambang,1.064,8.609,30.938,75.714
2026-06-09 03:15:00,GS001,Area Dasar Tambang,0.906,5.855,30.886,72.495
2026-06-09 03:20:00,GS001,Area Dasar Tambang,0.738,4.165,28.417,82.114
2026-06-09 03:25:00,GS001,Area Dasar Tambang,0.584,3.128,35.009,80.58
2026-06-09 03:30:00,GS001,Area Dasar Tambang,0.443,1.883,29.8,79.755
2026-06-09 03:35:00,GS001,Area Dasar Tambang,0.739,3.995,29.596,76.629
2026-06-09 03:40:00,GS001,Area Dasar Tambang,1.005,6.654,31.502,81.127
2026-06-09 03:45:00,GS001,Area Dasar Tambang,1.269,8.811,31.646,73.473
2026-06-09 03:50:00,GS001,Area Dasar Tambang,1.551,11.728,35.362,76.371
2026-06-09 03:55:00,GS001,Area Dasar Tambang,1.976,17.08,34.489,68.833
2026-06-09 04:00:00,GS001,Area Dasar Tambang,2.212,20.397,32.797,70.311
2026-06-09 04:05:00,GS001,Area Dasar Tambang,2.298,22.818,32.553,74.796
2026-06-09 04:10:00,GS001,Area Dasar Tambang,2.237,17.668,33.734,71.63
2026-06-09 04:15:00,GS001,Area Dasar Tambang,2.023,13.184,27.504,70.18
2026-06-09 04:20:00,GS001,Area Dasar Tambang,1.171,10.07,32.802,76.203
2026-06-09 04:25:00,GS001,Area Dasar Tambang,1.053,7.2,33.577,68.811
2026-06-09 04:30:00,GS001,Area Dasar Tambang,0.797,5.062,30.95,70.755
2026-06-09 04:35:00,GS001,Area Dasar Tambang,0.387,2.063,30.095,76.147
2026-06-09 04:40:00,GS001,Area Dasar Tambang,0.453,2.867,31.326,76.034
2026-06-09 04:45:00,GS001,Area Dasar Tambang,0.775,4.047,29.694,79.018
2026-06-09 04:50:00,GS001,Area Dasar Tambang,0.893,5.518,31.619,78.819
2026-06-09 04:55:00,GS001,Area Dasar Tambang,1.181,8.62,31.613,72.097
2026-06-09 05:00:00,GS001,Area Dasar Tambang,0.985,7.432,28.312,69.268
2026-06-09 05:05:00,GS001,Area Dasar Tambang,0.861,5.771,30.96,75.358
2026-06-09 05:10:00,GS001,Area Dasar Tambang,0.766,4.783,30.748,77.761
2026-06-09 05:15:00,GS001,Area Dasar Tambang,0.817,4.438,32.699,70.697
2026-06-09 05:20:00,GS001,Area Dasar Tambang,0.545,3.213,29.329,75.173
2026-06-09 05:25:00,GS001,Area Dasar Tambang,0.707,5.092,29.595,74.744
2026-06-09 05:30:00,GS001,Area Dasar Tambang,1.111,6.432,30.068,80.3
2026-06-09 05:35:00,GS001,Area Dasar Tambang,1.232,8.21,31.396,71.189
2026-06-09 05:40:00,GS001,Area Dasar Tambang,1.368,11.37,30.204,70.239
2026-06-09 05:45:00,GS001,Area Dasar Tambang,1.654,11.481,34.432,70.987
2026-06-09 05:50:00,GS001,Area Dasar Tambang,1.943,15.02,32.82,69.261
2026-06-09 05:55:00,GS001,Area Dasar Tambang,1.969,17.897,32.068,75.217
2026-06-09 06:00:00,GS001,Area Dasar Tambang,1.826,13.661,32.189,71.005
2026-06-09 06:05:00,GS001,Area Dasar Tambang,1.33,11.735,33.668,65.981
2026-06-09 06:10:00,GS001,Area Dasar Tambang,1.349,10.847,32.677,64.735
2026-06-09 06:15:00,GS001,Area Dasar Tambang,1.016,8.89,29.641,69.719
2026-06-09 06:20:00,GS001,Area Dasar Tambang,0.95,6.273,32.125,75.312
2026-06-09 06:25:00,GS001,Area Dasar Tambang,0.668,4.129,31.628,81.117
2026-06-09 06:30:00,GS001,Area Dasar Tambang,0.608,2.87,30.259,77.25
2026-06-09 06:35:00,GS001,Area Dasar Tambang,0.584,1.953,33.685,79.732
2026-06-09 06:40:00,GS001,Area Dasar Tambang,0.803,3.904,32.263,80.03
2026-06-09 06:45:00,GS001,Area Dasar Tambang,1.026,6.581,26.913,76.952
2026-06-09 06:50:00,GS001,Area Dasar Tambang,1.392,10.259,34.388,77.225
2026-06-09 06:55:00,GS001,Area Dasar Tambang,1.733,13.214,33.625,75.121
2026-06-09 07:00:00,GS001,Area Dasar Tambang,1.941,15.596,32.413,69.332
2026-06-09 07:05:00,GS001,Area Dasar Tambang,2.187,20.291,37.045,74.813
2026-06-09 07:10:00,GS001,Area Dasar Tambang,2.677,26.637,33.865,66.964
2026-06-09 07:15:00,GS001,Area Dasar Tambang,1.971,19.388,31.942,77.712
2026-06-09 07:20:00,GS001,Area Dasar Tambang,1.667,14.773,32.122,71.896
2026-06-09 07:25:00,GS001,Area Dasar Tambang,1.496,10.35,30.825,71.194
2026-06-09 07:30:00,GS001,Area Dasar Tambang,1.135,7.005,35.09,72.246
2026-06-09 07:35:00,GS001,Area Dasar Tambang,0.882,5.025,28.672,72.636
2026-06-09 07:40:00,GS001,Area Dasar Tambang,0.35,1.881,29.954,79.215
2026-06-09 07:45:00,GS001,Area Dasar Tambang,0.529,3.146,30.164,80.431
2026-06-09 07:50:00,GS001,Area Dasar Tambang,0.609,4.37,29.553,62.412
2026-06-09 07:55:00,GS001,Area Dasar Tambang,0.877,5.865,32.055,79.599
2026-06-09 08:00:00,GS001,Area Dasar Tambang,1.138,7.43,29.711,78.954
2026-06-09 08:05:00,GS001,Area Dasar Tambang,1.154,7.339,32.887,70.51
2026-06-09 08:10:00,GS001,Area Dasar Tambang,0.868,6.246,29.755,76.468
2026-06-09 08:15:00,GS001,Area Dasar Tambang,0.807,5.095,32.329,68.015
2026-06-09 08:20:00,GS001,Area Dasar Tambang,0.787,3.953,33.717,80.34
2026-06-09 08:25:00,GS001,Area Dasar Tambang,0.598,3.005,28.374,77.016
2026-06-09 08:30:00,GS001,Area Dasar Tambang,0.833,4.762,30.262,78.153
2026-06-09 08:35:00,GS001,Area Dasar Tambang,1.08,6.714,30.19,78.663
2026-06-09 08:40:00,GS001,Area Dasar Tambang,1.174,9.467,30.567,70.1
2026-06-09 08:45:00,GS001,Area Dasar Tambang,1.473,10.792,32.108,74.588
2026-06-09 08:50:00,GS001,Area Dasar Tambang,1.454,12.847,33.091,72.953
2026-06-09 08:55:00,GS001,Area Dasar Tambang,1.766,14.654,33.393,68.778
2026-06-09 09:00:00,GS001,Area Dasar Tambang,1.853,17.733,30.89,76.902
2026-06-09 09:05:00,GS001,Area Dasar Tambang,1.589,12.874,33.598,80.199
2026-06-09 09:10:00,GS001,Area Dasar Tambang,1.535,11.785,33.07,62.41
2026-06-09 09:15:00,GS001,Area Dasar Tambang,1.286,10.298,35.006,66.094
2026-06-09 09:20:00,GS001,Area Dasar Tambang,1.106,8.32,35.422,71.947
2026-06-09 09:25:00,GS001,Area Dasar Tambang,0.89,6.596,28.667,77.307
2026-06-09 09:30:00,GS001,Area Dasar Tambang,0.667,4.231,31.998,77.234
2026-06-09 09:35:00,GS001,Area Dasar Tambang,0.564,3.214,30.086,82.796
2026-06-09 09:40:00,GS001,Area Dasar Tambang,0.589,2.083,30.787,80.186
2026-06-09 09:45:00,GS001,Area Dasar Tambang,0.725,4.309,30.671,77.27
2026-06-09 09:50:00,GS001,Area Dasar Tambang,1.048,7.803,30.95,70.321
2026-06-09 09:55:00,GS001,Area Dasar Tambang,1.415,9.197,30.674,76.087
2026-06-09 10:00:00,GS001,Area Dasar Tambang,1.692,11.953,29.027,64.28
2026-06-09 10:05:00,GS001,Area Dasar Tambang,1.849,15.878,30.91,72.297
2026-06-09 10:10:00,GS001,Area Dasar Tambang,2.218,18.87,29.848,72.561
2026-06-09 10:15:00,GS001,Area Dasar Tambang,2.505,25.496,32.629,66.96
2026-06-09 10:20:00,GS001,Area Dasar Tambang,2.141,17.467,32.456,69.285
2026-06-09 10:25:00,GS001,Area Dasar Tambang,1.599,14.331,35.946,78.528
2026-06-09 10:30:00,GS001,Area Dasar Tambang,1.44,9.418,33.15,77.349
2026-06-09 10:35:00,GS001,Area Dasar Tambang,0.909,6.992,31.314,71.576
2026-06-09 10:40:00,GS001,Area Dasar Tambang,0.802,4.886,32.604,76.846
2026-06-09 10:45:00,GS001,Area Dasar Tambang,0.445,2.012,32.178,82.503
2026-06-09 10:50:00,GS001,Area Dasar Tambang,0.488,2.813,31.572,80.316
2026-06-09 10:55:00,GS001,Area Dasar Tambang,0.685,4.094,33.08,82.362
2026-06-09 11:00:00,GS001,Area Dasar Tambang,0.922,6.055,34.319,75.835
2026-06-09 11:05:00,GS001,Area Dasar Tambang,1.119,8.298,29.149,86.71
2026-06-09 11:10:00,GS001,Area Dasar Tambang,0.984,7.475,31.518,74.035
2026-06-09 11:15:00,GS001,Area Dasar Tambang,0.889,6.562,31.651,69.174
2026-06-09 11:20:00,GS001,Area Dasar Tambang,0.864,5.362,30.193,66.323
2026-06-09 11:25:00,GS001,Area Dasar Tambang,0.851,4.018,33.679,77.066
2026-06-09 11:30:00,GS001,Area Dasar Tambang,0.649,2.955,35.411,71.772
2026-06-09 11:35:00,GS001,Area Dasar Tambang,0.819,4.976,30.816,79.652
2026-06-09 11:40:00,GS001,Area Dasar Tambang,0.954,6.595,32.244,72.854
2026-06-09 11:45:00,GS001,Area Dasar Tambang,1.242,9.409,30.711,82.034
2026-06-09 11:50:00,GS001,Area Dasar Tambang,1.472,11.15,32.652,80.077
2026-06-09 11:55:00,GS001,Area Dasar Tambang,1.557,14.093,31.008,71.026
2026-06-09 12:00:00,GS001,Area Dasar Tambang,1.766,14.064,34.112,70.685
2026-06-09 12:05:00,GS001,Area Dasar Tambang,1.79,19.783,33.195,72.399
2026-06-09 12:10:00,GS001,Area Dasar Tambang,1.632,13.497,35.823,80.782
2026-06-09 12:15:00,GS001,Area Dasar Tambang,1.563,11.777,32.445,70.741
2026-06-09 12:20:00,GS001,Area Dasar Tambang,1.313,10.748,35.404,73.296
2026-06-09 12:25:00,GS001,Area Dasar Tambang,1.155,7.836,31.831,77.088
2026-06-09 12:30:00,GS001,Area Dasar Tambang,0.853,5.433,35.919,80.934
2026-06-09 12:35:00,GS001,Area Dasar Tambang,0.678,4.085,29.242,77.787
2026-06-09 12:40:00,GS001,Area Dasar Tambang,0.605,3.208,32.334,83.832
2026-06-09 12:45:00,GS001,Area Dasar Tambang,0.552,2.198,30.434,88.461
2026-06-09 12:50:00,GS001,Area Dasar Tambang,0.739,3.801,29.013,71.881
2026-06-09 12:55:00,GS001,Area Dasar Tambang,1.06,6.856,29.794,82.262
2026-06-09 13:00:00,GS001,Area Dasar Tambang,1.333,11.249,29.657,71.988
2026-06-09 13:05:00,GS001,Area Dasar Tambang,1.871,13.039,31.295,73.512
2026-06-09 13:10:00,GS001,Area Dasar Tambang,1.959,13.976,29.575,75.068
2026-06-09 13:15:00,GS001,Area Dasar Tambang,2.086,19.225,33.676,69.34
2026-06-09 13:20:00,GS001,Area Dasar Tambang,2.527,25.134,33.133,74.262
2026-06-09 13:25:00,GS001,Area Dasar Tambang,2.144,17.819,33.225,72.297
2026-06-09 13:30:00,GS001,Area Dasar Tambang,1.748,13.792,35.064,79.243
2026-06-09 13:35:00,GS001,Area Dasar Tambang,1.382,10.118,32.427,64.965
2026-06-09 13:40:00,GS001,Area Dasar Tambang,1.029,7.138,31.94,79.504
2026-06-09 13:45:00,GS001,Area Dasar Tambang,0.813,5.189,32.997,75.176
2026-06-09 13:50:00,GS001,Area Dasar Tambang,0.462,1.969,30.094,73.151
2026-06-09 13:55:00,GS001,Area Dasar Tambang,0.602,2.789,34.113,75.471
2026-06-09 14:00:00,GS001,Area Dasar Tambang,0.751,4.246,29.988,71.328
2026-06-09 14:05:00,GS001,Area Dasar Tambang,0.968,5.559,32.172,68.739
2026-06-09 14:10:00,GS001,Area Dasar Tambang,1.082,7.215,32.412,77.571
2026-06-09 14:15:00,GS001,Area Dasar Tambang,0.978,7.205,30.669,72.438
2026-06-09 14:20:00,GS001,Area Dasar Tambang,0.886,6.008,32.513,81.435
2026-06-09 14:25:00,GS001,Area Dasar Tambang,0.782,5.031,32.576,81.429
2026-06-09 14:30:00,GS001,Area Dasar Tambang,0.691,4.024,26.47,82.922
2026-06-09 14:35:00,GS001,Area Dasar Tambang,0.635,3.031,28.639,75.94
2026-06-09 14:40:00,GS001,Area Dasar Tambang,0.859,4.947,31.614,74.343
2026-06-09 14:45:00,GS001,Area Dasar Tambang,0.94,7.301,27.717,71.888
2026-06-09 14:50:00,GS001,Area Dasar Tambang,1.299,8.099,29.082,69.27
2026-06-09 14:55:00,GS001,Area Dasar Tambang,1.39,10.797,33.507,73.664
2026-06-09 15:00:00,GS001,Area Dasar Tambang,1.682,13.77,30.207,66.103
2026-06-09 15:05:00,GS001,Area Dasar Tambang,1.937,15.233,30.726,77.876
2026-06-09 15:10:00,GS001,Area Dasar Tambang,2.149,17.256,35.431,62.425
2026-06-09 15:15:00,GS001,Area Dasar Tambang,1.743,13.536,33.629,76.506
2026-06-09 15:20:00,GS001,Area Dasar Tambang,1.599,12.113,32.006,82.298
2026-06-09 15:25:00,GS001,Area Dasar Tambang,1.377,10.283,32.001,66.453
2026-06-09 15:30:00,GS001,Area Dasar Tambang,1.044,8.099,31.224,77.011
2026-06-09 15:35:00,GS001,Area Dasar Tambang,0.852,5.879,30.047,77.901
2026-06-09 15:40:00,GS001,Area Dasar Tambang,0.739,3.851,30.194,70.512
2026-06-09 15:45:00,GS001,Area Dasar Tambang,0.733,2.91,29.834,78.344
2026-06-09 15:50:00,GS001,Area Dasar Tambang,0.464,2.013,32.435,85.019
2026-06-09 15:55:00,GS001,Area Dasar Tambang,0.753,3.897,30.589,69.282
2026-06-09 16:00:00,GS001,Area Dasar Tambang,1.153,7.688,33.188,70.909
2026-06-09 16:05:00,GS001,Area Dasar Tambang,1.24,10.607,30.634,69.889
2026-06-09 16:10:00,GS001,Area Dasar Tambang,1.497,13.129,34.206,69.216
2026-06-09 16:15:00,GS001,Area Dasar Tambang,2.021,15.653,34.525,76.193
2026-06-09 16:20:00,GS001,Area Dasar Tambang,2.19,19.59,31.708,72.589
2026-06-09 16:25:00,GS001,Area Dasar Tambang,2.281,21.45,30.749,75.651
2026-06-09 16:30:00,GS001,Area Dasar Tambang,2.075,17.908,36.366,76.242
2026-06-09 16:35:00,GS001,Area Dasar Tambang,1.692,13.662,32.562,78.671
2026-06-09 16:40:00,GS001,Area Dasar Tambang,1.385,9.681,34.231,74.364
2026-06-09 16:45:00,GS001,Area Dasar Tambang,1.029,6.941,32.429,75.044
2026-06-09 16:50:00,GS001,Area Dasar Tambang,0.803,4.765,32.98,80.537
2026-06-09 16:55:00,GS001,Area Dasar Tambang,0.361,1.913,33.999,81.439
2026-06-09 17:00:00,GS001,Area Dasar Tambang,0.424,2.921,32.288,76.643
2026-06-09 17:05:00,GS001,Area Dasar Tambang,0.737,3.848,31.226,74.714
2026-06-09 17:10:00,GS001,Area Dasar Tambang,0.83,5.72,33.692,70.853
2026-06-09 17:15:00,GS001,Area Dasar Tambang,1.153,8.669,33.098,75.732
2026-06-09 17:20:00,GS001,Area Dasar Tambang,1.049,6.444,27.53,75.941
2026-06-09 17:25:00,GS001,Area Dasar Tambang,0.884,5.973,31.121,70.97
2026-06-09 17:30:00,GS001,Area Dasar Tambang,0.725,5.302,31.786,77.43
2026-06-09 17:35:00,GS001,Area Dasar Tambang,0.577,4.063,30.619,76.536
2026-06-09 17:40:00,GS001,Area Dasar Tambang,0.571,2.951,36.282,81.91
2026-06-09 17:45:00,GS001,Area Dasar Tambang,0.715,5.628,28.001,82.933
2026-06-09 17:50:00,GS001,Area Dasar Tambang,1.08,6.862,27.783,73.902
2026-06-09 17:55:00,GS001,Area Dasar Tambang,1.165,9.491,34.725,75.375
2026-06-09 18:00:00,GS001,Area Dasar Tambang,1.324,12.168,32.4,81.666
2026-06-09 18:05:00,GS001,Area Dasar Tambang,1.574,12.709,30.89,75.193
2026-06-09 18:10:00,GS001,Area Dasar Tambang,1.902,16.486,32.527,75.978
2026-06-09 18:15:00,GS001,Area Dasar Tambang,2.159,19.224,33.012,75.891
2026-06-09 18:20:00,GS001,Area Dasar Tambang,1.57,14.527,30.121,69.534
2026-06-09 18:25:00,GS001,Area Dasar Tambang,1.405,11.606,31.656,88.994
2026-06-09 18:30:00,GS001,Area Dasar Tambang,1.228,9.788,35.73,81.237
2026-06-09 18:35:00,GS001,Area Dasar Tambang,1.075,8.261,30.021,77.152
2026-06-09 18:40:00,GS001,Area Dasar Tambang,0.906,4.931,30.563,68.988
2026-06-09 18:45:00,GS001,Area Dasar Tambang,0.606,3.335,29.381,78.21
2026-06-09 18:50:00,GS001,Area Dasar Tambang,0.591,2.983,32.089,81.619
2026-06-09 18:55:00,GS001,Area Dasar Tambang,0.481,2.135,31.707,75.707
2026-06-09 19:00:00,GS001,Area Dasar Tambang,0.639,3.913,31.524,75.719
2026-06-09 19:05:00,GS001,Area Dasar Tambang,1.02,6.84,33.111,73.449
2026-06-09 19:10:00,GS001,Area Dasar Tambang,1.313,10.326,31.748,76.196
2026-06-09 19:15:00,GS001,Area Dasar Tambang,1.491,12.532,33.704,68.017
2026-06-09 19:20:00,GS001,Area Dasar Tambang,1.888,15.618,32.122,72.03
2026-06-09 19:25:00,GS001,Area Dasar Tambang,2.201,21.422,33.585,78.271
2026-06-09 19:30:00,GS001,Area Dasar Tambang,2.56,21.94,32.38,73.751
2026-06-09 19:35:00,GS001,Area Dasar Tambang,2.178,20.401,33.017,71.403
2026-06-09 19:40:00,GS001,Area Dasar Tambang,1.752,13.899,30.748,69.593
2026-06-09 19:45:00,GS001,Area Dasar Tambang,1.439,10.351,33.518,75.49
2026-06-09 19:50:00,GS001,Area Dasar Tambang,0.905,6.943,32.162,82.181
2026-06-09 19:55:00,GS001,Area Dasar Tambang,0.801,4.894,30.624,70.674
2026-06-09 20:00:00,GS001,Area Dasar Tambang,0.343,2.172,28.657,73.927
2026-06-09 20:05:00,GS001,Area Dasar Tambang,0.478,3.134,28.344,80.152
2026-06-09 20:10:00,GS001,Area Dasar Tambang,0.757,4.059,31.188,79.478
2026-06-09 20:15:00,GS001,Area Dasar Tambang,1.003,6.401,31.35,76.776
2026-06-09 20:20:00,GS001,Area Dasar Tambang,1.049,7.175,26.682,78.462
2026-06-09 20:25:00,GS001,Area Dasar Tambang,1.027,7.276,31.146,75.862
2026-06-09 20:30:00,GS001,Area Dasar Tambang,0.906,5.724,32.225,75.069
2026-06-09 20:35:00,GS001,Area Dasar Tambang,0.804,4.533,32.867,71.119
2026-06-09 20:40:00,GS001,Area Dasar Tambang,0.813,4.086,32.455,75.089
2026-06-09 20:45:00,GS001,Area Dasar Tambang,0.683,2.777,29.317,77.723
2026-06-09 20:50:00,GS001,Area Dasar Tambang,0.759,5.193,31.325,83.089
2026-06-09 20:55:00,GS001,Area Dasar Tambang,1.016,7.576,33.884,76.546
2026-06-09 21:00:00,GS001,Area Dasar Tambang,1.106,8.909,28.709,78.592
2026-06-09 21:05:00,GS001,Area Dasar Tambang,1.474,11.889,33.212,80.864
2026-06-09 21:10:00,GS001,Area Dasar Tambang,1.666,15.055,32.14,69.867
2026-06-09 21:15:00,GS001,Area Dasar Tambang,1.554,17.041,34.257,71.472
2026-06-09 21:20:00,GS001,Area Dasar Tambang,2.042,19.209,35.016,66.512
2026-06-09 21:25:00,GS001,Area Dasar Tambang,1.678,13.988,28.471,76.743
2026-06-09 21:30:00,GS001,Area Dasar Tambang,1.441,12.016,36.487,69.105
2026-06-09 21:35:00,GS001,Area Dasar Tambang,1.323,10.088,31.071,76.27
2026-06-09 21:40:00,GS001,Area Dasar Tambang,1.085,8.469,33.583,72.996
2026-06-09 21:45:00,GS001,Area Dasar Tambang,0.859,6.517,32.481,72.672
2026-06-09 21:50:00,GS001,Area Dasar Tambang,0.63,4.036,33.998,74.516
2026-06-09 21:55:00,GS001,Area Dasar Tambang,0.523,3.166,30.593,72.17
2026-06-09 22:00:00,GS001,Area Dasar Tambang,0.492,1.952,34.659,83.17
2026-06-09 22:05:00,GS001,Area Dasar Tambang,0.697,4.058,33.082,79.849
2026-06-09 22:10:00,GS001,Area Dasar Tambang,1.06,7.772,30.522,76.238
2026-06-09 22:15:00,GS001,Area Dasar Tambang,1.261,9.191,32.145,76.687
2026-06-09 22:20:00,GS001,Area Dasar Tambang,1.679,12.96,34.475,68.869
2026-06-09 22:25:00,GS001,Area Dasar Tambang,1.876,16.549,31.602,66.99
2026-06-09 22:30:00,GS001,Area Dasar Tambang,2.294,20.305,32.308,75.267
2026-06-09 22:35:00,GS001,Area Dasar Tambang,2.627,23.591,35.231,71.176
2026-06-09 22:40:00,GS001,Area Dasar Tambang,2.14,19.004,33.37,76.809
2026-06-09 22:45:00,GS001,Area Dasar Tambang,1.933,13.104,31.958,72.116
2026-06-09 22:50:00,GS001,Area Dasar Tambang,1.245,11.137,34.428,71.19
2026-06-09 22:55:00,GS001,Area Dasar Tambang,1.069,6.178,30.033,84.395
2026-06-09 23:00:00,GS001,Area Dasar Tambang,0.775,5.246,32.788,78.299
2026-06-09 23:05:00,GS001,Area Dasar Tambang,0.434,2.059,28.795,74.828
2026-06-09 23:10:00,GS001,Area Dasar Tambang,0.467,3.108,32.529,80.016
2026-06-09 23:15:00,GS001,Area Dasar Tambang,0.761,4.241,30.587,69.93
2026-06-09 23:20:00,GS001,Area Dasar Tambang,0.939,6.191,33.78,73.23
2026-06-09 23:25:00,GS001,Area Dasar Tambang,1.045,7.458,30.77,84.407
2026-06-09 23:30:00,GS001,Area Dasar Tambang,0.983,7.062,32.335,74.637
2026-06-09 23:35:00,GS001,Area Dasar Tambang,0.814,5.733,32.123,84.217
2026-06-09 23:40:00,GS001,Area Dasar Tambang,0.903,4.905,32.912,79.765
2026-06-09 23:45:00,GS001,Area Dasar Tambang,0.648,4.004,30.862,73.292
2026-06-09 23:50:00,GS001,Area Dasar Tambang,0.632,2.918,34.502,72.61
2026-06-09 23:55:00,GS001,Area Dasar Tambang,0.833,5.186,32.051,75.066
2026-06-10 00:00:00,GS001,Area Dasar Tambang,1.018,7.073,30.807,69.795
2026-06-10 00:05:00,GS001,Area Dasar Tambang,1.208,8.216,33.372,73.635
2026-06-10 00:10:00,GS001,Area Dasar Tambang,1.578,12.259,32.228,77.062
2026-06-10 00:15:00,GS001,Area Dasar Tambang,1.418,14.34,34.16,71.303
2026-06-10 00:20:00,GS001,Area Dasar Tambang,1.756,14.885,34.09,75.359
2026-06-10 00:25:00,GS001,Area Dasar Tambang,2.01,17.192,35.127,70.424
2026-06-10 00:30:00,GS001,Area Dasar Tambang,1.71,14.876,29.886,72.363
2026-06-10 00:35:00,GS001,Area Dasar Tambang,1.655,12.162,27.428,70.221
2026-06-10 00:40:00,GS001,Area Dasar Tambang,1.335,10.193,34.352,79.717
2026-06-10 00:45:00,GS001,Area Dasar Tambang,1.031,8.376,29.468,73.299
2026-06-10 00:50:00,GS001,Area Dasar Tambang,0.889,5.524,33.875,76.514
2026-06-10 00:55:00,GS001,Area Dasar Tambang,0.716,4.119,31.194,69.036
2026-06-10 01:00:00,GS001,Area Dasar Tambang,0.677,3.034,30.026,80.845
2026-06-10 01:05:00,GS001,Area Dasar Tambang,0.445,1.774,27.096,82.645
2026-06-10 01:10:00,GS001,Area Dasar Tambang,0.694,3.593,30.743,77.182
2026-06-10 01:15:00,GS001,Area Dasar Tambang,0.955,6.861,32.15,77.461
2026-06-10 01:20:00,GS001,Area Dasar Tambang,1.366,9.648,31.188,78.001
2026-06-10 01:25:00,GS001,Area Dasar Tambang,1.544,12.244,32.589,68.607
2026-06-10 01:30:00,GS001,Area Dasar Tambang,1.873,16.801,31.456,78.727
2026-06-10 01:35:00,GS001,Area Dasar Tambang,2.144,19.182,34.683,75.632
2026-06-10 01:40:00,GS001,Area Dasar Tambang,2.519,23.692,32.413,70.266
2026-06-10 01:45:00,GS001,Area Dasar Tambang,2.171,17.649,34.778,74.144
2026-06-10 01:50:00,GS001,Area Dasar Tambang,1.631,14.905,36.296,78.017
2026-06-10 01:55:00,GS001,Area Dasar Tambang,1.437,10.401,28.476,67.36
2026-06-10 02:00:00,GS001,Area Dasar Tambang,0.999,6.489,30.281,75.475
2026-06-10 02:05:00,GS001,Area Dasar Tambang,0.752,4.635,28.771,87.171
2026-06-10 02:10:00,GS001,Area Dasar Tambang,0.365,2.08,30.483,81.63
2026-06-10 02:15:00,GS001,Area Dasar Tambang,0.583,2.896,33.811,77.113
2026-06-10 02:20:00,GS001,Area Dasar Tambang,0.742,3.846,27.612,73.924
2026-06-10 02:25:00,GS001,Area Dasar Tambang,0.94,6.373,31.225,71.678
2026-06-10 02:30:00,GS001,Area Dasar Tambang,1.226,8.383,32.532,81.401
2026-06-10 02:35:00,GS001,Area Dasar Tambang,0.9,6.843,30.51,73.719
2026-06-10 02:40:00,GS001,Area Dasar Tambang,0.859,6.599,30.258,74.949
2026-06-10 02:45:00,GS001,Area Dasar Tambang,0.806,4.34,29.792,79.653
2026-06-10 02:50:00,GS001,Area Dasar Tambang,0.646,4.025,29.329,76.651
2026-06-10 02:55:00,GS001,Area Dasar Tambang,0.534,2.81,34.665,80.653
2026-06-10 03:00:00,GS001,Area Dasar Tambang,0.817,4.617,29.255,73.673
2026-06-10 03:05:00,GS001,Area Dasar Tambang,1.039,6.263,30.091,71.913
2026-06-10 03:10:00,GS001,Area Dasar Tambang,1.225,9.784,32.188,76.974
2026-06-10 03:15:00,GS001,Area Dasar Tambang,1.378,11.622,33.097,79.871
2026-06-10 03:20:00,GS001,Area Dasar Tambang,1.627,12.484,31.365,77.892
2026-06-10 03:25:00,GS001,Area Dasar Tambang,1.81,14.823,32.318,76.259
2026-06-10 03:30:00,GS001,Area Dasar Tambang,1.864,17.294,32.689,65.931
2026-06-10 03:35:00,GS001,Area Dasar Tambang,1.614,14.991,34.278,76.42
2026-06-10 03:40:00,GS001,Area Dasar Tambang,1.792,12.288,32.335,71.131
2026-06-10 03:45:00,GS001,Area Dasar Tambang,1.229,10.1,32.296,76.721
2026-06-10 03:50:00,GS001,Area Dasar Tambang,1.116,8.455,33.283,81.833
2026-06-10 03:55:00,GS001,Area Dasar Tambang,0.865,5.822,32.297,80.837
2026-06-10 04:00:00,GS001,Area Dasar Tambang,0.595,3.899,29.163,81.287
2026-06-10 04:05:00,GS001,Area Dasar Tambang,0.686,3.145,32.863,79.79
2026-06-10 04:10:00,GS001,Area Dasar Tambang,0.501,2.028,31.867,75.849
2026-06-10 04:15:00,GS001,Area Dasar Tambang,0.617,3.947,30.85,71.363
2026-06-10 04:20:00,GS001,Area Dasar Tambang,0.941,7.203,31.233,71.078
2026-06-10 04:25:00,GS001,Area Dasar Tambang,1.424,9.927,34.659,81.341
2026-06-10 04:30:00,GS001,Area Dasar Tambang,1.57,13.216,34.029,74.691
2026-06-10 04:35:00,GS001,Area Dasar Tambang,2.07,16.204,31.667,75.182
2026-06-10 04:40:00,GS001,Area Dasar Tambang,2.132,20.533,32.836,67.677
2026-06-10 04:45:00,GS001,Area Dasar Tambang,2.427,21.752,35.418,71.845
2026-06-10 04:50:00,GS001,Area Dasar Tambang,2.011,17.123,35.994,68.765
2026-06-10 04:55:00,GS001,Area Dasar Tambang,1.828,13.408,31.189,70.179
2026-06-10 05:00:00,GS001,Area Dasar Tambang,1.518,9.997,30.803,68.197
2026-06-10 05:05:00,GS001,Area Dasar Tambang,0.984,6.297,32.113,80.382
2026-06-10 05:10:00,GS001,Area Dasar Tambang,0.906,5.057,31.879,79.084
2026-06-10 05:15:00,GS001,Area Dasar Tambang,0.404,2.101,35.483,72.076
2026-06-10 05:20:00,GS001,Area Dasar Tambang,0.52,3.095,31.099,75.502
2026-06-10 05:25:00,GS001,Area Dasar Tambang,0.647,3.967,31.196,73.048
2026-06-10 05:30:00,GS001,Area Dasar Tambang,0.861,5.556,31.526,78.64
2026-06-10 05:35:00,GS001,Area Dasar Tambang,1.03,8.217,29.754,76.88
2026-06-10 05:40:00,GS001,Area Dasar Tambang,0.99,6.991,31.993,78.562
2026-06-10 05:45:00,GS001,Area Dasar Tambang,0.831,5.86,33.145,77.007
2026-06-10 05:50:00,GS001,Area Dasar Tambang,0.875,4.91,30.494,66.126
2026-06-10 05:55:00,GS001,Area Dasar Tambang,0.718,3.914,27.464,79.235
2026-06-10 06:00:00,GS001,Area Dasar Tambang,0.528,3.077,32.651,79.07
2026-06-10 06:05:00,GS001,Area Dasar Tambang,0.764,5.136,32.307,71.843
2026-06-10 06:10:00,GS001,Area Dasar Tambang,1.17,6.773,31.392,79.229
2026-06-10 06:15:00,GS001,Area Dasar Tambang,1.226,9.944,29.5,80.888
2026-06-10 06:20:00,GS001,Area Dasar Tambang,1.429,10.98,29.781,75.428
2026-06-10 06:25:00,GS001,Area Dasar Tambang,1.602,12.537,30.302,83.289
2026-06-10 06:30:00,GS001,Area Dasar Tambang,1.886,15.241,32.319,70.476
2026-06-10 06:35:00,GS001,Area Dasar Tambang,2.207,17.702,31.787,72.983
2026-06-10 06:40:00,GS001,Area Dasar Tambang,1.63,13.604,29.745,78.953
2026-06-10 06:45:00,GS001,Area Dasar Tambang,1.662,12.176,35.421,66.051
2026-06-10 06:50:00,GS001,Area Dasar Tambang,1.384,10.122,34.544,79.373
2026-06-10 06:55:00,GS001,Area Dasar Tambang,1.123,7.938,29.373,69.736
2026-06-10 07:00:00,GS001,Area Dasar Tambang,0.917,6.851,32.08,67.533
2026-06-10 07:05:00,GS001,Area Dasar Tambang,0.766,4.269,28.539,78.106
2026-06-10 07:10:00,GS001,Area Dasar Tambang,0.699,3.213,29.887,78.595
2026-06-10 07:15:00,GS001,Area Dasar Tambang,0.483,1.983,33.63,84.171
2026-06-10 07:20:00,GS001,Area Dasar Tambang,0.713,3.977,30.809,80.07
2026-06-10 07:25:00,GS001,Area Dasar Tambang,1.064,7.433,35.285,78.144
2026-06-10 07:30:00,GS001,Area Dasar Tambang,1.288,9.456,31.786,72.117
2026-06-10 07:35:00,GS001,Area Dasar Tambang,1.487,13.138,32.801,72.618
2026-06-10 07:40:00,GS001,Area Dasar Tambang,1.976,16.087,31.765,72.511
2026-06-10 07:45:00,GS001,Area Dasar Tambang,2.116,20.209,33.186,66.117
2026-06-10 07:50:00,GS001,Area Dasar Tambang,2.575,25.787,34.743,77.726
2026-06-10 07:55:00,GS001,Area Dasar Tambang,2.204,17.564,34.671,69.255
2026-06-10 08:00:00,GS001,Area Dasar Tambang,1.759,14.585,31.714,74.531
2026-06-10 08:05:00,GS001,Area Dasar Tambang,1.423,10.554,33.395,74.043
2026-06-10 08:10:00,GS001,Area Dasar Tambang,1.021,6.293,33.828,66.482
2026-06-10 08:15:00,GS001,Area Dasar Tambang,0.783,5.405,33.423,71.03
2026-06-10 08:20:00,GS001,Area Dasar Tambang,0.252,1.965,32.436,71.071
2026-06-10 08:25:00,GS001,Area Dasar Tambang,0.554,2.911,32.404,72.169
2026-06-10 08:30:00,GS001,Area Dasar Tambang,0.816,3.906,32.833,73.857
2026-06-10 08:35:00,GS001,Area Dasar Tambang,0.842,6.034,32.147,79.09
2026-06-10 08:40:00,GS001,Area Dasar Tambang,1.075,7.338,34.496,79.458
2026-06-10 08:45:00,GS001,Area Dasar Tambang,1.004,7.081,28.505,72.971
2026-06-10 08:50:00,GS001,Area Dasar Tambang,0.941,5.902,32.601,75.095
2026-06-10 08:55:00,GS001,Area Dasar Tambang,0.809,4.961,31.202,73.2
2026-06-10 09:00:00,GS001,Area Dasar Tambang,0.692,3.981,31.931,79.666
2026-06-10 09:05:00,GS001,Area Dasar Tambang,0.667,3.4,30.936,80.639
2026-06-10 09:10:00,GS001,Area Dasar Tambang,0.802,5.584,34.785,72.889
2026-06-10 09:15:00,GS001,Area Dasar Tambang,1.075,6.901,30.035,70.76
2026-06-10 09:20:00,GS001,Area Dasar Tambang,1.167,9.249,31.286,70.537
2026-06-10 09:25:00,GS001,Area Dasar Tambang,1.513,12.088,31.638,75.416
2026-06-10 09:30:00,GS001,Area Dasar Tambang,1.529,13.585,30.35,75.909
2026-06-10 09:35:00,GS001,Area Dasar Tambang,1.77,14.986,32.4,73.488
2026-06-10 09:40:00,GS001,Area Dasar Tambang,2.272,17.812,32.847,77.729
2026-06-10 09:45:00,GS001,Area Dasar Tambang,1.709,13.349,31.367,80.212
2026-06-10 09:50:00,GS001,Area Dasar Tambang,1.62,13.244,29.881,85.979
2026-06-10 09:55:00,GS001,Area Dasar Tambang,1.252,10.686,30.289,78.15
2026-06-10 10:00:00,GS001,Area Dasar Tambang,1.143,7.825,33.178,73.625
2026-06-10 10:05:00,GS001,Area Dasar Tambang,0.984,6.141,29.768,80.43
2026-06-10 10:10:00,GS001,Area Dasar Tambang,0.822,3.737,31.504,70.37
2026-06-10 10:15:00,GS001,Area Dasar Tambang,0.635,3.024,28.806,84.846
2026-06-10 10:20:00,GS001,Area Dasar Tambang,0.468,2.132,31.206,79.901
2026-06-10 10:25:00,GS001,Area Dasar Tambang,0.715,4.149,33.102,82.501
2026-06-10 10:30:00,GS001,Area Dasar Tambang,0.998,7.176,30.59,76.942
2026-06-10 10:35:00,GS001,Area Dasar Tambang,1.28,10.432,33.939,69.172
2026-06-10 10:40:00,GS001,Area Dasar Tambang,1.519,13.465,35.426,78.741
2026-06-10 10:45:00,GS001,Area Dasar Tambang,1.871,15.368,34.568,70.85
2026-06-10 10:50:00,GS001,Area Dasar Tambang,2.331,20.008,32.765,73.504
2026-06-10 10:55:00,GS001,Area Dasar Tambang,2.581,24.998,34.127,70.95
2026-06-10 11:00:00,GS001,Area Dasar Tambang,2.153,19.792,33.579,73.437
2026-06-10 11:05:00,GS001,Area Dasar Tambang,1.787,14.576,29.502,80.139
2026-06-10 11:10:00,GS001,Area Dasar Tambang,1.406,10.185,31.092,67.579
2026-06-10 11:15:00,GS001,Area Dasar Tambang,0.946,7.14,32.86,77.149
2026-06-10 11:20:00,GS001,Area Dasar Tambang,0.798,4.339,30.122,77.793
2026-06-10 11:25:00,GS001,Area Dasar Tambang,0.303,2.018,30.47,84.471
2026-06-10 11:30:00,GS001,Area Dasar Tambang,0.514,3.243,31.985,76.729
2026-06-10 11:35:00,GS001,Area Dasar Tambang,0.758,3.829,29.196,77.267
2026-06-10 11:40:00,GS001,Area Dasar Tambang,1.041,6.076,33.288,77.496
2026-06-10 11:45:00,GS001,Area Dasar Tambang,1.048,7.818,35.265,72.488
2026-06-10 11:50:00,GS001,Area Dasar Tambang,0.993,6.749,28.998,76.355
2026-06-10 11:55:00,GS001,Area Dasar Tambang,0.866,5.934,31.116,77.085
2026-06-10 12:00:00,GS001,Area Dasar Tambang,0.755,5.131,31.004,75.948
2026-06-10 12:05:00,GS001,Area Dasar Tambang,0.684,4.119,32.717,78.653
2026-06-10 12:10:00,GS001,Area Dasar Tambang,0.548,2.881,31.034,70.549
2026-06-10 12:15:00,GS001,Area Dasar Tambang,0.826,5.635,32.456,79.136
2026-06-10 12:20:00,GS001,Area Dasar Tambang,0.959,6.842,33.718,76.856
2026-06-10 12:25:00,GS001,Area Dasar Tambang,1.251,9.553,36.656,74.439
2026-06-10 12:30:00,GS001,Area Dasar Tambang,1.438,10.756,32.464,77.721
2026-06-10 12:35:00,GS001,Area Dasar Tambang,1.721,12.694,34.192,75.574
2026-06-10 12:40:00,GS001,Area Dasar Tambang,1.672,15.694,34.056,70.445
2026-06-10 12:45:00,GS001,Area Dasar Tambang,1.894,18.242,29.053,70.349
2026-06-10 12:50:00,GS001,Area Dasar Tambang,1.873,14.515,31.594,77.038
2026-06-10 12:55:00,GS001,Area Dasar Tambang,1.454,13.245,31.77,73.085
2026-06-10 13:00:00,GS001,Area Dasar Tambang,0.44,2.144,30.854,77.181
2026-06-10 13:05:00,GS001,Area Dasar Tambang,0.556,3.177,30.45,73.904
2026-06-10 13:10:00,GS001,Area Dasar Tambang,0.753,3.753,29.212,76.482
2026-06-10 13:15:00,GS001,Area Dasar Tambang,0.904,5.746,31.679,76.81
2026-06-10 13:20:00,GS001,Area Dasar Tambang,1.079,8.651,32.143,78.385
2026-06-10 13:25:00,GS001,Area Dasar Tambang,0.942,6.59,32.08,80.565
2026-06-10 13:30:00,GS001,Area Dasar Tambang,0.86,6.034,29.849,73.815
2026-06-10 13:35:00,GS001,Area Dasar Tambang,0.808,4.901,29.665,71.963
2026-06-10 13:40:00,GS001,Area Dasar Tambang,0.625,4.076,31.946,78.825
2026-06-10 13:45:00,GS001,Area Dasar Tambang,0.564,3.121,31.979,77.022
2026-06-10 13:50:00,GS001,Area Dasar Tambang,0.794,4.87,31.541,80.916
2026-06-10 13:55:00,GS001,Area Dasar Tambang,1.046,6.928,32.179,71.696
2026-06-10 14:00:00,GS001,Area Dasar Tambang,1.235,8.701,32.678,82.788
2026-06-10 14:05:00,GS001,Area Dasar Tambang,1.368,12.286,32.628,71.781
2026-06-10 14:10:00,GS001,Area Dasar Tambang,1.549,14.23,32.835,71.347
2026-06-10 14:15:00,GS001,Area Dasar Tambang,1.785,15.258,32.489,72.996
2026-06-10 14:20:00,GS001,Area Dasar Tambang,2.142,17.188,33.646,70.793
2026-06-10 14:25:00,GS001,Area Dasar Tambang,1.666,14.6,30.506,65.185
2026-06-10 14:30:00,GS001,Area Dasar Tambang,1.513,11.934,30.458,68.005
2026-06-10 14:35:00,GS001,Area Dasar Tambang,1.4,10.185,32.025,80.498
2026-06-10 14:40:00,GS001,Area Dasar Tambang,1.145,8.566,30.299,71.348
2026-06-10 14:45:00,GS001,Area Dasar Tambang,0.925,6.099,33.075,71.042
2026-06-10 14:50:00,GS001,Area Dasar Tambang,0.728,4.158,32.472,75.747
2026-06-10 14:55:00,GS001,Area Dasar Tambang,0.621,2.907,30.736,73.788
2026-06-10 15:00:00,GS001,Area Dasar Tambang,0.47,1.981,30.391,75.633
2026-06-10 15:05:00,GS001,Area Dasar Tambang,0.648,4.314,30.575,78.016
2026-06-10 15:10:00,GS001,Area Dasar Tambang,0.93,7.38,31.711,74.651
2026-06-10 15:15:00,GS001,Area Dasar Tambang,1.277,10.348,28.132,72.527
2026-06-10 15:20:00,GS001,Area Dasar Tambang,1.592,12.932,35.537,73.001
2026-06-10 15:25:00,GS001,Area Dasar Tambang,1.975,17.159,33.577,71.032
2026-06-10 15:30:00,GS001,Area Dasar Tambang,2.087,20.596,35.171,73.572
2026-06-10 15:35:00,GS001,Area Dasar Tambang,2.623,26.488,34.519,67.874
2026-06-10 15:40:00,GS001,Area Dasar Tambang,2.104,18.987,32.672,76.336
2026-06-10 15:45:00,GS001,Area Dasar Tambang,1.795,14.187,32.143,73.466
2026-06-10 15:50:00,GS001,Area Dasar Tambang,1.412,9.357,31.631,70.35
2026-06-10 15:55:00,GS001,Area Dasar Tambang,0.984,6.777,33.087,78.07
2026-06-10 16:00:00,GS001,Area Dasar Tambang,0.822,4.746,31.376,71.905
2026-06-10 16:05:00,GS001,Area Dasar Tambang,0.372,2.14,32.795,79.062
2026-06-10 16:10:00,GS001,Area Dasar Tambang,0.575,2.891,30.75,80.161
2026-06-10 16:15:00,GS001,Area Dasar Tambang,0.717,3.985,30.684,77.645
2026-06-10 16:20:00,GS001,Area Dasar Tambang,0.842,5.393,31.192,67.611
2026-06-10 16:25:00,GS001,Area Dasar Tambang,1.007,8.088,30.658,73.995
2026-06-10 16:30:00,GS001,Area Dasar Tambang,0.935,6.975,29.503,77.707
2026-06-10 16:35:00,GS001,Area Dasar Tambang,0.93,5.483,30.927,80.11
2026-06-10 16:40:00,GS001,Area Dasar Tambang,0.825,5.184,27.211,72.222
2026-06-10 16:45:00,GS001,Area Dasar Tambang,0.683,4.151,30.24,83.334
2026-06-10 16:50:00,GS001,Area Dasar Tambang,0.546,2.977,28.753,72.251
2026-06-10 16:55:00,GS001,Area Dasar Tambang,0.758,5.334,28.568,69.782
2026-06-10 17:00:00,GS001,Area Dasar Tambang,0.991,6.666,31.999,71.105
2026-06-10 17:05:00,GS001,Area Dasar Tambang,1.205,10.237,34.146,76.226
2026-06-10 17:10:00,GS001,Area Dasar Tambang,1.309,10.509,30.392,70.178
2026-06-10 17:15:00,GS001,Area Dasar Tambang,1.665,12.321,32.592,67.142
2026-06-10 17:20:00,GS001,Area Dasar Tambang,1.799,15.782,33.428,73.078
2026-06-10 17:25:00,GS001,Area Dasar Tambang,1.971,18.081,30.79,72.042
2026-06-10 17:30:00,GS001,Area Dasar Tambang,1.507,14.258,32.089,69.845
2026-06-10 17:35:00,GS001,Area Dasar Tambang,1.637,13.749,31.733,72.463
2026-06-10 17:40:00,GS001,Area Dasar Tambang,1.294,10.337,32.734,75.545
2026-06-10 17:45:00,GS001,Area Dasar Tambang,1.15,7.634,32.018,75.184
2026-06-10 17:50:00,GS001,Area Dasar Tambang,0.825,5.866,30.448,76.228
2026-06-10 17:55:00,GS001,Area Dasar Tambang,0.632,3.826,30.021,75.113
2026-06-10 18:00:00,GS001,Area Dasar Tambang,0.562,3.08,31.434,79.348
2026-06-10 18:05:00,GS001,Area Dasar Tambang,0.441,1.98,29.431,86.722
2026-06-10 18:10:00,GS001,Area Dasar Tambang,0.671,3.88,30.796,83.141
2026-06-10 18:15:00,GS001,Area Dasar Tambang,0.893,7.197,31.516,71.893
2026-06-10 18:20:00,GS001,Area Dasar Tambang,1.32,9.507,29.448,77.249
2026-06-10 18:25:00,GS001,Area Dasar Tambang,1.752,14.172,34.285,70.287
2026-06-10 18:30:00,GS001,Area Dasar Tambang,1.954,14.966,32.726,72.521
2026-06-10 18:35:00,GS001,Area Dasar Tambang,2.157,19.093,31.429,69.783
2026-06-10 18:40:00,GS001,Area Dasar Tambang,2.464,22.557,34.326,57.931
2026-06-10 18:45:00,GS001,Area Dasar Tambang,2.197,17.172,36.288,71.015
2026-06-10 18:50:00,GS001,Area Dasar Tambang,1.805,12.853,35.597,77.567
2026-06-10 18:55:00,GS001,Area Dasar Tambang,1.421,11.156,31.197,78.922
2026-06-10 19:00:00,GS001,Area Dasar Tambang,1.017,7.397,33.375,71.245
2026-06-10 19:05:00,GS001,Area Dasar Tambang,0.749,4.558,32.758,76.547
2026-06-10 19:10:00,GS001,Area Dasar Tambang,0.324,1.875,31.307,76.71
2026-06-10 19:15:00,GS001,Area Dasar Tambang,0.557,3.537,32.108,77.05
2026-06-10 19:20:00,GS001,Area Dasar Tambang,0.678,3.658,31.042,73.81
2026-06-10 19:25:00,GS001,Area Dasar Tambang,0.817,6.415,32.329,74.048
2026-06-10 19:30:00,GS001,Area Dasar Tambang,1.1,7.443,34.27,76.482
2026-06-10 19:35:00,GS001,Area Dasar Tambang,1.088,6.635,32.478,73.428
2026-06-10 19:40:00,GS001,Area Dasar Tambang,0.814,5.848,30.105,68.209
2026-06-10 19:45:00,GS001,Area Dasar Tambang,0.769,4.759,30.427,68.819
2026-06-10 19:50:00,GS001,Area Dasar Tambang,0.722,4.133,30.186,78.868
2026-06-10 19:55:00,GS001,Area Dasar Tambang,0.679,3.038,31.089,74.672
2026-06-10 20:00:00,GS001,Area Dasar Tambang,0.827,5.522,30.038,71.583
2026-06-10 20:05:00,GS001,Area Dasar Tambang,1.028,7.539,34.094,79.637
2026-06-10 20:10:00,GS001,Area Dasar Tambang,1.311,9.288,31.228,81.338
2026-06-10 20:15:00,GS001,Area Dasar Tambang,1.341,10.243,31.459,75.98
2026-06-10 20:20:00,GS001,Area Dasar Tambang,1.58,13.532,32.975,72.177
2026-06-10 20:25:00,GS001,Area Dasar Tambang,1.765,14.608,31.587,68.432
2026-06-10 20:30:00,GS001,Area Dasar Tambang,2.113,18.097,32.337,64.991
2026-06-10 20:35:00,GS001,Area Dasar Tambang,1.733,13.962,31.746,71.363
2026-06-10 20:40:00,GS001,Area Dasar Tambang,1.518,12.247,30.747,69.718
2026-06-10 20:45:00,GS001,Area Dasar Tambang,1.296,10.498,34.88,72.648
2026-06-10 20:50:00,GS001,Area Dasar Tambang,1.104,8.045,30.746,76.562
2026-06-10 20:55:00,GS001,Area Dasar Tambang,0.932,6.19,30.595,75.817
2026-06-10 21:00:00,GS001,Area Dasar Tambang,0.724,4.014,31.288,79.344
2026-06-10 21:05:00,GS001,Area Dasar Tambang,0.696,3.081,34.695,82.488
2026-06-10 21:10:00,GS001,Area Dasar Tambang,0.521,1.837,29.565,80.869
2026-06-10 21:15:00,GS001,Area Dasar Tambang,0.709,3.984,30.998,77.79
2026-06-10 21:20:00,GS001,Area Dasar Tambang,1.008,6.312,31.24,72.087
2026-06-10 21:25:00,GS001,Area Dasar Tambang,1.263,9.799,33.205,71.856
2026-06-10 21:30:00,GS001,Area Dasar Tambang,1.637,13.187,33.887,76.635
2026-06-10 21:35:00,GS001,Area Dasar Tambang,1.911,17.219,34.641,72.894
2026-06-10 21:40:00,GS001,Area Dasar Tambang,2.232,18.572,30.871,70.058
2026-06-10 21:45:00,GS001,Area Dasar Tambang,2.437,23.329,33.361,75.486
2026-06-10 21:50:00,GS001,Area Dasar Tambang,2.141,20.144,34.611,67.097
2026-06-10 21:55:00,GS001,Area Dasar Tambang,2.116,14.752,30.63,71.885
2026-06-10 22:00:00,GS001,Area Dasar Tambang,1.241,9.285,31.989,76.618
2026-06-10 22:05:00,GS001,Area Dasar Tambang,1.097,7.643,34.453,72.267
2026-06-10 22:10:00,GS001,Area Dasar Tambang,0.807,5.312,31.616,69.755
2026-06-10 22:15:00,GS001,Area Dasar Tambang,0.399,1.808,30.878,77.637
2026-06-10 22:20:00,GS001,Area Dasar Tambang,0.484,3.02,31.059,72.563
2026-06-10 22:25:00,GS001,Area Dasar Tambang,0.81,3.895,29.874,82.604
2026-06-10 22:30:00,GS001,Area Dasar Tambang,0.963,5.96,33.39,75.329
2026-06-10 22:35:00,GS001,Area Dasar Tambang,1.153,9.013,29.679,72.045
2026-06-10 22:40:00,GS001,Area Dasar Tambang,1.003,7.001,31.477,66.654
2026-06-10 22:45:00,GS001,Area Dasar Tambang,0.802,6.03,30.143,71.791
2026-06-10 22:50:00,GS001,Area Dasar Tambang,0.669,5.254,31.93,78.726
2026-06-10 22:55:00,GS001,Area Dasar Tambang,0.799,3.711,30.552,72.35
2026-06-10 23:00:00,GS001,Area Dasar Tambang,0.519,3.155,30.246,76.755
2026-06-10 23:05:00,GS001,Area Dasar Tambang,0.739,4.98,31.029,72.298
2026-06-10 23:10:00,GS001,Area Dasar Tambang,1.041,6.9,29.757,79.927
2026-06-10 23:15:00,GS001,Area Dasar Tambang,1.229,8.668,28.39,72.506
2026-06-10 23:20:00,GS001,Area Dasar Tambang,1.403,11.056,31.387,77.49
2026-06-10 23:25:00,GS001,Area Dasar Tambang,1.6,11.42,32.507,64.877
2026-06-10 23:30:00,GS001,Area Dasar Tambang,1.97,14.876,32.746,70.27
2026-06-10 23:35:00,GS001,Area Dasar Tambang,1.782,16.95,34.878,66.927
2026-06-10 23:40:00,GS001,Area Dasar Tambang,1.625,14.761,33.047,70.746
2026-06-10 23:45:00,GS001,Area Dasar Tambang,1.42,11.845,32.675,65.891
2026-06-10 23:50:00,GS001,Area Dasar Tambang,1.244,10.073,30.767,65.63
2026-06-10 23:55:00,GS001,Area Dasar Tambang,0.969,8.45,30.89,68.938
2026-06-11 00:00:00,GS001,Area Dasar Tambang,0.965,5.925,32.014,80.667
2026-06-11 00:05:00,GS001,Area Dasar Tambang,0.705,4.288,31.755,83.959
2026-06-11 00:10:00,GS001,Area Dasar Tambang,0.633,2.836,31.124,80.826
2026-06-11 00:15:00,GS001,Area Dasar Tambang,0.609,2.048,33.815,76.553
2026-06-11 00:20:00,GS001,Area Dasar Tambang,0.756,3.914,31.509,74.478
2026-06-11 00:25:00,GS001,Area Dasar Tambang,0.952,7.127,28.788,77.839
2026-06-11 00:30:00,GS001,Area Dasar Tambang,1.296,9.599,35.675,74.251
2026-06-11 00:35:00,GS001,Area Dasar Tambang,1.642,12.656,32.686,77.446
2026-06-11 00:40:00,GS001,Area Dasar Tambang,1.883,16.439,32.404,73.447
2026-06-11 00:45:00,GS001,Area Dasar Tambang,2.162,20.145,35.536,69.955
2026-06-11 00:50:00,GS001,Area Dasar Tambang,2.484,26.538,34.958,70.675
2026-06-11 00:55:00,GS001,Area Dasar Tambang,1.851,18.072,29.299,78.567
2026-06-11 01:00:00,GS001,Area Dasar Tambang,1.757,13.252,31.497,67.702
2026-06-11 01:05:00,GS001,Area Dasar Tambang,1.382,10.351,28.115,78.933
2026-06-11 01:10:00,GS001,Area Dasar Tambang,1.158,7.052,32.538,79.096
2026-06-11 01:15:00,GS001,Area Dasar Tambang,0.88,4.836,27.041,81.804
2026-06-11 01:20:00,GS001,Area Dasar Tambang,0.47,1.934,30.798,77.727
2026-06-11 01:25:00,GS001,Area Dasar Tambang,0.59,2.832,31.362,77.479
2026-06-11 01:30:00,GS001,Area Dasar Tambang,0.693,4.156,27.593,66.474
2026-06-11 01:35:00,GS001,Area Dasar Tambang,0.879,6.116,34.015,86.048
2026-06-11 01:40:00,GS001,Area Dasar Tambang,1.156,7.936,32.04,78.097
2026-06-11 01:45:00,GS001,Area Dasar Tambang,1.1,7.296,31.508,70.495
2026-06-11 01:50:00,GS001,Area Dasar Tambang,0.879,6.176,29.519,77.277
2026-06-11 01:55:00,GS001,Area Dasar Tambang,0.787,5.125,30.527,70.836
2026-06-11 02:00:00,GS001,Area Dasar Tambang,0.679,3.921,31.184,74.398
2026-06-11 02:05:00,GS001,Area Dasar Tambang,0.577,2.9,29.321,71.292
2026-06-11 02:10:00,GS001,Area Dasar Tambang,0.87,4.859,28.616,81.654
2026-06-11 02:15:00,GS001,Area Dasar Tambang,1.002,6.778,26.905,81.157
2026-06-11 02:20:00,GS001,Area Dasar Tambang,1.204,8.501,29.67,70.764
2026-06-11 02:25:00,GS001,Area Dasar Tambang,1.347,10.905,31.028,76.978
2026-06-11 02:30:00,GS001,Area Dasar Tambang,1.511,13.614,31.108,69.794
2026-06-11 02:35:00,GS001,Area Dasar Tambang,1.617,13.785,32.125,73.658
2026-06-11 02:40:00,GS001,Area Dasar Tambang,1.806,17.7,31.59,69.047
2026-06-11 02:45:00,GS001,Area Dasar Tambang,1.457,13.025,34.216,75.194
2026-06-11 02:50:00,GS001,Area Dasar Tambang,1.405,11.585,32.562,68.268
2026-06-11 02:55:00,GS001,Area Dasar Tambang,1.238,9.669,33.916,73.513
2026-06-11 03:00:00,GS001,Area Dasar Tambang,1.123,8.916,34.441,76.694
2026-06-11 03:05:00,GS001,Area Dasar Tambang,0.853,6.273,27.055,79.603
2026-06-11 03:10:00,GS001,Area Dasar Tambang,0.685,3.606,31.229,75.839
2026-06-11 03:15:00,GS001,Area Dasar Tambang,0.583,2.888,33.338,76.629
2026-06-11 03:20:00,GS001,Area Dasar Tambang,0.527,2.036,30.249,83.871
2026-06-11 03:25:00,GS001,Area Dasar Tambang,0.725,4.467,32.267,75.186
2026-06-11 03:30:00,GS001,Area Dasar Tambang,0.985,7.424,32.595,78.629
2026-06-11 03:35:00,GS001,Area Dasar Tambang,1.366,8.762,30.578,73.509
2026-06-11 03:40:00,GS001,Area Dasar Tambang,1.667,13.543,28.627,74.455
2026-06-11 03:45:00,GS001,Area Dasar Tambang,1.776,14.695,33.597,72.099
2026-06-11 03:50:00,GS001,Area Dasar Tambang,2.194,18.784,33.07,72.675
2026-06-11 03:55:00,GS001,Area Dasar Tambang,2.484,23.924,31.709,72.708
2026-06-11 04:00:00,GS001,Area Dasar Tambang,2.079,18.259,30.682,75.098
2026-06-11 04:05:00,GS001,Area Dasar Tambang,1.61,14.764,35.03,70.894
2026-06-11 04:10:00,GS001,Area Dasar Tambang,1.504,9.465,33.189,73.319
2026-06-11 04:15:00,GS001,Area Dasar Tambang,0.979,6.981,29.915,77.309
2026-06-11 04:20:00,GS001,Area Dasar Tambang,0.881,5.028,33.765,72.752
2026-06-11 04:25:00,GS001,Area Dasar Tambang,0.413,1.852,31.622,91.573
2026-06-11 04:30:00,GS001,Area Dasar Tambang,0.506,2.673,29.1,75.628
2026-06-11 04:35:00,GS001,Area Dasar Tambang,0.689,4.163,31.905,75.484
2026-06-11 04:40:00,GS001,Area Dasar Tambang,0.915,6.383,33.203,75.157
2026-06-11 04:45:00,GS001,Area Dasar Tambang,1.126,8.599,32.345,84.827
2026-06-11 04:50:00,GS001,Area Dasar Tambang,0.938,7.181,30.84,74.833
2026-06-11 04:55:00,GS001,Area Dasar Tambang,0.942,6.428,30.977,68.925
2026-06-11 05:00:00,GS001,Area Dasar Tambang,0.816,5.51,31.207,70.893
2026-06-11 05:05:00,GS001,Area Dasar Tambang,0.778,4.153,32.004,77.768
2026-06-11 05:10:00,GS001,Area Dasar Tambang,0.644,2.929,32.414,76.214
2026-06-11 05:15:00,GS001,Area Dasar Tambang,0.778,5.138,30.195,81.757
2026-06-11 05:20:00,GS001,Area Dasar Tambang,0.963,6.761,33.096,79.487
2026-06-11 05:25:00,GS001,Area Dasar Tambang,1.2,9.297,32.319,71.594
2026-06-11 05:30:00,GS001,Area Dasar Tambang,1.492,11.764,32.798,82.559
2026-06-11 05:35:00,GS001,Area Dasar Tambang,1.524,13.088,29.905,75.488
2026-06-11 05:40:00,GS001,Area Dasar Tambang,1.7,13.166,32.481,72.766
2026-06-11 05:45:00,GS001,Area Dasar Tambang,1.769,18.436,34.535,72.187
2026-06-11 05:50:00,GS001,Area Dasar Tambang,1.556,13.45,34.477,78.339
2026-06-11 05:55:00,GS001,Area Dasar Tambang,1.599,11.83,31.646,71.785
2026-06-11 06:00:00,GS001,Area Dasar Tambang,1.224,10.102,36.176,77.052
2026-06-11 06:05:00,GS001,Area Dasar Tambang,1.225,7.909,33.061,82.341
2026-06-11 06:10:00,GS001,Area Dasar Tambang,0.869,5.884,31.864,83.039
2026-06-11 06:15:00,GS001,Area Dasar Tambang,0.705,4.073,31.922,78.923
2026-06-11 06:20:00,GS001,Area Dasar Tambang,0.634,3.22,31.851,80.891
2026-06-11 06:25:00,GS001,Area Dasar Tambang,0.545,2.141,29.303,84.729
2026-06-11 06:30:00,GS001,Area Dasar Tambang,0.648,4.21,30.621,73.7
2026-06-11 06:35:00,GS001,Area Dasar Tambang,1.056,7.018,28.642,79.891
2026-06-11 06:40:00,GS001,Area Dasar Tambang,1.232,10.466,30.638,77.396
2026-06-11 06:45:00,GS001,Area Dasar Tambang,1.691,12.317,31.063,72.77
2026-06-11 06:50:00,GS001,Area Dasar Tambang,2.053,14.881,31.293,73.278
2026-06-11 06:55:00,GS001,Area Dasar Tambang,2.217,20.503,31.874,74.166
2026-06-11 07:00:00,GS001,Area Dasar Tambang,2.528,26.126,34.473,72.309
2026-06-11 07:05:00,GS001,Area Dasar Tambang,1.993,16.461,36.516,68.228
2026-06-11 07:10:00,GS001,Area Dasar Tambang,1.635,13.302,31.975,78.122
2026-06-11 07:15:00,GS001,Area Dasar Tambang,1.295,9.308,32.262,71.13
2026-06-11 07:20:00,GS001,Area Dasar Tambang,0.923,6.801,33.151,77.5
2026-06-11 07:25:00,GS001,Area Dasar Tambang,0.774,5.191,35.114,73.291
2026-06-11 07:30:00,GS001,Area Dasar Tambang,0.371,1.974,29.836,74.855
2026-06-11 07:35:00,GS001,Area Dasar Tambang,0.582,3.245,30.77,73.888
2026-06-11 07:40:00,GS001,Area Dasar Tambang,0.774,4.291,30.824,72.951
2026-06-11 07:45:00,GS001,Area Dasar Tambang,1.0,6.246,31.792,69.036
2026-06-11 07:50:00,GS001,Area Dasar Tambang,1.081,8.369,29.598,77.866
2026-06-11 07:55:00,GS001,Area Dasar Tambang,0.859,6.436,32.164,70.816
2026-06-11 08:00:00,GS001,Area Dasar Tambang,0.868,5.833,28.43,77.26
2026-06-11 08:05:00,GS001,Area Dasar Tambang,0.788,4.573,32.204,82.233
2026-06-11 08:10:00,GS001,Area Dasar Tambang,0.673,4.097,30.948,75.917
2026-06-11 08:15:00,GS001,Area Dasar Tambang,0.665,3.151,30.09,80.878
2026-06-11 08:20:00,GS001,Area Dasar Tambang,0.822,5.082,33.153,71.804
2026-06-11 08:25:00,GS001,Area Dasar Tambang,0.922,7.231,30.9,68.898
2026-06-11 08:30:00,GS001,Area Dasar Tambang,1.345,8.699,30.412,70.262
2026-06-11 08:35:00,GS001,Area Dasar Tambang,1.418,10.561,33.551,72.292
2026-06-11 08:40:00,GS001,Area Dasar Tambang,1.518,14.296,32.789,71.057
2026-06-11 08:45:00,GS001,Area Dasar Tambang,1.86,13.858,33.173,75.691
2026-06-11 08:50:00,GS001,Area Dasar Tambang,2.001,17.335,33.964,63.347
2026-06-11 08:55:00,GS001,Area Dasar Tambang,1.748,14.33,32.113,73.535
2026-06-11 09:00:00,GS001,Area Dasar Tambang,1.585,11.021,29.618,74.824
2026-06-11 09:05:00,GS001,Area Dasar Tambang,1.273,9.631,34.51,70.375
2026-06-11 09:10:00,GS001,Area Dasar Tambang,1.052,9.064,27.687,75.277
2026-06-11 09:15:00,GS001,Area Dasar Tambang,0.801,5.975,29.581,77.959
2026-06-11 09:20:00,GS001,Area Dasar Tambang,0.773,4.003,29.323,68.305
2026-06-11 09:25:00,GS001,Area Dasar Tambang,0.679,2.915,28.807,72.561
2026-06-11 09:30:00,GS001,Area Dasar Tambang,0.433,2.104,35.011,81.198
2026-06-11 09:35:00,GS001,Area Dasar Tambang,0.685,3.769,29.48,72.676
2026-06-11 09:40:00,GS001,Area Dasar Tambang,1.048,7.167,32.768,75.581
2026-06-11 09:45:00,GS001,Area Dasar Tambang,1.291,10.655,32.813,75.329
2026-06-11 09:50:00,GS001,Area Dasar Tambang,1.599,13.491,36.04,68.561
2026-06-11 09:55:00,GS001,Area Dasar Tambang,1.825,16.121,33.377,79.956
2026-06-11 10:00:00,GS001,Area Dasar Tambang,2.042,18.647,32.819,74.86
2026-06-11 10:05:00,GS001,Area Dasar Tambang,2.429,23.669,32.304,80.645
2026-06-11 10:10:00,GS001,Area Dasar Tambang,2.172,17.949,36.381,70.486
2026-06-11 10:15:00,GS001,Area Dasar Tambang,1.91,14.656,33.951,82.905
2026-06-11 10:20:00,GS001,Area Dasar Tambang,1.31,9.406,33.203,69.089
2026-06-11 10:25:00,GS001,Area Dasar Tambang,1.047,6.982,32.216,74.385
2026-06-11 10:30:00,GS001,Area Dasar Tambang,0.85,5.122,31.2,77.985
2026-06-11 10:35:00,GS001,Area Dasar Tambang,0.381,2.069,32.82,81.774
2026-06-11 10:40:00,GS001,Area Dasar Tambang,0.394,2.992,31.849,76.364
2026-06-11 10:45:00,GS001,Area Dasar Tambang,0.768,4.1,29.354,77.165
2026-06-11 10:50:00,GS001,Area Dasar Tambang,0.914,6.053,31.412,68.37
2026-06-11 10:55:00,GS001,Area Dasar Tambang,1.048,7.978,34.859,69.999
2026-06-11 11:00:00,GS001,Area Dasar Tambang,0.968,6.678,30.389,71.143
2026-06-11 11:05:00,GS001,Area Dasar Tambang,0.819,6.019,31.97,76.029
2026-06-11 11:10:00,GS001,Area Dasar Tambang,0.713,5.191,30.469,75.463
2026-06-11 11:15:00,GS001,Area Dasar Tambang,0.639,4.09,29.956,70.701
2026-06-11 11:20:00,GS001,Area Dasar Tambang,0.585,3.1,32.306,83.393
2026-06-11 11:25:00,GS001,Area Dasar Tambang,0.743,5.444,30.477,74.732
2026-06-11 11:30:00,GS001,Area Dasar Tambang,1.012,7.107,34.055,77.195
2026-06-11 11:35:00,GS001,Area Dasar Tambang,1.281,8.42,32.058,73.299
2026-06-11 11:40:00,GS001,Area Dasar Tambang,1.525,11.338,33.719,77.319
2026-06-11 11:45:00,GS001,Area Dasar Tambang,1.579,12.444,29.958,63.495
2026-06-11 11:50:00,GS001,Area Dasar Tambang,1.952,15.202,29.886,77.455
2026-06-11 11:55:00,GS001,Area Dasar Tambang,2.144,18.733,33.138,72.7
2026-06-11 12:00:00,GS001,Area Dasar Tambang,1.637,13.892,33.01,63.597
2026-06-11 12:05:00,GS001,Area Dasar Tambang,1.419,12.763,32.302,84.256
2026-06-11 12:10:00,GS001,Area Dasar Tambang,1.297,8.453,34.76,79.565
2026-06-11 12:15:00,GS001,Area Dasar Tambang,1.162,7.799,27.389,78.181
2026-06-11 12:20:00,GS001,Area Dasar Tambang,0.82,5.476,32.315,71.321
2026-06-11 12:25:00,GS001,Area Dasar Tambang,0.69,3.949,28.983,80.432
2026-06-11 12:30:00,GS001,Area Dasar Tambang,0.641,2.881,33.854,72.504
2026-06-11 12:35:00,GS001,Area Dasar Tambang,0.541,1.973,32.527,80.043
2026-06-11 12:40:00,GS001,Area Dasar Tambang,0.683,4.018,30.076,80.535
2026-06-11 12:45:00,GS001,Area Dasar Tambang,1.083,6.448,26.755,71.118
2026-06-11 12:50:00,GS001,Area Dasar Tambang,1.325,9.88,29.658,80.128
2026-06-11 12:55:00,GS001,Area Dasar Tambang,1.478,12.49,34.478,73.327
2026-06-11 13:00:00,GS001,Area Dasar Tambang,1.905,16.635,34.268,72.046
2026-06-11 13:05:00,GS001,Area Dasar Tambang,2.135,20.926,33.512,72.133
2026-06-11 13:10:00,GS001,Area Dasar Tambang,2.482,20.923,34.637,78.747
2026-06-11 13:15:00,GS001,Area Dasar Tambang,2.208,18.754,32.41,74.229
2026-06-11 13:20:00,GS001,Area Dasar Tambang,1.848,15.128,32.178,71.78
2026-06-11 13:25:00,GS001,Area Dasar Tambang,1.461,10.459,32.594,72.798
2026-06-11 13:30:00,GS001,Area Dasar Tambang,0.918,6.911,31.422,73.216
2026-06-11 13:35:00,GS001,Area Dasar Tambang,0.829,5.255,31.334,67.602
2026-06-11 13:40:00,GS001,Area Dasar Tambang,0.339,2.009,29.201,75.474
2026-06-11 13:45:00,GS001,Area Dasar Tambang,0.586,3.181,29.976,75.376
2026-06-11 13:50:00,GS001,Area Dasar Tambang,0.755,4.124,32.981,75.088
2026-06-11 13:55:00,GS001,Area Dasar Tambang,0.9,6.283,30.261,80.066
2026-06-11 14:00:00,GS001,Area Dasar Tambang,1.104,7.088,28.319,77.837
2026-06-11 14:05:00,GS001,Area Dasar Tambang,0.998,6.669,29.652,79.711
2026-06-11 14:10:00,GS001,Area Dasar Tambang,0.887,5.855,33.66,73.741
2026-06-11 14:15:00,GS001,Area Dasar Tambang,0.845,4.538,32.083,74.197
2026-06-11 14:20:00,GS001,Area Dasar Tambang,0.8,3.966,32.863,78.645
2026-06-11 14:25:00,GS001,Area Dasar Tambang,0.542,2.89,30.6,76.513
2026-06-11 14:30:00,GS001,Area Dasar Tambang,0.785,4.875,28.087,82.206
2026-06-11 14:35:00,GS001,Area Dasar Tambang,0.953,7.581,32.261,69.186
2026-06-11 14:40:00,GS001,Area Dasar Tambang,1.102,8.964,30.261,81.159
2026-06-11 14:45:00,GS001,Area Dasar Tambang,1.471,11.534,31.804,71.533
2026-06-11 14:50:00,GS001,Area Dasar Tambang,1.648,15.384,33.843,70.21
2026-06-11 14:55:00,GS001,Area Dasar Tambang,1.638,16.948,33.395,72.397
2026-06-11 15:00:00,GS001,Area Dasar Tambang,2.125,18.564,36.836,69.443
2026-06-11 15:05:00,GS001,Area Dasar Tambang,1.647,13.234,26.859,74.015
2026-06-11 15:10:00,GS001,Area Dasar Tambang,1.419,12.562,34.766,71.314
2026-06-11 15:15:00,GS001,Area Dasar Tambang,1.32,10.207,33.109,77.202
2026-06-11 15:20:00,GS001,Area Dasar Tambang,1.104,8.199,31.803,71.038
2026-06-11 15:25:00,GS001,Area Dasar Tambang,0.859,6.075,33.151,77.388
2026-06-11 15:30:00,GS001,Area Dasar Tambang,0.74,4.249,34.888,77.856
2026-06-11 15:35:00,GS001,Area Dasar Tambang,0.58,3.008,28.709,78.795
2026-06-11 15:40:00,GS001,Area Dasar Tambang,0.472,2.033,29.91,78.607
2026-06-11 15:45:00,GS001,Area Dasar Tambang,0.732,3.821,30.358,78.104
2026-06-11 15:50:00,GS001,Area Dasar Tambang,1.097,7.444,29.92,75.052
2026-06-11 15:55:00,GS001,Area Dasar Tambang,1.321,10.107,33.218,80.933
2026-06-11 16:00:00,GS001,Area Dasar Tambang,1.502,13.97,34.242,70.565
2026-06-11 16:05:00,GS001,Area Dasar Tambang,1.665,15.913,31.197,74.353
2026-06-11 16:10:00,GS001,Area Dasar Tambang,2.193,18.996,29.476,72.771
2026-06-11 16:15:00,GS001,Area Dasar Tambang,2.691,23.982,37.588,70.488
2026-06-11 16:20:00,GS001,Area Dasar Tambang,2.165,18.718,31.153,69.166
2026-06-11 16:25:00,GS001,Area Dasar Tambang,2.108,14.031,32.017,68.983
2026-06-11 16:30:00,GS001,Area Dasar Tambang,1.323,9.837,33.404,71.328
2026-06-11 16:35:00,GS001,Area Dasar Tambang,0.996,6.811,32.415,76.647
2026-06-11 16:40:00,GS001,Area Dasar Tambang,0.736,4.852,33.864,73.212
2026-06-11 16:45:00,GS001,Area Dasar Tambang,0.415,1.99,29.394,71.681
2026-06-11 16:50:00,GS001,Area Dasar Tambang,0.506,3.101,33.326,80.283
2026-06-11 16:55:00,GS001,Area Dasar Tambang,0.721,3.565,33.208,74.388
2026-06-11 17:00:00,GS001,Area Dasar Tambang,0.961,5.805,35.948,78.222
2026-06-11 17:05:00,GS001,Area Dasar Tambang,1.051,7.589,30.31,79.187
2026-06-11 17:10:00,GS001,Area Dasar Tambang,1.007,6.716,32.398,74.961
2026-06-11 17:15:00,GS001,Area Dasar Tambang,0.823,5.621,32.209,78.975
2026-06-11 17:20:00,GS001,Area Dasar Tambang,0.841,4.978,31.495,81.171
2026-06-11 17:25:00,GS001,Area Dasar Tambang,0.681,3.937,30.543,77.146
2026-06-11 17:30:00,GS001,Area Dasar Tambang,0.633,3.053,32.771,78.185
2026-06-11 17:35:00,GS001,Area Dasar Tambang,0.817,5.011,29.309,78.314
2026-06-11 17:40:00,GS001,Area Dasar Tambang,0.985,7.022,33.682,70.884
2026-06-11 17:45:00,GS001,Area Dasar Tambang,1.117,8.531,29.211,71.626
2026-06-11 17:50:00,GS001,Area Dasar Tambang,1.427,11.921,33.948,76.884
2026-06-11 17:55:00,GS001,Area Dasar Tambang,1.537,14.889,33.158,67.808
2026-06-11 18:00:00,GS001,Area Dasar Tambang,1.791,13.885,32.849,74.807
2026-06-11 18:05:00,GS001,Area Dasar Tambang,2.4,17.998,31.501,67.013
2026-06-11 18:10:00,GS001,Area Dasar Tambang,1.733,13.552,30.443,68.573
2026-06-11 18:15:00,GS001,Area Dasar Tambang,1.686,11.794,29.254,69.059
2026-06-11 18:20:00,GS001,Area Dasar Tambang,1.276,9.81,31.785,77.96
2026-06-11 18:25:00,GS001,Area Dasar Tambang,1.062,7.54,31.944,74.36
2026-06-11 18:30:00,GS001,Area Dasar Tambang,0.808,5.631,31.8,80.207
2026-06-11 18:35:00,GS001,Area Dasar Tambang,0.724,3.994,32.029,67.337
2026-06-11 18:40:00,GS001,Area Dasar Tambang,0.691,3.101,30.927,78.77
2026-06-11 18:45:00,GS001,Area Dasar Tambang,0.5,1.884,31.992,89.072
2026-06-11 18:50:00,GS001,Area Dasar Tambang,0.723,3.693,28.79,68.151
2026-06-11 18:55:00,GS001,Area Dasar Tambang,1.036,6.525,30.748,76.667
2026-06-11 19:00:00,GS001,Area Dasar Tambang,1.248,9.173,33.968,77.957
2026-06-11 19:05:00,GS001,Area Dasar Tambang,1.477,12.354,33.434,77.151
2026-06-11 19:10:00,GS001,Area Dasar Tambang,1.907,16.867,34.351,80.481
2026-06-11 19:15:00,GS001,Area Dasar Tambang,2.268,21.916,33.3,76.126
2026-06-11 19:20:00,GS001,Area Dasar Tambang,2.561,24.322,33.123,72.132
2026-06-11 19:25:00,GS001,Area Dasar Tambang,2.365,17.919,34.997,71.07
2026-06-11 19:30:00,GS001,Area Dasar Tambang,1.718,14.085,36.773,78.543
2026-06-11 19:35:00,GS001,Area Dasar Tambang,1.469,10.702,31.891,68.951
2026-06-11 19:40:00,GS001,Area Dasar Tambang,1.033,6.673,30.303,71.586
2026-06-11 19:45:00,GS001,Area Dasar Tambang,0.806,4.689,28.88,82.449
2026-06-11 19:50:00,GS001,Area Dasar Tambang,0.398,2.069,26.944,78.896
2026-06-11 19:55:00,GS001,Area Dasar Tambang,0.488,3.014,33.993,66.3
2026-06-11 20:00:00,GS001,Area Dasar Tambang,0.712,3.992,30.639,75.373
2026-06-11 20:05:00,GS001,Area Dasar Tambang,1.0,6.173,31.474,73.319
2026-06-11 20:10:00,GS001,Area Dasar Tambang,1.145,8.466,35.572,69.824
2026-06-11 20:15:00,GS001,Area Dasar Tambang,0.943,7.258,30.5,79.009
2026-06-11 20:20:00,GS001,Area Dasar Tambang,0.884,6.888,31.632,79.067
2026-06-11 20:25:00,GS001,Area Dasar Tambang,0.756,4.628,30.796,85.182
2026-06-11 20:30:00,GS001,Area Dasar Tambang,0.641,3.911,26.523,85.346
2026-06-11 20:35:00,GS001,Area Dasar Tambang,0.581,2.964,30.965,78.911
2026-06-11 20:40:00,GS001,Area Dasar Tambang,0.722,4.732,28.055,73.194
2026-06-11 20:45:00,GS001,Area Dasar Tambang,1.005,6.8,31.149,71.765
2026-06-11 20:50:00,GS001,Area Dasar Tambang,1.335,9.131,30.357,80.651
2026-06-11 20:55:00,GS001,Area Dasar Tambang,1.226,11.78,29.398,74.971
2026-06-11 21:00:00,GS001,Area Dasar Tambang,1.697,12.2,33.141,74.634
2026-06-11 21:05:00,GS001,Area Dasar Tambang,1.791,15.178,31.358,78.297
2026-06-11 21:10:00,GS001,Area Dasar Tambang,2.111,17.597,30.873,69.76
2026-06-11 21:15:00,GS001,Area Dasar Tambang,1.805,15.87,34.363,69.973
2026-06-11 21:20:00,GS001,Area Dasar Tambang,1.736,12.887,33.052,81.0
2026-06-11 21:25:00,GS001,Area Dasar Tambang,1.182,10.091,30.073,79.131
2026-06-11 21:30:00,GS001,Area Dasar Tambang,1.119,8.624,33.846,76.335
2026-06-11 21:35:00,GS001,Area Dasar Tambang,0.874,5.781,32.257,82.575
2026-06-11 21:40:00,GS001,Area Dasar Tambang,0.687,3.714,31.555,79.597
2026-06-11 21:45:00,GS001,Area Dasar Tambang,0.605,3.087,33.688,79.952
2026-06-11 21:50:00,GS001,Area Dasar Tambang,0.527,1.922,31.069,75.506
2026-06-11 21:55:00,GS001,Area Dasar Tambang,0.635,3.988,32.471,80.133
2026-06-11 22:00:00,GS001,Area Dasar Tambang,1.018,6.891,28.511,72.529
2026-06-11 22:05:00,GS001,Area Dasar Tambang,1.359,10.296,31.973,83.796
2026-06-11 22:10:00,GS001,Area Dasar Tambang,1.535,12.967,31.107,74.574
2026-06-11 22:15:00,GS001,Area Dasar Tambang,1.994,15.723,31.893,74.058
2026-06-11 22:20:00,GS001,Area Dasar Tambang,2.217,20.643,33.709,62.866
2026-06-11 22:25:00,GS001,Area Dasar Tambang,2.324,23.758,31.406,70.274
2026-06-11 22:30:00,GS001,Area Dasar Tambang,2.0,15.711,33.501,68.586
2026-06-11 22:35:00,GS001,Area Dasar Tambang,2.018,13.598,31.135,67.74
2026-06-11 22:40:00,GS001,Area Dasar Tambang,1.44,9.89,33.568,70.236
2026-06-11 22:45:00,GS001,Area Dasar Tambang,0.862,6.558,30.93,74.469
2026-06-11 22:50:00,GS001,Area Dasar Tambang,0.783,4.974,28.665,75.174
2026-06-11 22:55:00,GS001,Area Dasar Tambang,0.424,2.144,33.439,73.433
2026-06-11 23:00:00,GS001,Area Dasar Tambang,0.557,3.029,31.929,73.608
2026-06-11 23:05:00,GS001,Area Dasar Tambang,0.642,3.792,30.245,73.987
2026-06-11 23:10:00,GS001,Area Dasar Tambang,0.848,5.622,32.592,75.259
2026-06-11 23:15:00,GS001,Area Dasar Tambang,0.996,8.029,29.125,73.138
2026-06-11 23:20:00,GS001,Area Dasar Tambang,1.037,7.422,30.405,74.646
2026-06-11 23:25:00,GS001,Area Dasar Tambang,0.813,5.834,32.467,79.297
2026-06-11 23:30:00,GS001,Area Dasar Tambang,0.789,5.115,28.299,71.955
2026-06-11 23:35:00,GS001,Area Dasar Tambang,0.74,3.894,30.953,77.629
2026-06-11 23:40:00,GS001,Area Dasar Tambang,0.616,2.84,30.056,77.821
2026-06-11 23:45:00,GS001,Area Dasar Tambang,0.787,5.0,32.836,73.861
2026-06-11 23:50:00,GS001,Area Dasar Tambang,1.083,7.301,34.294,75.493
2026-06-11 23:55:00,GS001,Area Dasar Tambang,1.256,9.03,29.86,76.51
2026-06-12 00:00:00,GS001,Area Dasar Tambang,1.285,10.403,31.602,79.432
2026-06-12 00:05:00,GS001,Area Dasar Tambang,1.658,13.17,30.572,77.244
2026-06-12 00:10:00,GS001,Area Dasar Tambang,1.827,14.108,32.916,72.453
2026-06-12 00:15:00,GS001,Area Dasar Tambang,2.252,17.704,30.496,73.419
2026-06-12 00:20:00,GS001,Area Dasar Tambang,1.644,13.704,30.768,70.432
2026-06-12 00:25:00,GS001,Area Dasar Tambang,1.624,12.668,36.019,71.405
2026-06-12 00:30:00,GS001,Area Dasar Tambang,1.367,9.452,31.322,80.399
2026-06-12 00:35:00,GS001,Area Dasar Tambang,1.043,7.426,31.487,70.259
2026-06-12 00:40:00,GS001,Area Dasar Tambang,0.909,6.426,33.373,73.287
2026-06-12 00:45:00,GS001,Area Dasar Tambang,0.794,4.152,30.648,77.106
2026-06-12 00:50:00,GS001,Area Dasar Tambang,0.678,2.94,31.52,79.576
2026-06-12 00:55:00,GS001,Area Dasar Tambang,0.304,2.114,32.418,76.822
2026-06-12 01:00:00,GS001,Area Dasar Tambang,0.656,4.215,31.264,79.165
2026-06-12 01:05:00,GS001,Area Dasar Tambang,1.012,7.218,31.755,79.427
2026-06-12 01:10:00,GS001,Area Dasar Tambang,1.319,10.061,31.094,71.865
2026-06-12 01:15:00,GS001,Area Dasar Tambang,1.517,14.074,35.429,78.642
2026-06-12 01:20:00,GS001,Area Dasar Tambang,2.058,16.384,29.354,71.062
2026-06-12 01:25:00,GS001,Area Dasar Tambang,2.234,20.972,33.271,61.726
2026-06-12 01:30:00,GS001,Area Dasar Tambang,2.515,24.475,32.197,74.73
2026-06-12 01:35:00,GS001,Area Dasar Tambang,2.058,16.61,33.924,70.358
2026-06-12 01:40:00,GS001,Area Dasar Tambang,1.727,15.459,31.374,67.917
2026-06-12 01:45:00,GS001,Area Dasar Tambang,1.337,9.317,32.65,72.974
2026-06-12 01:50:00,GS001,Area Dasar Tambang,0.915,7.118,32.438,73.196
2026-06-12 01:55:00,GS001,Area Dasar Tambang,0.798,5.119,32.338,73.407
2026-06-12 02:00:00,GS001,Area Dasar Tambang,0.319,2.004,31.085,75.474
2026-06-12 02:05:00,GS001,Area Dasar Tambang,0.567,3.225,33.039,74.813
2026-06-12 02:10:00,GS001,Area Dasar Tambang,0.741,3.934,30.408,72.002
2026-06-12 02:15:00,GS001,Area Dasar Tambang,0.875,6.224,32.387,79.505
2026-06-12 02:20:00,GS001,Area Dasar Tambang,1.139,7.815,32.307,77.991
2026-06-12 02:25:00,GS001,Area Dasar Tambang,0.941,7.347,30.125,71.164
2026-06-12 02:30:00,GS001,Area Dasar Tambang,0.969,5.425,33.82,71.177
2026-06-12 02:35:00,GS001,Area Dasar Tambang,0.804,5.064,33.088,69.448
2026-06-12 02:40:00,GS001,Area Dasar Tambang,0.668,4.139,29.169,76.199
2026-06-12 02:45:00,GS001,Area Dasar Tambang,0.629,3.318,32.375,74.04
2026-06-12 02:50:00,GS001,Area Dasar Tambang,0.773,5.274,30.931,76.321
2026-06-12 02:55:00,GS001,Area Dasar Tambang,0.96,6.936,32.042,69.934
2026-06-12 03:00:00,GS001,Area Dasar Tambang,1.195,9.107,32.644,70.226
2026-06-12 03:05:00,GS001,Area Dasar Tambang,1.446,11.409,32.237,68.634
2026-06-12 03:10:00,GS001,Area Dasar Tambang,1.657,13.437,32.337,66.395
2026-06-12 03:15:00,GS001,Area Dasar Tambang,1.859,13.71,30.879,76.788
2026-06-12 03:20:00,GS001,Area Dasar Tambang,2.197,18.115,33.459,75.591
2026-06-12 03:25:00,GS001,Area Dasar Tambang,1.644,13.515,29.452,70.139
2026-06-12 03:30:00,GS001,Area Dasar Tambang,1.556,13.1,31.722,73.284
2026-06-12 03:35:00,GS001,Area Dasar Tambang,1.271,10.819,30.242,80.068
2026-06-12 03:40:00,GS001,Area Dasar Tambang,1.156,8.134,34.997,72.97
2026-06-12 03:45:00,GS001,Area Dasar Tambang,0.837,6.039,28.505,78.274
2026-06-12 03:50:00,GS001,Area Dasar Tambang,0.763,3.76,31.088,77.632
2026-06-12 03:55:00,GS001,Area Dasar Tambang,0.591,3.039,28.818,77.064
2026-06-12 04:00:00,GS001,Area Dasar Tambang,0.573,2.03,31.024,80.674
2026-06-12 04:05:00,GS001,Area Dasar Tambang,0.748,4.322,32.945,80.644
2026-06-12 04:10:00,GS001,Area Dasar Tambang,0.969,6.374,30.885,72.745
2026-06-12 04:15:00,GS001,Area Dasar Tambang,1.298,11.574,32.565,72.751
2026-06-12 04:20:00,GS001,Area Dasar Tambang,1.57,14.166,32.072,71.85
2026-06-12 04:25:00,GS001,Area Dasar Tambang,1.853,15.323,34.326,73.648
2026-06-12 04:30:00,GS001,Area Dasar Tambang,2.226,20.159,37.053,72.085
2026-06-12 04:35:00,GS001,Area Dasar Tambang,2.776,24.852,34.156,72.324
2026-06-12 04:40:00,GS001,Area Dasar Tambang,2.054,17.844,32.923,78.328
2026-06-12 04:45:00,GS001,Area Dasar Tambang,1.836,14.533,31.806,77.342
2026-06-12 04:50:00,GS001,Area Dasar Tambang,1.389,9.467,30.195,69.244
2026-06-12 04:55:00,GS001,Area Dasar Tambang,0.946,7.293,33.633,71.743
2026-06-12 05:00:00,GS001,Area Dasar Tambang,0.764,4.721,28.895,84.934
2026-06-12 05:05:00,GS001,Area Dasar Tambang,0.293,2.041,29.913,79.753
2026-06-12 05:10:00,GS001,Area Dasar Tambang,0.434,2.826,31.384,77.211
2026-06-12 05:15:00,GS001,Area Dasar Tambang,0.698,3.985,30.608,79.839
2026-06-12 05:20:00,GS001,Area Dasar Tambang,1.058,6.31,30.067,75.535
2026-06-12 05:25:00,GS001,Area Dasar Tambang,1.019,7.734,31.184,71.724
2026-06-12 05:30:00,GS001,Area Dasar Tambang,1.007,6.925,29.793,76.758
2026-06-12 05:35:00,GS001,Area Dasar Tambang,0.855,6.071,31.714,72.962
2026-06-12 05:40:00,GS001,Area Dasar Tambang,0.82,4.947,31.302,75.964
2026-06-12 05:45:00,GS001,Area Dasar Tambang,0.677,3.899,31.376,78.075
2026-06-12 05:50:00,GS001,Area Dasar Tambang,0.504,3.022,29.491,68.797
2026-06-12 05:55:00,GS001,Area Dasar Tambang,0.817,5.011,33.496,75.196
2026-06-12 06:00:00,GS001,Area Dasar Tambang,1.029,7.593,31.857,77.586
2026-06-12 06:05:00,GS001,Area Dasar Tambang,1.278,9.586,32.571,74.636
2026-06-12 06:10:00,GS001,Area Dasar Tambang,1.455,11.091,28.782,74.995
2026-06-12 06:15:00,GS001,Area Dasar Tambang,1.698,12.862,31.107,73.068
2026-06-12 06:20:00,GS001,Area Dasar Tambang,1.768,15.132,31.002,72.388
2026-06-12 06:25:00,GS001,Area Dasar Tambang,1.959,16.825,29.218,78.475
2026-06-12 06:30:00,GS001,Area Dasar Tambang,1.889,13.845,29.346,75.234
2026-06-12 06:35:00,GS001,Area Dasar Tambang,1.556,12.752,33.193,71.237
2026-06-12 06:40:00,GS001,Area Dasar Tambang,0.359,1.945,29.423,78.679
2026-06-12 06:45:00,GS001,Area Dasar Tambang,0.549,3.019,30.618,74.568
2026-06-12 06:50:00,GS001,Area Dasar Tambang,0.714,3.802,29.785,79.773
2026-06-12 06:55:00,GS001,Area Dasar Tambang,0.889,5.929,31.188,78.207
2026-06-12 07:00:00,GS001,Area Dasar Tambang,1.107,7.762,30.706,74.415
2026-06-12 07:05:00,GS001,Area Dasar Tambang,1.012,6.99,31.343,75.139
2026-06-12 07:10:00,GS001,Area Dasar Tambang,0.899,5.813,32.79,74.534
2026-06-12 07:15:00,GS001,Area Dasar Tambang,0.805,4.588,31.031,72.657
2026-06-12 07:20:00,GS001,Area Dasar Tambang,0.661,4.388,31.511,80.776
2026-06-12 07:25:00,GS001,Area Dasar Tambang,0.634,3.118,30.852,81.948
2026-06-12 07:30:00,GS001,Area Dasar Tambang,0.834,5.008,31.63,75.584
2026-06-12 07:35:00,GS001,Area Dasar Tambang,1.002,6.988,31.981,80.22
2026-06-12 07:40:00,GS001,Area Dasar Tambang,1.142,9.411,31.332,77.758
2026-06-12 07:45:00,GS001,Area Dasar Tambang,1.381,11.182,31.797,68.877
2026-06-12 07:50:00,GS001,Area Dasar Tambang,1.711,12.51,32.308,69.927
2026-06-12 07:55:00,GS001,Area Dasar Tambang,1.704,14.877,31.728,68.634
2026-06-12 08:00:00,GS001,Area Dasar Tambang,1.997,16.933,32.965,70.638
2026-06-12 08:05:00,GS001,Area Dasar Tambang,1.531,13.707,33.007,68.937
2026-06-12 08:10:00,GS001,Area Dasar Tambang,1.531,12.208,30.889,72.964
2026-06-12 08:15:00,GS001,Area Dasar Tambang,1.343,9.649,31.737,77.405
2026-06-12 08:20:00,GS001,Area Dasar Tambang,1.062,8.147,30.427,74.517
2026-06-12 08:25:00,GS001,Area Dasar Tambang,0.918,5.423,30.827,77.305
2026-06-12 08:30:00,GS001,Area Dasar Tambang,0.709,3.916,29.917,78.936
2026-06-12 08:35:00,GS001,Area Dasar Tambang,0.587,3.065,31.573,75.622
2026-06-12 08:40:00,GS001,Area Dasar Tambang,0.543,1.952,32.476,82.122
2026-06-12 08:45:00,GS001,Area Dasar Tambang,0.742,3.971,34.379,77.468
2026-06-12 08:50:00,GS001,Area Dasar Tambang,1.01,6.994,30.076,79.937
2026-06-12 08:55:00,GS001,Area Dasar Tambang,1.27,10.368,33.38,76.81
2026-06-12 09:00:00,GS001,Area Dasar Tambang,1.556,12.823,28.841,73.655
2026-06-12 09:05:00,GS001,Area Dasar Tambang,1.961,15.848,31.928,72.131
2026-06-12 09:10:00,GS001,Area Dasar Tambang,2.307,19.957,35.452,70.356
2026-06-12 09:15:00,GS001,Area Dasar Tambang,2.522,23.584,36.172,71.51
2026-06-12 09:20:00,GS001,Area Dasar Tambang,2.279,17.698,35.016,72.34
2026-06-12 09:25:00,GS001,Area Dasar Tambang,1.86,13.317,33.054,69.878
2026-06-12 09:30:00,GS001,Area Dasar Tambang,1.414,9.393,32.079,77.243
2026-06-12 09:35:00,GS001,Area Dasar Tambang,1.022,6.654,29.385,76.491
2026-06-12 09:40:00,GS001,Area Dasar Tambang,0.863,4.807,34.143,75.98
2026-06-12 09:45:00,GS001,Area Dasar Tambang,0.3,1.956,32.514,77.996
2026-06-12 09:50:00,GS001,Area Dasar Tambang,0.584,2.724,31.187,77.475
2026-06-12 09:55:00,GS001,Area Dasar Tambang,0.675,4.008,29.787,79.119
2026-06-12 10:00:00,GS001,Area Dasar Tambang,0.934,5.354,34.482,63.528
2026-06-12 10:05:00,GS001,Area Dasar Tambang,0.995,8.667,30.022,69.529
2026-06-12 10:10:00,GS001,Area Dasar Tambang,0.932,7.103,27.383,76.601
2026-06-12 10:15:00,GS001,Area Dasar Tambang,0.924,5.713,31.287,71.461
2026-06-12 10:20:00,GS001,Area Dasar Tambang,0.871,5.041,26.69,75.72
2026-06-12 10:25:00,GS001,Area Dasar Tambang,0.696,4.113,30.931,79.153
2026-06-12 10:30:00,GS001,Area Dasar Tambang,0.626,3.061,30.301,73.856
2026-06-12 10:35:00,GS001,Area Dasar Tambang,0.745,5.346,30.243,75.322
2026-06-12 10:40:00,GS001,Area Dasar Tambang,0.996,6.325,29.839,72.451
2026-06-12 10:45:00,GS001,Area Dasar Tambang,1.063,9.535,31.295,75.443
2026-06-12 10:50:00,GS001,Area Dasar Tambang,1.402,10.735,29.794,68.373
2026-06-12 10:55:00,GS001,Area Dasar Tambang,1.675,12.421,33.899,74.027
2026-06-12 11:00:00,GS001,Area Dasar Tambang,1.879,14.489,33.561,68.764
2026-06-12 11:05:00,GS001,Area Dasar Tambang,2.016,18.142,31.195,72.427
2026-06-12 11:10:00,GS001,Area Dasar Tambang,1.764,14.211,34.1,66.406
2026-06-12 11:15:00,GS001,Area Dasar Tambang,1.434,12.739,30.022,73.24
2026-06-12 11:20:00,GS001,Area Dasar Tambang,1.208,9.874,33.528,76.286
2026-06-12 11:25:00,GS001,Area Dasar Tambang,1.078,7.788,31.017,70.664
2026-06-12 11:30:00,GS001,Area Dasar Tambang,0.9,6.335,33.102,74.645
2026-06-12 11:35:00,GS001,Area Dasar Tambang,0.642,3.739,33.133,71.5
2026-06-12 11:40:00,GS001,Area Dasar Tambang,0.594,3.208,29.788,79.531
2026-06-12 11:45:00,GS001,Area Dasar Tambang,0.527,1.877,30.448,82.811
2026-06-12 11:50:00,GS001,Area Dasar Tambang,0.699,3.997,32.249,78.002
2026-06-12 11:55:00,GS001,Area Dasar Tambang,0.956,6.97,31.342,70.309
2026-06-12 12:00:00,GS001,Area Dasar Tambang,1.418,10.53,31.11,85.838
2026-06-12 12:05:00,GS001,Area Dasar Tambang,1.62,12.71,33.869,69.699
2026-06-12 12:10:00,GS001,Area Dasar Tambang,1.782,15.964,31.594,71.193
2026-06-12 12:15:00,GS001,Area Dasar Tambang,2.192,19.049,34.347,71.973
2026-06-12 12:20:00,GS001,Area Dasar Tambang,2.291,23.465,35.151,60.021
2026-06-12 12:25:00,GS001,Area Dasar Tambang,2.138,17.151,33.697,75.857
2026-06-12 12:30:00,GS001,Area Dasar Tambang,1.856,13.658,32.859,77.78
2026-06-12 12:35:00,GS001,Area Dasar Tambang,1.335,10.178,31.732,70.331
2026-06-12 12:40:00,GS001,Area Dasar Tambang,1.078,6.724,33.901,68.06
2026-06-12 12:45:00,GS001,Area Dasar Tambang,0.703,5.05,33.683,81.084
2026-06-12 12:50:00,GS001,Area Dasar Tambang,0.346,1.83,32.177,76.301
2026-06-12 12:55:00,GS001,Area Dasar Tambang,0.514,3.266,30.031,84.023
2026-06-12 13:00:00,GS001,Area Dasar Tambang,0.661,3.715,30.55,76.89
2026-06-12 13:05:00,GS001,Area Dasar Tambang,0.804,6.713,30.119,80.752
2026-06-12 13:10:00,GS001,Area Dasar Tambang,1.011,7.912,34.953,76.992
2026-06-12 13:15:00,GS001,Area Dasar Tambang,1.038,6.654,30.156,74.585
2026-06-12 13:20:00,GS001,Area Dasar Tambang,0.84,6.148,31.564,71.278
2026-06-12 13:25:00,GS001,Area Dasar Tambang,0.83,5.063,28.407,69.077
2026-06-12 13:30:00,GS001,Area Dasar Tambang,0.754,4.133,29.038,81.143
2026-06-12 13:35:00,GS001,Area Dasar Tambang,0.651,3.126,32.076,77.58
2026-06-12 13:40:00,GS001,Area Dasar Tambang,0.787,5.056,34.047,75.626
2026-06-12 13:45:00,GS001,Area Dasar Tambang,1.035,7.205,32.194,81.17
2026-06-12 13:50:00,GS001,Area Dasar Tambang,1.227,8.92,29.813,76.554
2026-06-12 13:55:00,GS001,Area Dasar Tambang,1.485,10.537,30.546,79.653
2026-06-12 14:00:00,GS001,Area Dasar Tambang,1.529,12.719,33.42,72.044
2026-06-12 14:05:00,GS001,Area Dasar Tambang,1.71,15.586,33.793,72.327
2026-06-12 14:10:00,GS001,Area Dasar Tambang,2.225,17.602,31.557,72.67
2026-06-12 14:15:00,GS001,Area Dasar Tambang,1.557,14.899,32.812,69.988
2026-06-12 14:20:00,GS001,Area Dasar Tambang,1.475,11.235,31.635,69.313
2026-06-12 14:25:00,GS001,Area Dasar Tambang,1.325,9.954,34.162,73.926
2026-06-12 14:30:00,GS001,Area Dasar Tambang,1.147,8.724,31.116,81.916
2026-06-12 14:35:00,GS001,Area Dasar Tambang,0.86,6.118,29.545,73.66
2026-06-12 14:40:00,GS001,Area Dasar Tambang,0.693,4.184,31.704,82.516
2026-06-12 14:45:00,GS001,Area Dasar Tambang,0.592,2.891,34.728,75.345
2026-06-12 14:50:00,GS001,Area Dasar Tambang,0.494,1.922,30.075,81.634
2026-06-12 14:55:00,GS001,Area Dasar Tambang,0.749,4.081,31.212,77.058
2026-06-12 15:00:00,GS001,Area Dasar Tambang,0.998,6.627,29.844,77.22
2026-06-12 15:05:00,GS001,Area Dasar Tambang,1.327,9.359,32.609,72.56
2026-06-12 15:10:00,GS001,Area Dasar Tambang,1.563,13.127,32.198,82.048
2026-06-12 15:15:00,GS001,Area Dasar Tambang,1.943,17.188,36.565,63.314
2026-06-12 15:20:00,GS001,Area Dasar Tambang,2.045,19.098,33.144,65.082
2026-06-12 15:25:00,GS001,Area Dasar Tambang,2.385,22.983,34.488,72.407
2026-06-12 15:30:00,GS001,Area Dasar Tambang,2.056,17.192,34.525,74.991
2026-06-12 15:35:00,GS001,Area Dasar Tambang,1.926,13.484,29.652,71.178
2026-06-12 15:40:00,GS001,Area Dasar Tambang,1.291,10.57,33.229,73.148
2026-06-12 15:45:00,GS001,Area Dasar Tambang,0.996,6.956,32.007,70.051
2026-06-12 15:50:00,GS001,Area Dasar Tambang,0.768,5.049,29.594,72.621
2026-06-12 15:55:00,GS001,Area Dasar Tambang,0.394,2.03,31.445,73.147
2026-06-12 16:00:00,GS001,Area Dasar Tambang,0.528,2.962,32.995,76.043
2026-06-12 16:05:00,GS001,Area Dasar Tambang,0.801,3.81,33.754,75.365
2026-06-12 16:10:00,GS001,Area Dasar Tambang,0.966,5.811,33.319,78.85
2026-06-12 16:15:00,GS001,Area Dasar Tambang,1.106,7.61,33.565,75.261
2026-06-12 16:20:00,GS001,Area Dasar Tambang,0.882,7.057,31.528,68.525
2026-06-12 16:25:00,GS001,Area Dasar Tambang,0.876,5.811,33.024,73.88
2026-06-12 16:30:00,GS001,Area Dasar Tambang,0.815,5.275,31.201,72.876
2026-06-12 16:35:00,GS001,Area Dasar Tambang,0.778,4.129,31.881,75.551
2026-06-12 16:40:00,GS001,Area Dasar Tambang,0.584,3.258,29.621,75.319
2026-06-12 16:45:00,GS001,Area Dasar Tambang,0.887,4.685,30.758,80.574
2026-06-12 16:50:00,GS001,Area Dasar Tambang,1.0,7.045,31.094,73.23
2026-06-12 16:55:00,GS001,Area Dasar Tambang,1.259,8.682,29.715,70.863
2026-06-12 17:00:00,GS001,Area Dasar Tambang,1.47,11.461,30.105,72.433
2026-06-12 17:05:00,GS001,Area Dasar Tambang,1.621,11.254,32.899,69.874
2026-06-12 17:10:00,GS001,Area Dasar Tambang,1.854,15.878,34.237,72.19
2026-06-12 17:15:00,GS001,Area Dasar Tambang,1.737,17.64,32.826,70.208
2026-06-12 17:20:00,GS001,Area Dasar Tambang,1.75,14.742,33.547,70.896
2026-06-12 17:25:00,GS001,Area Dasar Tambang,1.344,11.492,33.847,68.633
2026-06-12 17:30:00,GS001,Area Dasar Tambang,1.261,10.844,30.95,65.023
2026-06-12 17:35:00,GS001,Area Dasar Tambang,1.065,8.605,28.022,70.126
2026-06-12 17:40:00,GS001,Area Dasar Tambang,1.002,6.192,30.098,83.38
2026-06-12 17:45:00,GS001,Area Dasar Tambang,0.665,3.883,33.179,85.536
2026-06-12 17:50:00,GS001,Area Dasar Tambang,0.642,2.746,33.341,80.389
2026-06-12 17:55:00,GS001,Area Dasar Tambang,0.485,2.063,32.73,84.503
2026-06-12 18:00:00,GS001,Area Dasar Tambang,0.826,4.251,30.188,76.106
2026-06-12 18:05:00,GS001,Area Dasar Tambang,1.009,6.669,28.919,65.875
2026-06-12 18:10:00,GS001,Area Dasar Tambang,1.315,9.763,34.179,72.408
2026-06-12 18:15:00,GS001,Area Dasar Tambang,1.744,12.871,33.635,74.716
2026-06-12 18:20:00,GS001,Area Dasar Tambang,2.044,16.954,33.609,76.563
2026-06-12 18:25:00,GS001,Area Dasar Tambang,2.188,19.913,35.745,70.413
2026-06-12 18:30:00,GS001,Area Dasar Tambang,2.6,25.315,33.813,70.402
2026-06-12 18:35:00,GS001,Area Dasar Tambang,1.784,18.236,30.072,81.748
2026-06-12 18:40:00,GS001,Area Dasar Tambang,1.91,13.958,31.678,69.068
2026-06-12 18:45:00,GS001,Area Dasar Tambang,1.402,9.92,31.12,79.813
2026-06-12 18:50:00,GS001,Area Dasar Tambang,1.093,7.333,29.783,80.086
2026-06-12 18:55:00,GS001,Area Dasar Tambang,0.906,4.753,28.319,76.789
2026-06-12 19:00:00,GS001,Area Dasar Tambang,0.433,1.958,30.232,81.495
2026-06-12 19:05:00,GS001,Area Dasar Tambang,0.533,3.423,33.388,81.542
2026-06-12 19:10:00,GS001,Area Dasar Tambang,0.657,4.179,30.439,64.309
2026-06-12 19:15:00,GS001,Area Dasar Tambang,0.85,6.165,32.743,79.108
2026-06-12 19:20:00,GS001,Area Dasar Tambang,1.219,7.409,30.588,74.463
2026-06-12 19:25:00,GS001,Area Dasar Tambang,1.123,6.904,32.255,68.749
2026-06-12 19:30:00,GS001,Area Dasar Tambang,0.852,6.368,30.908,73.084
2026-06-12 19:35:00,GS001,Area Dasar Tambang,0.816,5.28,32.536,68.228
2026-06-12 19:40:00,GS001,Area Dasar Tambang,0.601,4.027,30.679,75.891
2026-06-12 19:45:00,GS001,Area Dasar Tambang,0.602,2.919,29.28,77.02
2026-06-12 19:50:00,GS001,Area Dasar Tambang,0.842,4.76,30.448,74.919
2026-06-12 19:55:00,GS001,Area Dasar Tambang,1.019,6.949,29.372,76.117
2026-06-12 20:00:00,GS001,Area Dasar Tambang,1.175,9.219,30.764,71.301
2026-06-12 20:05:00,GS001,Area Dasar Tambang,1.415,11.024,28.919,79.044
2026-06-12 20:10:00,GS001,Area Dasar Tambang,1.579,13.88,32.033,65.778
2026-06-12 20:15:00,GS001,Area Dasar Tambang,1.58,13.483,33.558,74.664
2026-06-12 20:20:00,GS001,Area Dasar Tambang,1.832,16.873,30.626,79.583
2026-06-12 20:25:00,GS001,Area Dasar Tambang,1.501,14.302,36.378,82.389
2026-06-12 20:30:00,GS001,Area Dasar Tambang,1.477,11.537,33.464,68.611
2026-06-12 20:35:00,GS001,Area Dasar Tambang,1.172,9.452,33.598,70.464
2026-06-12 20:40:00,GS001,Area Dasar Tambang,1.159,8.157,34.612,76.15
2026-06-12 20:45:00,GS001,Area Dasar Tambang,0.95,6.491,30.037,75.905
2026-06-12 20:50:00,GS001,Area Dasar Tambang,0.7,4.219,28.677,79.271
2026-06-12 20:55:00,GS001,Area Dasar Tambang,0.533,3.105,32.438,76.415
2026-06-12 21:00:00,GS001,Area Dasar Tambang,0.495,1.965,30.419,79.389
2026-06-12 21:05:00,GS001,Area Dasar Tambang,0.681,4.234,29.142,74.003
2026-06-12 21:10:00,GS001,Area Dasar Tambang,1.051,7.023,32.029,74.417
2026-06-12 21:15:00,GS001,Area Dasar Tambang,1.313,9.675,33.127,71.14
2026-06-12 21:20:00,GS001,Area Dasar Tambang,1.774,13.173,29.894,71.56
2026-06-12 21:25:00,GS001,Area Dasar Tambang,1.781,15.333,31.794,72.216
2026-06-12 21:30:00,GS001,Area Dasar Tambang,2.078,19.341,33.3,78.987
2026-06-12 21:35:00,GS001,Area Dasar Tambang,2.482,24.738,31.496,63.769
2026-06-12 21:40:00,GS001,Area Dasar Tambang,2.064,19.036,31.786,70.562
2026-06-12 21:45:00,GS001,Area Dasar Tambang,1.658,14.132,34.43,67.529
2026-06-12 21:50:00,GS001,Area Dasar Tambang,1.496,9.696,30.706,69.818
2026-06-12 21:55:00,GS001,Area Dasar Tambang,0.981,6.97,31.951,75.818
2026-06-12 22:00:00,GS001,Area Dasar Tambang,0.831,4.921,32.915,77.544
2026-06-12 22:05:00,GS001,Area Dasar Tambang,0.342,1.987,32.001,86.682
2026-06-12 22:10:00,GS001,Area Dasar Tambang,0.542,2.654,31.465,76.741
2026-06-12 22:15:00,GS001,Area Dasar Tambang,0.727,4.001,32.519,75.387
2026-06-12 22:20:00,GS001,Area Dasar Tambang,0.966,6.616,32.016,77.676
2026-06-12 22:25:00,GS001,Area Dasar Tambang,1.179,7.808,32.518,78.743
2026-06-12 22:30:00,GS001,Area Dasar Tambang,1.004,6.938,31.816,73.249
2026-06-12 22:35:00,GS001,Area Dasar Tambang,0.925,6.184,31.221,72.107
2026-06-12 22:40:00,GS001,Area Dasar Tambang,0.847,5.491,33.325,72.094
2026-06-12 22:45:00,GS001,Area Dasar Tambang,0.797,4.221,32.965,79.611
2026-06-12 22:50:00,GS001,Area Dasar Tambang,0.6,3.029,32.873,78.059
2026-06-12 22:55:00,GS001,Area Dasar Tambang,0.739,4.719,30.628,74.54
2026-06-12 23:00:00,GS001,Area Dasar Tambang,0.951,6.733,31.524,77.151
2026-06-12 23:05:00,GS001,Area Dasar Tambang,1.171,9.256,32.03,71.986
2026-06-12 23:10:00,GS001,Area Dasar Tambang,1.355,10.239,32.245,80.506
2026-06-12 23:15:00,GS001,Area Dasar Tambang,1.486,13.192,30.425,73.681
2026-06-12 23:20:00,GS001,Area Dasar Tambang,1.734,13.399,32.928,70.367
2026-06-12 23:25:00,GS001,Area Dasar Tambang,1.983,18.318,35.085,76.634
2026-06-12 23:30:00,GS001,Area Dasar Tambang,1.821,13.571,35.949,76.392
2026-06-12 23:35:00,GS001,Area Dasar Tambang,1.725,11.715,30.863,73.697
2026-06-12 23:40:00,GS001,Area Dasar Tambang,1.27,10.221,34.826,78.077
2026-06-12 23:45:00,GS001,Area Dasar Tambang,1.149,7.991,30.509,81.41
2026-06-12 23:50:00,GS001,Area Dasar Tambang,0.818,5.808,33.731,80.128
2026-06-12 23:55:00,GS001,Area Dasar Tambang,0.61,3.989,31.843,75.612
2026-06-13 00:00:00,GS001,Area Dasar Tambang,0.535,3.167,30.114,83.397
2026-06-13 00:05:00,GS001,Area Dasar Tambang,0.504,2.03,30.03,80.876
2026-06-13 00:10:00,GS001,Area Dasar Tambang,0.686,4.071,27.857,76.592
2026-06-13 00:15:00,GS001,Area Dasar Tambang,1.037,6.67,28.439,79.476
2026-06-13 00:20:00,GS001,Area Dasar Tambang,1.249,10.734,32.518,82.878
2026-06-13 00:25:00,GS001,Area Dasar Tambang,1.752,11.713,30.57,72.635
2026-06-13 00:30:00,GS001,Area Dasar Tambang,2.008,14.582,29.869,71.652
2026-06-13 00:35:00,GS001,Area Dasar Tambang,2.095,19.241,30.167,66.721
2026-06-13 00:40:00,GS001,Area Dasar Tambang,2.597,25.363,30.494,75.786
2026-06-13 00:45:00,GS001,Area Dasar Tambang,1.914,18.448,37.291,72.447
2026-06-13 00:50:00,GS001,Area Dasar Tambang,1.7,13.543,33.74,76.951
2026-06-13 00:55:00,GS001,Area Dasar Tambang,1.428,10.365,33.571,71.566
2026-06-13 01:00:00,GS001,Area Dasar Tambang,0.952,6.785,33.331,74.845
2026-06-13 01:05:00,GS001,Area Dasar Tambang,0.799,5.117,33.042,75.721
2026-06-13 01:10:00,GS001,Area Dasar Tambang,0.349,2.099,27.75,74.557
2026-06-13 01:15:00,GS001,Area Dasar Tambang,0.583,3.024,31.346,72.105
2026-06-13 01:20:00,GS001,Area Dasar Tambang,0.723,4.473,28.557,72.272
2026-06-13 01:25:00,GS001,Area Dasar Tambang,0.89,5.947,30.265,74.458
2026-06-13 01:30:00,GS001,Area Dasar Tambang,1.108,8.053,31.677,74.519
2026-06-13 01:35:00,GS001,Area Dasar Tambang,0.974,7.387,31.982,70.547
2026-06-13 01:40:00,GS001,Area Dasar Tambang,0.85,5.88,31.738,72.511
2026-06-13 01:45:00,GS001,Area Dasar Tambang,0.799,5.149,32.358,76.896
2026-06-13 01:50:00,GS001,Area Dasar Tambang,0.768,4.365,31.52,82.113
2026-06-13 01:55:00,GS001,Area Dasar Tambang,0.652,3.15,28.404,74.148
2026-06-13 02:00:00,GS001,Area Dasar Tambang,0.953,4.677,32.934,74.747
2026-06-13 02:05:00,GS001,Area Dasar Tambang,0.962,7.015,29.194,74.692
2026-06-13 02:10:00,GS001,Area Dasar Tambang,1.286,8.311,30.089,67.196
2026-06-13 02:15:00,GS001,Area Dasar Tambang,1.508,11.071,34.073,74.906
2026-06-13 02:20:00,GS001,Area Dasar Tambang,1.566,13.526,32.497,72.234
2026-06-13 02:25:00,GS001,Area Dasar Tambang,1.761,15.22,34.797,75.171
2026-06-13 02:30:00,GS001,Area Dasar Tambang,2.055,18.403,31.543,67.093
2026-06-13 02:35:00,GS001,Area Dasar Tambang,1.754,13.544,30.916,76.958
2026-06-13 02:40:00,GS001,Area Dasar Tambang,1.509,11.674,32.052,70.261
2026-06-13 02:45:00,GS001,Area Dasar Tambang,1.333,9.985,33.301,77.515
2026-06-13 02:50:00,GS001,Area Dasar Tambang,1.147,8.725,32.814,76.701
2026-06-13 02:55:00,GS001,Area Dasar Tambang,0.882,5.75,29.81,69.304
2026-06-13 03:00:00,GS001,Area Dasar Tambang,0.806,3.606,30.913,72.864
2026-06-13 03:05:00,GS001,Area Dasar Tambang,0.674,2.94,32.791,79.424
2026-06-13 03:10:00,GS001,Area Dasar Tambang,0.461,1.91,35.306,79.133
2026-06-13 03:15:00,GS001,Area Dasar Tambang,0.604,4.186,31.632,70.37
2026-06-13 03:20:00,GS001,Area Dasar Tambang,1.058,7.203,33.766,77.838
2026-06-13 03:25:00,GS001,Area Dasar Tambang,1.277,9.877,30.512,76.552
2026-06-13 03:30:00,GS001,Area Dasar Tambang,1.428,13.253,34.742,69.042
2026-06-13 03:35:00,GS001,Area Dasar Tambang,1.936,16.86,32.592,72.797
2026-06-13 03:40:00,GS001,Area Dasar Tambang,2.119,19.662,34.377,74.266
2026-06-13 03:45:00,GS001,Area Dasar Tambang,2.376,24.327,28.899,76.731
2026-06-13 03:50:00,GS001,Area Dasar Tambang,2.165,19.514,36.19,70.884
2026-06-13 03:55:00,GS001,Area Dasar Tambang,1.794,13.591,31.666,82.686
2026-06-13 04:00:00,GS001,Area Dasar Tambang,1.412,9.89,34.056,75.312
2026-06-13 04:05:00,GS001,Area Dasar Tambang,1.072,6.847,31.0,83.158
2026-06-13 04:10:00,GS001,Area Dasar Tambang,0.835,5.046,31.621,76.922
2026-06-13 04:15:00,GS001,Area Dasar Tambang,0.408,2.034,34.725,78.415
2026-06-13 04:20:00,GS001,Area Dasar Tambang,0.539,3.062,32.286,73.807
2026-06-13 04:25:00,GS001,Area Dasar Tambang,0.725,4.206,30.926,75.265
2026-06-13 04:30:00,GS001,Area Dasar Tambang,0.897,6.468,31.994,70.476
2026-06-13 04:35:00,GS001,Area Dasar Tambang,1.086,7.796,31.302,74.351
2026-06-13 04:40:00,GS001,Area Dasar Tambang,1.048,7.113,31.774,75.918
2026-06-13 04:45:00,GS001,Area Dasar Tambang,0.898,5.828,32.052,72.727
2026-06-13 04:50:00,GS001,Area Dasar Tambang,0.699,5.087,33.909,74.69
2026-06-13 04:55:00,GS001,Area Dasar Tambang,0.589,4.144,31.512,75.258
2026-06-13 05:00:00,GS001,Area Dasar Tambang,0.64,3.041,32.548,87.183
2026-06-13 05:05:00,GS001,Area Dasar Tambang,0.763,5.505,30.128,80.163
2026-06-13 05:10:00,GS001,Area Dasar Tambang,1.026,6.282,33.086,76.74
2026-06-13 05:15:00,GS001,Area Dasar Tambang,1.114,9.269,35.663,70.875
2026-06-13 05:20:00,GS001,Area Dasar Tambang,1.387,11.398,34.918,79.581
2026-06-13 05:25:00,GS001,Area Dasar Tambang,1.502,12.626,34.368,69.408
2026-06-13 05:30:00,GS001,Area Dasar Tambang,1.856,15.906,31.51,81.49
2026-06-13 05:35:00,GS001,Area Dasar Tambang,2.069,17.165,31.056,77.445
2026-06-13 05:40:00,GS001,Area Dasar Tambang,1.642,14.241,32.679,66.079
2026-06-13 05:45:00,GS001,Area Dasar Tambang,1.38,12.476,32.067,80.168
2026-06-13 05:50:00,GS001,Area Dasar Tambang,1.252,9.389,33.604,80.159
2026-06-13 05:55:00,GS001,Area Dasar Tambang,1.087,8.34,28.969,74.302
2026-06-13 06:00:00,GS001,Area Dasar Tambang,0.876,6.071,31.221,68.791
2026-06-13 06:05:00,GS001,Area Dasar Tambang,0.621,3.752,29.707,80.302
2026-06-13 06:10:00,GS001,Area Dasar Tambang,0.641,3.144,31.657,78.925
2026-06-13 06:15:00,GS001,Area Dasar Tambang,0.463,1.979,29.995,82.703
2026-06-13 06:20:00,GS001,Area Dasar Tambang,0.757,3.641,30.529,79.153
2026-06-13 06:25:00,GS001,Area Dasar Tambang,1.004,6.652,31.92,73.507
2026-06-13 06:30:00,GS001,Area Dasar Tambang,1.407,9.735,29.095,78.773
2026-06-13 06:35:00,GS001,Area Dasar Tambang,1.504,12.787,30.759,71.053
2026-06-13 06:40:00,GS001,Area Dasar Tambang,1.823,15.813,34.552,74.217
2026-06-13 06:45:00,GS001,Area Dasar Tambang,2.148,21.052,32.138,83.969
2026-06-13 06:50:00,GS001,Area Dasar Tambang,2.639,21.581,33.692,75.504
2026-06-13 06:55:00,GS001,Area Dasar Tambang,2.264,18.567,30.654,68.157
2026-06-13 07:00:00,GS001,Area Dasar Tambang,1.72,14.728,30.752,70.844
2026-06-13 07:05:00,GS001,Area Dasar Tambang,1.377,9.944,33.265,77.484
2026-06-13 07:10:00,GS001,Area Dasar Tambang,0.958,7.183,32.411,79.666
2026-06-13 07:15:00,GS001,Area Dasar Tambang,0.818,5.139,32.908,68.522
2026-06-13 07:20:00,GS001,Area Dasar Tambang,0.336,2.041,30.195,77.826
2026-06-13 07:25:00,GS001,Area Dasar Tambang,0.567,3.087,30.673,79.724
2026-06-13 07:30:00,GS001,Area Dasar Tambang,0.722,4.122,33.782,74.596
2026-06-13 07:35:00,GS001,Area Dasar Tambang,0.94,6.549,29.619,81.356
2026-06-13 07:40:00,GS001,Area Dasar Tambang,1.111,7.433,28.969,74.497
2026-06-13 07:45:00,GS001,Area Dasar Tambang,0.961,7.041,32.637,81.811
2026-06-13 07:50:00,GS001,Area Dasar Tambang,0.893,5.955,31.086,68.926
2026-06-13 07:55:00,GS001,Area Dasar Tambang,0.79,4.777,34.072,69.79
2026-06-13 08:00:00,GS001,Area Dasar Tambang,0.828,3.839,32.326,75.088
2026-06-13 08:05:00,GS001,Area Dasar Tambang,0.616,2.941,32.095,83.73
2026-06-13 08:10:00,GS001,Area Dasar Tambang,0.785,4.86,31.099,89.448
2026-06-13 08:15:00,GS001,Area Dasar Tambang,1.022,7.714,29.262,76.951
2026-06-13 08:20:00,GS001,Area Dasar Tambang,1.125,8.599,32.039,79.037
2026-06-13 08:25:00,GS001,Area Dasar Tambang,1.377,11.697,32.592,81.032
2026-06-13 08:30:00,GS001,Area Dasar Tambang,1.611,14.457,32.812,72.333
2026-06-13 08:35:00,GS001,Area Dasar Tambang,1.713,15.03,34.255,68.447
2026-06-13 08:40:00,GS001,Area Dasar Tambang,2.093,18.77,37.267,71.512
2026-06-13 08:45:00,GS001,Area Dasar Tambang,1.62,13.018,30.231,75.782
2026-06-13 08:50:00,GS001,Area Dasar Tambang,1.413,12.347,36.081,68.428
2026-06-13 08:55:00,GS001,Area Dasar Tambang,1.227,9.788,32.982,74.331
2026-06-13 09:00:00,GS001,Area Dasar Tambang,1.058,8.356,35.182,66.232
2026-06-13 09:05:00,GS001,Area Dasar Tambang,0.825,6.533,33.271,74.906
2026-06-13 09:10:00,GS001,Area Dasar Tambang,0.765,4.053,29.674,73.1
2026-06-13 09:15:00,GS001,Area Dasar Tambang,0.543,3.201,32.171,73.753
2026-06-13 09:20:00,GS001,Area Dasar Tambang,0.505,2.105,31.934,79.269
2026-06-13 09:25:00,GS001,Area Dasar Tambang,0.762,3.671,30.695,80.136
2026-06-13 09:30:00,GS001,Area Dasar Tambang,1.046,7.148,30.504,72.167
2026-06-13 09:35:00,GS001,Area Dasar Tambang,1.268,10.132,31.692,71.9
2026-06-13 09:40:00,GS001,Area Dasar Tambang,1.665,13.458,31.976,71.439
2026-06-13 09:45:00,GS001,Area Dasar Tambang,1.887,15.965,30.741,71.019
2026-06-13 09:50:00,GS001,Area Dasar Tambang,2.25,21.357,33.965,68.232
2026-06-13 09:55:00,GS001,Area Dasar Tambang,2.708,24.439,35.011,72.295
2026-06-13 10:00:00,GS001,Area Dasar Tambang,2.235,18.864,31.988,73.294
2026-06-13 10:05:00,GS001,Area Dasar Tambang,1.988,12.591,31.433,74.062
2026-06-13 10:10:00,GS001,Area Dasar Tambang,1.321,9.55,34.358,74.57
2026-06-13 10:15:00,GS001,Area Dasar Tambang,0.991,6.533,30.889,79.516
2026-06-13 10:20:00,GS001,Area Dasar Tambang,0.714,4.605,31.286,71.85
2026-06-13 10:25:00,GS001,Area Dasar Tambang,0.44,2.111,28.065,74.53
2026-06-13 10:30:00,GS001,Area Dasar Tambang,0.551,3.035,33.643,79.099
2026-06-13 10:35:00,GS001,Area Dasar Tambang,0.786,3.903,35.154,71.972
2026-06-13 10:40:00,GS001,Area Dasar Tambang,1.052,5.898,35.485,76.671
2026-06-13 10:45:00,GS001,Area Dasar Tambang,1.076,8.003,31.376,75.162
2026-06-13 10:50:00,GS001,Area Dasar Tambang,0.989,7.323,30.078,74.301
2026-06-13 10:55:00,GS001,Area Dasar Tambang,0.9,5.519,33.285,76.1
2026-06-13 11:00:00,GS001,Area Dasar Tambang,0.828,5.126,34.033,76.272
2026-06-13 11:05:00,GS001,Area Dasar Tambang,0.604,3.752,31.296,69.19
2026-06-13 11:10:00,GS001,Area Dasar Tambang,0.661,3.03,31.914,79.618
2026-06-13 11:15:00,GS001,Area Dasar Tambang,0.778,5.139,29.756,81.423
2026-06-13 11:20:00,GS001,Area Dasar Tambang,0.93,7.229,31.003,71.434
2026-06-13 11:25:00,GS001,Area Dasar Tambang,1.184,9.823,31.112,68.348
2026-06-13 11:30:00,GS001,Area Dasar Tambang,1.445,10.779,32.475,85.749
2026-06-13 11:35:00,GS001,Area Dasar Tambang,1.609,15.104,30.746,73.145
2026-06-13 11:40:00,GS001,Area Dasar Tambang,1.785,14.781,34.123,73.436
2026-06-13 11:45:00,GS001,Area Dasar Tambang,2.189,18.062,34.602,67.713
2026-06-13 11:50:00,GS001,Area Dasar Tambang,1.704,14.728,30.212,65.012
2026-06-13 11:55:00,GS001,Area Dasar Tambang,1.602,12.058,31.88,69.086
2026-06-13 12:00:00,GS001,Area Dasar Tambang,1.391,10.23,32.559,73.419
2026-06-13 12:05:00,GS001,Area Dasar Tambang,1.156,8.06,29.051,80.331
2026-06-13 12:10:00,GS001,Area Dasar Tambang,0.879,5.898,35.05,80.012
2026-06-13 12:15:00,GS001,Area Dasar Tambang,0.778,4.015,33.22,71.477
2026-06-13 12:20:00,GS001,Area Dasar Tambang,0.634,3.035,31.374,79.747
2026-06-13 12:25:00,GS001,Area Dasar Tambang,0.481,1.942,30.888,86.144
2026-06-13 12:30:00,GS001,Area Dasar Tambang,0.77,3.75,30.519,78.997
2026-06-13 12:35:00,GS001,Area Dasar Tambang,0.948,7.152,28.787,76.149
2026-06-13 12:40:00,GS001,Area Dasar Tambang,1.304,9.509,30.097,81.014
2026-06-13 12:45:00,GS001,Area Dasar Tambang,1.439,12.149,35.184,77.971
2026-06-13 12:50:00,GS001,Area Dasar Tambang,1.806,17.417,33.328,75.946
2026-06-13 12:55:00,GS001,Area Dasar Tambang,2.358,19.597,34.329,69.266
2026-06-13 13:00:00,GS001,Area Dasar Tambang,2.476,24.572,34.193,70.421
2026-06-13 13:05:00,GS001,Area Dasar Tambang,2.324,18.572,34.945,69.073
2026-06-13 13:10:00,GS001,Area Dasar Tambang,1.697,14.188,35.64,73.081
2026-06-13 13:15:00,GS001,Area Dasar Tambang,1.409,9.126,30.261,62.239
2026-06-13 13:20:00,GS001,Area Dasar Tambang,0.997,7.024,29.752,71.566
2026-06-13 13:25:00,GS001,Area Dasar Tambang,0.822,4.553,31.164,77.261
2026-06-13 13:30:00,GS001,Area Dasar Tambang,0.353,2.041,30.189,84.916
2026-06-13 13:35:00,GS001,Area Dasar Tambang,0.552,3.151,31.324,74.109
2026-06-13 13:40:00,GS001,Area Dasar Tambang,0.734,3.869,32.342,76.238
2026-06-13 13:45:00,GS001,Area Dasar Tambang,0.903,5.963,29.726,72.394
2026-06-13 13:50:00,GS001,Area Dasar Tambang,1.121,8.542,36.595,73.165
2026-06-13 13:55:00,GS001,Area Dasar Tambang,0.956,7.573,30.703,73.002
2026-06-13 14:00:00,GS001,Area Dasar Tambang,0.944,6.571,30.685,79.324
2026-06-13 14:05:00,GS001,Area Dasar Tambang,0.835,4.773,30.475,79.304
2026-06-13 14:10:00,GS001,Area Dasar Tambang,0.728,4.174,27.562,82.313
2026-06-13 14:15:00,GS001,Area Dasar Tambang,0.581,3.017,32.731,81.871
2026-06-13 14:20:00,GS001,Area Dasar Tambang,0.823,4.934,28.693,72.514
2026-06-13 14:25:00,GS001,Area Dasar Tambang,1.008,6.059,30.911,72.226
2026-06-13 14:30:00,GS001,Area Dasar Tambang,1.256,9.244,31.156,77.884
2026-06-13 14:35:00,GS001,Area Dasar Tambang,1.453,11.747,32.812,75.822
2026-06-13 14:40:00,GS001,Area Dasar Tambang,1.623,12.274,31.204,80.145
2026-06-13 14:45:00,GS001,Area Dasar Tambang,1.71,13.963,30.843,67.859
2026-06-13 14:50:00,GS001,Area Dasar Tambang,1.958,17.339,32.266,65.574
2026-06-13 14:55:00,GS001,Area Dasar Tambang,1.82,14.018,33.445,73.841
2026-06-13 15:00:00,GS001,Area Dasar Tambang,1.741,12.42,34.382,73.971
2026-06-13 15:05:00,GS001,Area Dasar Tambang,1.225,9.984,32.643,78.422
2026-06-13 15:10:00,GS001,Area Dasar Tambang,1.106,8.119,33.135,78.861
2026-06-13 15:15:00,GS001,Area Dasar Tambang,0.975,5.782,32.45,76.971
2026-06-13 15:20:00,GS001,Area Dasar Tambang,0.652,3.615,31.337,82.196
2026-06-13 15:25:00,GS001,Area Dasar Tambang,0.615,3.057,34.513,78.222
2026-06-13 15:30:00,GS001,Area Dasar Tambang,0.383,1.867,30.713,75.388
2026-06-13 15:35:00,GS001,Area Dasar Tambang,0.629,3.89,32.729,72.81
2026-06-13 15:40:00,GS001,Area Dasar Tambang,0.982,7.199,30.552,71.468
2026-06-13 15:45:00,GS001,Area Dasar Tambang,1.158,10.34,33.848,80.019
2026-06-13 15:50:00,GS001,Area Dasar Tambang,1.55,13.003,33.041,78.558
2026-06-13 15:55:00,GS001,Area Dasar Tambang,2.03,15.583,35.599,72.362
2026-06-13 16:00:00,GS001,Area Dasar Tambang,2.165,19.347,32.057,57.881
2026-06-13 16:05:00,GS001,Area Dasar Tambang,2.374,23.82,31.964,69.25
2026-06-13 16:10:00,GS001,Area Dasar Tambang,2.099,16.454,34.236,67.547
2026-06-13 16:15:00,GS001,Area Dasar Tambang,1.899,12.703,31.982,77.078
2026-06-13 16:20:00,GS001,Area Dasar Tambang,1.359,9.785,30.273,67.155
2026-06-13 16:25:00,GS001,Area Dasar Tambang,0.947,7.03,31.765,72.225
2026-06-13 16:30:00,GS001,Area Dasar Tambang,0.775,4.8,28.411,77.369
2026-06-13 16:35:00,GS001,Area Dasar Tambang,0.441,2.023,33.699,78.574
2026-06-13 16:40:00,GS001,Area Dasar Tambang,0.501,3.221,29.703,74.406
2026-06-13 16:45:00,GS001,Area Dasar Tambang,0.619,4.019,28.147,75.834
2026-06-13 16:50:00,GS001,Area Dasar Tambang,0.89,6.151,32.081,76.114
2026-06-13 16:55:00,GS001,Area Dasar Tambang,1.088,8.243,28.415,67.643
2026-06-13 17:00:00,GS001,Area Dasar Tambang,0.942,7.307,32.487,74.089
2026-06-13 17:05:00,GS001,Area Dasar Tambang,0.828,5.622,34.772,88.405
2026-06-13 17:10:00,GS001,Area Dasar Tambang,0.837,5.171,29.546,66.275
2026-06-13 17:15:00,GS001,Area Dasar Tambang,0.733,3.782,29.615,80.722
2026-06-13 17:20:00,GS001,Area Dasar Tambang,0.608,3.25,32.895,75.106
2026-06-13 17:25:00,GS001,Area Dasar Tambang,0.713,5.208,34.203,73.776
2026-06-13 17:30:00,GS001,Area Dasar Tambang,1.13,7.359,33.099,75.643
2026-06-13 17:35:00,GS001,Area Dasar Tambang,1.339,9.156,30.048,78.779
2026-06-13 17:40:00,GS001,Area Dasar Tambang,1.334,10.719,33.076,72.862
2026-06-13 17:45:00,GS001,Area Dasar Tambang,1.581,13.355,31.765,80.733
2026-06-13 17:50:00,GS001,Area Dasar Tambang,1.969,14.505,33.283,69.379
2026-06-13 17:55:00,GS001,Area Dasar Tambang,2.233,18.068,31.344,74.789
2026-06-13 18:00:00,GS001,Area Dasar Tambang,1.601,14.123,30.077,71.58
2026-06-13 18:05:00,GS001,Area Dasar Tambang,1.562,13.548,34.208,69.311
2026-06-13 18:10:00,GS001,Area Dasar Tambang,1.28,9.804,30.898,72.946
2026-06-13 18:15:00,GS001,Area Dasar Tambang,1.103,7.536,29.624,68.331
2026-06-13 18:20:00,GS001,Area Dasar Tambang,0.904,6.373,32.409,71.013
2026-06-13 18:25:00,GS001,Area Dasar Tambang,0.846,4.371,31.646,74.339
2026-06-13 18:30:00,GS001,Area Dasar Tambang,0.711,3.094,30.634,80.325
2026-06-13 18:35:00,GS001,Area Dasar Tambang,0.4,2.039,33.04,72.536
2026-06-13 18:40:00,GS001,Area Dasar Tambang,0.675,4.287,32.776,82.557
2026-06-13 18:45:00,GS001,Area Dasar Tambang,1.004,7.378,32.298,76.182
2026-06-13 18:50:00,GS001,Area Dasar Tambang,1.27,10.267,30.772,72.84
2026-06-13 18:55:00,GS001,Area Dasar Tambang,1.712,13.375,35.802,74.683
2026-06-13 19:00:00,GS001,Area Dasar Tambang,1.948,15.984,32.71,66.774
2026-06-13 19:05:00,GS001,Area Dasar Tambang,2.203,21.324,33.545,68.318
2026-06-13 19:10:00,GS001,Area Dasar Tambang,2.39,27.0,32.711,69.462
2026-06-13 19:15:00,GS001,Area Dasar Tambang,2.193,17.33,33.191,66.724
2026-06-13 19:20:00,GS001,Area Dasar Tambang,1.755,15.388,33.686,72.012
2026-06-13 19:25:00,GS001,Area Dasar Tambang,1.474,9.987,32.733,76.403
2026-06-13 19:30:00,GS001,Area Dasar Tambang,0.995,6.886,29.972,72.791
2026-06-13 19:35:00,GS001,Area Dasar Tambang,0.823,5.082,32.214,70.684
2026-06-13 19:40:00,GS001,Area Dasar Tambang,0.373,2.011,37.078,76.484
2026-06-13 19:45:00,GS001,Area Dasar Tambang,0.613,3.241,32.258,72.994
2026-06-13 19:50:00,GS001,Area Dasar Tambang,0.742,3.948,33.74,71.892
2026-06-13 19:55:00,GS001,Area Dasar Tambang,0.901,6.015,29.052,79.883
2026-06-13 20:00:00,GS001,Area Dasar Tambang,1.134,7.594,35.015,73.197
2026-06-13 20:05:00,GS001,Area Dasar Tambang,0.971,7.123,30.671,71.682
2026-06-13 20:10:00,GS001,Area Dasar Tambang,0.938,5.504,32.422,79.334
2026-06-13 20:15:00,GS001,Area Dasar Tambang,0.769,5.54,31.214,74.194
2026-06-13 20:20:00,GS001,Area Dasar Tambang,0.752,3.971,31.27,78.145
2026-06-13 20:25:00,GS001,Area Dasar Tambang,0.647,3.377,30.692,71.675
2026-06-13 20:30:00,GS001,Area Dasar Tambang,0.843,5.336,32.625,77.987
2026-06-13 20:35:00,GS001,Area Dasar Tambang,1.005,7.296,31.029,66.888
2026-06-13 20:40:00,GS001,Area Dasar Tambang,1.171,9.616,31.574,70.805
2026-06-13 20:45:00,GS001,Area Dasar Tambang,1.514,12.162,31.127,70.818
2026-06-13 20:50:00,GS001,Area Dasar Tambang,1.741,13.472,30.199,74.69
2026-06-13 20:55:00,GS001,Area Dasar Tambang,1.727,15.009,30.532,75.241
2026-06-13 21:00:00,GS001,Area Dasar Tambang,2.202,18.822,31.566,74.888
2026-06-13 21:05:00,GS001,Area Dasar Tambang,1.685,12.962,31.646,76.5
2026-06-13 21:10:00,GS001,Area Dasar Tambang,1.515,12.606,29.64,72.431
2026-06-13 21:15:00,GS001,Area Dasar Tambang,1.33,9.991,30.369,80.031
2026-06-13 21:20:00,GS001,Area Dasar Tambang,1.179,8.068,34.089,76.735
2026-06-13 21:25:00,GS001,Area Dasar Tambang,0.887,5.964,28.516,75.514
2026-06-13 21:30:00,GS001,Area Dasar Tambang,0.799,3.982,32.608,74.382
2026-06-13 21:35:00,GS001,Area Dasar Tambang,0.678,2.898,29.039,78.399
2026-06-13 21:40:00,GS001,Area Dasar Tambang,0.56,2.066,30.124,83.819
2026-06-13 21:45:00,GS001,Area Dasar Tambang,0.787,3.981,30.718,75.27
2026-06-13 21:50:00,GS001,Area Dasar Tambang,0.978,7.167,33.185,66.616
2026-06-13 21:55:00,GS001,Area Dasar Tambang,1.218,10.485,35.794,73.477
2026-06-13 22:00:00,GS001,Area Dasar Tambang,1.522,13.187,29.454,72.196
2026-06-13 22:05:00,GS001,Area Dasar Tambang,1.872,14.894,34.035,69.701
2026-06-13 22:10:00,GS001,Area Dasar Tambang,2.229,21.155,33.65,71.936
2026-06-13 22:15:00,GS001,Area Dasar Tambang,2.581,25.388,33.067,74.804
2026-06-13 22:20:00,GS001,Area Dasar Tambang,2.032,19.254,33.893,69.22
2026-06-13 22:25:00,GS001,Area Dasar Tambang,1.853,14.797,32.437,73.571
2026-06-13 22:30:00,GS001,Area Dasar Tambang,1.509,9.362,32.475,69.79
2026-06-13 22:35:00,GS001,Area Dasar Tambang,0.937,7.309,32.064,70.121
2026-06-13 22:40:00,GS001,Area Dasar Tambang,0.844,4.414,30.669,81.996
2026-06-13 22:45:00,GS001,Area Dasar Tambang,0.396,1.971,29.313,77.185
2026-06-13 22:50:00,GS001,Area Dasar Tambang,0.416,3.203,29.143,78.938
2026-06-13 22:55:00,GS001,Area Dasar Tambang,0.675,4.011,30.097,79.312
2026-06-13 23:00:00,GS001,Area Dasar Tambang,0.989,6.399,33.247,72.878
2026-06-13 23:05:00,GS001,Area Dasar Tambang,1.029,6.781,30.657,74.271
2026-06-13 23:10:00,GS001,Area Dasar Tambang,0.955,6.717,30.098,70.19
2026-06-13 23:15:00,GS001,Area Dasar Tambang,0.858,5.407,28.07,75.801
2026-06-13 23:20:00,GS001,Area Dasar Tambang,0.804,5.146,30.538,78.92
2026-06-13 23:25:00,GS001,Area Dasar Tambang,0.689,3.962,31.905,77.649
2026-06-13 23:30:00,GS001,Area Dasar Tambang,0.545,3.102,32.047,79.283
2026-06-13 23:35:00,GS001,Area Dasar Tambang,0.809,4.94,31.163,76.313
2026-06-13 23:40:00,GS001,Area Dasar Tambang,1.0,6.908,30.744,77.889
2026-06-13 23:45:00,GS001,Area Dasar Tambang,1.026,9.461,30.878,78.24
2026-06-13 23:50:00,GS001,Area Dasar Tambang,1.475,11.585,30.628,72.622
2026-06-13 23:55:00,GS001,Area Dasar Tambang,1.724,12.952,30.165,75.694
2026-06-14 00:00:00,GS001,Area Dasar Tambang,1.742,16.246,29.371,68.019
2026-06-14 00:05:00,GS001,Area Dasar Tambang,1.73,18.168,30.363,74.458
2026-06-14 00:10:00,GS001,Area Dasar Tambang,1.895,14.054,29.832,73.985
2026-06-14 00:15:00,GS001,Area Dasar Tambang,1.451,12.829,32.387,79.157
2026-06-14 00:20:00,GS001,Area Dasar Tambang,0.467,1.858,30.624,76.734
2026-06-14 00:25:00,GS001,Area Dasar Tambang,0.551,2.962,31.576,69.802
2026-06-14 00:30:00,GS001,Area Dasar Tambang,0.639,4.335,31.263,73.925
2026-06-14 00:35:00,GS001,Area Dasar Tambang,0.91,5.747,31.044,71.584
2026-06-14 00:40:00,GS001,Area Dasar Tambang,1.065,7.867,33.017,76.392
2026-06-14 00:45:00,GS001,Area Dasar Tambang,1.026,6.993,32.537,72.379
2026-06-14 00:50:00,GS001,Area Dasar Tambang,0.871,6.098,31.049,75.958
2026-06-14 00:55:00,GS001,Area Dasar Tambang,0.793,5.251,32.935,74.096
2026-06-14 01:00:00,GS001,Area Dasar Tambang,0.63,3.886,30.081,79.562
2026-06-14 01:05:00,GS001,Area Dasar Tambang,0.637,2.876,30.161,72.445
2026-06-14 01:10:00,GS001,Area Dasar Tambang,0.805,4.991,32.288,77.511
2026-06-14 01:15:00,GS001,Area Dasar Tambang,1.024,6.568,30.711,77.847
2026-06-14 01:20:00,GS001,Area Dasar Tambang,1.174,8.414,32.828,72.291
2026-06-14 01:25:00,GS001,Area Dasar Tambang,1.46,10.992,31.645,78.035
2026-06-14 01:30:00,GS001,Area Dasar Tambang,1.517,13.746,31.377,73.474
2026-06-14 01:35:00,GS001,Area Dasar Tambang,1.812,14.744,31.509,70.935
2026-06-14 01:40:00,GS001,Area Dasar Tambang,1.919,19.413,32.169,74.291
2026-06-14 01:45:00,GS001,Area Dasar Tambang,1.77,14.203,32.224,72.558
2026-06-14 01:50:00,GS001,Area Dasar Tambang,1.534,12.048,30.182,67.691
2026-06-14 01:55:00,GS001,Area Dasar Tambang,1.378,8.946,32.25,73.304
2026-06-14 02:00:00,GS001,Area Dasar Tambang,1.107,7.635,32.246,75.618
2026-06-14 02:05:00,GS001,Area Dasar Tambang,1.01,6.031,33.199,71.444
2026-06-14 02:10:00,GS001,Area Dasar Tambang,0.741,4.036,31.638,77.873
2026-06-14 02:15:00,GS001,Area Dasar Tambang,0.668,3.031,30.125,75.103
2026-06-14 02:20:00,GS001,Area Dasar Tambang,0.533,2.036,29.102,79.606
2026-06-14 02:25:00,GS001,Area Dasar Tambang,0.657,4.07,30.195,76.133
2026-06-14 02:30:00,GS001,Area Dasar Tambang,0.978,7.425,32.006,79.834
2026-06-14 02:35:00,GS001,Area Dasar Tambang,1.451,10.019,33.817,72.902
2026-06-14 02:40:00,GS001,Area Dasar Tambang,1.68,12.58,32.276,75.589
2026-06-14 02:45:00,GS001,Area Dasar Tambang,1.953,15.186,31.566,74.785
2026-06-14 02:50:00,GS001,Area Dasar Tambang,2.168,18.882,32.906,71.657
2026-06-14 02:55:00,GS001,Area Dasar Tambang,2.518,24.508,34.022,68.818
2026-06-14 03:00:00,GS001,Area Dasar Tambang,2.065,18.668,32.283,70.862
2026-06-14 03:05:00,GS001,Area Dasar Tambang,1.692,13.984,33.05,67.232
2026-06-14 03:10:00,GS001,Area Dasar Tambang,1.34,9.431,33.215,68.339
2026-06-14 03:15:00,GS001,Area Dasar Tambang,0.997,7.201,32.039,73.68
2026-06-14 03:20:00,GS001,Area Dasar Tambang,0.814,5.207,31.364,69.194
2026-06-14 03:25:00,GS001,Area Dasar Tambang,0.424,2.119,31.501,71.447
2026-06-14 03:30:00,GS001,Area Dasar Tambang,0.513,2.761,29.53,77.031
2026-06-14 03:35:00,GS001,Area Dasar Tambang,0.66,3.993,31.12,79.373
2026-06-14 03:40:00,GS001,Area Dasar Tambang,0.902,5.168,32.296,66.074
2026-06-14 03:45:00,GS001,Area Dasar Tambang,1.098,7.981,33.019,72.252
2026-06-14 03:50:00,GS001,Area Dasar Tambang,0.846,7.313,30.29,79.606
2026-06-14 03:55:00,GS001,Area Dasar Tambang,0.882,5.7,30.887,75.152
2026-06-14 04:00:00,GS001,Area Dasar Tambang,0.778,5.021,31.058,74.872
2026-06-14 04:05:00,GS001,Area Dasar Tambang,0.726,4.709,28.934,78.017
2026-06-14 04:10:00,GS001,Area Dasar Tambang,0.588,2.987,31.756,81.304
2026-06-14 04:15:00,GS001,Area Dasar Tambang,0.748,5.117,28.916,62.415
2026-06-14 04:20:00,GS001,Area Dasar Tambang,0.983,6.195,31.338,66.834
2026-06-14 04:25:00,GS001,Area Dasar Tambang,1.124,9.824,32.347,74.584
2026-06-14 04:30:00,GS001,Area Dasar Tambang,1.398,11.384,31.393,75.536
2026-06-14 04:35:00,GS001,Area Dasar Tambang,1.775,12.314,31.889,71.144
2026-06-14 04:40:00,GS001,Area Dasar Tambang,1.765,14.297,33.845,72.568
2026-06-14 04:45:00,GS001,Area Dasar Tambang,1.898,17.669,32.109,70.284
2026-06-14 04:50:00,GS001,Area Dasar Tambang,1.732,13.949,33.252,71.677
2026-06-14 04:55:00,GS001,Area Dasar Tambang,1.515,13.34,31.502,71.021
2026-06-14 05:00:00,GS001,Area Dasar Tambang,1.15,9.994,34.5,79.564
2026-06-14 05:05:00,GS001,Area Dasar Tambang,1.111,8.354,30.939,72.648
2026-06-14 05:10:00,GS001,Area Dasar Tambang,0.857,5.736,33.222,65.506
2026-06-14 05:15:00,GS001,Area Dasar Tambang,0.648,3.956,31.392,82.057
2026-06-14 05:20:00,GS001,Area Dasar Tambang,0.697,3.126,32.668,85.775
2026-06-14 05:25:00,GS001,Area Dasar Tambang,0.528,1.989,31.437,88.93
2026-06-14 05:30:00,GS001,Area Dasar Tambang,0.68,3.818,33.923,76.934
2026-06-14 05:35:00,GS001,Area Dasar Tambang,0.992,7.391,33.674,70.157
2026-06-14 05:40:00,GS001,Area Dasar Tambang,1.316,10.6,28.917,80.707
2026-06-14 05:45:00,GS001,Area Dasar Tambang,1.744,12.067,34.908,78.082
2026-06-14 05:50:00,GS001,Area Dasar Tambang,1.896,14.999,33.11,71.897
2026-06-14 05:55:00,GS001,Area Dasar Tambang,2.207,19.154,32.491,73.138
2026-06-14 06:00:00,GS001,Area Dasar Tambang,2.517,22.883,35.991,67.628
2026-06-14 06:05:00,GS001,Area Dasar Tambang,2.067,17.85,34.137,66.395
2026-06-14 06:10:00,GS001,Area Dasar Tambang,1.873,13.198,33.382,70.475
2026-06-14 06:15:00,GS001,Area Dasar Tambang,1.383,9.746,31.753,73.694
2026-06-14 06:20:00,GS001,Area Dasar Tambang,1.017,7.509,33.798,73.032
2026-06-14 06:25:00,GS001,Area Dasar Tambang,0.737,4.898,33.681,80.105
2026-06-14 06:30:00,GS001,Area Dasar Tambang,0.385,2.002,30.581,71.976
2026-06-14 06:35:00,GS001,Area Dasar Tambang,0.541,3.483,29.982,81.606
2026-06-14 06:40:00,GS001,Area Dasar Tambang,0.678,3.646,31.785,71.27
2026-06-14 06:45:00,GS001,Area Dasar Tambang,0.933,6.368,31.933,81.916
2026-06-14 06:50:00,GS001,Area Dasar Tambang,1.094,8.323,30.255,73.577
2026-06-14 06:55:00,GS001,Area Dasar Tambang,1.037,7.245,32.026,72.693
2026-06-14 07:00:00,GS001,Area Dasar Tambang,0.863,6.05,28.773,76.249
2026-06-14 07:05:00,GS001,Area Dasar Tambang,0.765,5.074,28.808,73.357
2026-06-14 07:10:00,GS001,Area Dasar Tambang,0.672,3.747,28.567,80.049
2026-06-14 07:15:00,GS001,Area Dasar Tambang,0.583,2.984,31.499,72.454
2026-06-14 07:20:00,GS001,Area Dasar Tambang,0.753,5.111,31.901,74.649
2026-06-14 07:25:00,GS001,Area Dasar Tambang,1.011,7.344,30.009,78.019
2026-06-14 07:30:00,GS001,Area Dasar Tambang,1.206,8.753,30.353,78.015
2026-06-14 07:35:00,GS001,Area Dasar Tambang,1.466,10.57,32.215,77.515
2026-06-14 07:40:00,GS001,Area Dasar Tambang,1.652,12.93,31.736,67.726
2026-06-14 07:45:00,GS001,Area Dasar Tambang,1.728,15.074,33.48,71.059
2026-06-14 07:50:00,GS001,Area Dasar Tambang,2.24,18.069,33.432,68.379
2026-06-14 07:55:00,GS001,Area Dasar Tambang,1.636,13.989,32.715,73.967
2026-06-14 08:00:00,GS001,Area Dasar Tambang,1.634,11.96,31.051,75.585
2026-06-14 08:05:00,GS001,Area Dasar Tambang,1.29,10.294,33.042,68.766
2026-06-14 08:10:00,GS001,Area Dasar Tambang,1.124,8.265,30.892,82.414
2026-06-14 08:15:00,GS001,Area Dasar Tambang,0.893,5.905,29.861,75.58
2026-06-14 08:20:00,GS001,Area Dasar Tambang,0.669,4.035,32.377,80.801
2026-06-14 08:25:00,GS001,Area Dasar Tambang,0.577,2.853,33.067,77.802
2026-06-14 08:30:00,GS001,Area Dasar Tambang,0.552,1.988,28.241,83.211
2026-06-14 08:35:00,GS001,Area Dasar Tambang,0.655,4.019,30.388,85.665
2026-06-14 08:40:00,GS001,Area Dasar Tambang,0.921,6.783,30.912,80.127
2026-06-14 08:45:00,GS001,Area Dasar Tambang,1.332,10.162,33.705,70.749
2026-06-14 08:50:00,GS001,Area Dasar Tambang,1.75,12.787,33.233,76.499
2026-06-14 08:55:00,GS001,Area Dasar Tambang,1.995,17.196,37.101,70.638
2026-06-14 09:00:00,GS001,Area Dasar Tambang,2.209,18.846,34.565,74.323
2026-06-14 09:05:00,GS001,Area Dasar Tambang,2.549,22.867,33.924,70.226
2026-06-14 09:10:00,GS001,Area Dasar Tambang,2.123,16.76,35.865,74.265
2026-06-14 09:15:00,GS001,Area Dasar Tambang,1.822,14.634,30.162,69.515
2026-06-14 09:20:00,GS001,Area Dasar Tambang,1.329,9.309,32.029,72.844
2026-06-14 09:25:00,GS001,Area Dasar Tambang,1.083,6.763,33.309,75.268
2026-06-14 09:30:00,GS001,Area Dasar Tambang,0.776,4.961,35.13,67.755
2026-06-14 09:35:00,GS001,Area Dasar Tambang,0.424,2.02,32.993,76.629
2026-06-14 09:40:00,GS001,Area Dasar Tambang,0.502,3.039,29.796,76.122
2026-06-14 09:45:00,GS001,Area Dasar Tambang,0.732,4.104,30.917,77.7
2026-06-14 09:50:00,GS001,Area Dasar Tambang,0.979,5.428,30.714,71.091
2026-06-14 09:55:00,GS001,Area Dasar Tambang,1.213,8.536,31.684,74.714
2026-06-14 10:00:00,GS001,Area Dasar Tambang,1.041,6.938,31.185,71.287
2026-06-14 10:05:00,GS001,Area Dasar Tambang,0.918,6.208,29.461,73.385
2026-06-14 10:10:00,GS001,Area Dasar Tambang,0.764,5.057,30.988,76.098
2026-06-14 10:15:00,GS001,Area Dasar Tambang,0.848,4.033,34.907,75.238
2026-06-14 10:20:00,GS001,Area Dasar Tambang,0.537,3.261,30.082,77.746
2026-06-14 10:25:00,GS001,Area Dasar Tambang,0.751,4.623,30.606,77.583
2026-06-14 10:30:00,GS001,Area Dasar Tambang,1.061,6.956,30.369,73.219
2026-06-14 10:35:00,GS001,Area Dasar Tambang,1.238,9.239,29.992,68.034
2026-06-14 10:40:00,GS001,Area Dasar Tambang,1.378,11.769,32.876,67.979
2026-06-14 10:45:00,GS001,Area Dasar Tambang,1.667,11.323,34.213,71.182
2026-06-14 10:50:00,GS001,Area Dasar Tambang,1.807,15.531,35.456,73.103
2026-06-14 10:55:00,GS001,Area Dasar Tambang,1.713,18.429,34.074,72.035
2026-06-14 11:00:00,GS001,Area Dasar Tambang,1.684,15.011,35.9,71.037
2026-06-14 11:05:00,GS001,Area Dasar Tambang,1.394,11.279,31.794,66.815
2026-06-14 11:10:00,GS001,Area Dasar Tambang,1.34,10.222,32.642,62.615
2026-06-14 11:15:00,GS001,Area Dasar Tambang,1.037,8.276,31.338,64.54
2026-06-14 11:20:00,GS001,Area Dasar Tambang,0.955,5.936,33.13,71.763
2026-06-14 11:25:00,GS001,Area Dasar Tambang,0.744,4.01,32.452,77.73
2026-06-14 11:30:00,GS001,Area Dasar Tambang,0.589,2.766,33.398,82.214
2026-06-14 11:35:00,GS001,Area Dasar Tambang,0.553,1.893,31.009,81.79
2026-06-14 11:40:00,GS001,Area Dasar Tambang,0.831,3.912,32.657,73.981
2026-06-14 11:45:00,GS001,Area Dasar Tambang,0.987,6.294,28.256,79.068
2026-06-14 11:50:00,GS001,Area Dasar Tambang,1.264,10.133,36.351,72.97
2026-06-14 11:55:00,GS001,Area Dasar Tambang,1.714,13.966,33.676,77.182
2026-06-14 12:00:00,GS001,Area Dasar Tambang,1.862,16.419,34.039,70.141
2026-06-14 12:05:00,GS001,Area Dasar Tambang,2.091,20.815,35.514,74.389
2026-06-14 12:10:00,GS001,Area Dasar Tambang,2.574,25.264,34.685,71.865
2026-06-14 12:15:00,GS001,Area Dasar Tambang,1.961,18.764,29.561,80.012
2026-06-14 12:20:00,GS001,Area Dasar Tambang,1.86,14.784,31.539,69.836
2026-06-14 12:25:00,GS001,Area Dasar Tambang,1.311,10.083,33.638,74.904
2026-06-14 12:30:00,GS001,Area Dasar Tambang,1.115,7.062,33.788,76.927
2026-06-14 12:35:00,GS001,Area Dasar Tambang,0.911,4.791,28.388,73.614
2026-06-14 12:40:00,GS001,Area Dasar Tambang,0.505,1.907,29.913,69.5
2026-06-14 12:45:00,GS001,Area Dasar Tambang,0.524,3.155,32.475,76.859
2026-06-14 12:50:00,GS001,Area Dasar Tambang,0.675,4.332,32.927,73.498
2026-06-14 12:55:00,GS001,Area Dasar Tambang,0.968,6.509,35.835,79.801
2026-06-14 13:00:00,GS001,Area Dasar Tambang,1.128,8.244,29.953,73.296
2026-06-14 13:05:00,GS001,Area Dasar Tambang,1.057,7.375,30.298,69.604
2026-06-14 13:10:00,GS001,Area Dasar Tambang,0.84,5.893,31.294,75.295
2026-06-14 13:15:00,GS001,Area Dasar Tambang,0.818,5.418,30.601,71.296
2026-06-14 13:20:00,GS001,Area Dasar Tambang,0.738,3.838,29.148,78.331
2026-06-14 13:25:00,GS001,Area Dasar Tambang,0.539,3.142,29.285,71.305
2026-06-14 13:30:00,GS001,Area Dasar Tambang,0.837,4.914,29.514,78.491
2026-06-14 13:35:00,GS001,Area Dasar Tambang,1.018,7.152,28.231,73.803
2026-06-14 13:40:00,GS001,Area Dasar Tambang,1.15,9.452,31.415,69.982
2026-06-14 13:45:00,GS001,Area Dasar Tambang,1.268,11.566,28.737,77.519
2026-06-14 13:50:00,GS001,Area Dasar Tambang,1.704,13.591,32.941,72.04
2026-06-14 13:55:00,GS001,Area Dasar Tambang,1.752,15.329,31.769,68.229
2026-06-14 14:00:00,GS001,Area Dasar Tambang,1.786,18.841,30.888,76.774
2026-06-14 14:05:00,GS001,Area Dasar Tambang,1.652,13.604,35.217,80.212
2026-06-14 14:10:00,GS001,Area Dasar Tambang,1.473,11.483,33.188,65.307
2026-06-14 14:15:00,GS001,Area Dasar Tambang,1.324,9.677,34.641,68.345
2026-06-14 14:20:00,GS001,Area Dasar Tambang,1.11,8.267,35.412,75.326
2026-06-14 14:25:00,GS001,Area Dasar Tambang,0.956,6.781,29.504,76.135
2026-06-14 14:30:00,GS001,Area Dasar Tambang,0.626,4.065,31.192,74.813
2026-06-14 14:35:00,GS001,Area Dasar Tambang,0.54,3.207,30.433,74.791
2026-06-14 14:40:00,GS001,Area Dasar Tambang,0.46,2.029,31.281,79.384
2026-06-14 14:45:00,GS001,Area Dasar Tambang,0.737,4.534,30.319,76.746
2026-06-14 14:50:00,GS001,Area Dasar Tambang,1.041,6.902,30.253,75.835
2026-06-14 14:55:00,GS001,Area Dasar Tambang,1.396,10.165,34.006,76.731
2026-06-14 15:00:00,GS001,Area Dasar Tambang,1.636,12.654,29.784,67.212
2026-06-14 15:05:00,GS001,Area Dasar Tambang,1.832,15.42,30.972,72.554
2026-06-14 15:10:00,GS001,Area Dasar Tambang,1.981,19.209,33.909,77.651
2026-06-14 15:15:00,GS001,Area Dasar Tambang,2.529,25.906,32.207,64.183
2026-06-14 15:20:00,GS001,Area Dasar Tambang,2.167,17.111,30.744,73.901
2026-06-14 15:25:00,GS001,Area Dasar Tambang,1.624,14.447,32.038,74.661
2026-06-14 15:30:00,GS001,Area Dasar Tambang,1.4,10.157,31.862,78.42
2026-06-14 15:35:00,GS001,Area Dasar Tambang,0.962,7.504,30.713,71.98
2026-06-14 15:40:00,GS001,Area Dasar Tambang,0.857,5.247,33.556,77.303
2026-06-14 15:45:00,GS001,Area Dasar Tambang,0.463,1.875,33.129,85.212
2026-06-14 15:50:00,GS001,Area Dasar Tambang,0.467,2.757,30.252,85.37
2026-06-14 15:55:00,GS001,Area Dasar Tambang,0.701,3.949,31.552,84.447
2026-06-14 16:00:00,GS001,Area Dasar Tambang,0.923,6.544,31.937,78.653
2026-06-14 16:05:00,GS001,Area Dasar Tambang,1.152,8.292,32.183,80.382
2026-06-14 16:10:00,GS001,Area Dasar Tambang,0.987,7.695,30.849,66.596
2026-06-14 16:15:00,GS001,Area Dasar Tambang,0.826,5.935,32.862,77.068
2026-06-14 16:20:00,GS001,Area Dasar Tambang,0.709,5.188,31.143,74.887
2026-06-14 16:25:00,GS001,Area Dasar Tambang,0.744,4.206,30.802,83.767
2026-06-14 16:30:00,GS001,Area Dasar Tambang,0.649,2.977,32.638,77.365
2026-06-14 16:35:00,GS001,Area Dasar Tambang,0.848,4.796,28.592,78.703
2026-06-14 16:40:00,GS001,Area Dasar Tambang,0.998,6.394,32.515,73.139
2026-06-14 16:45:00,GS001,Area Dasar Tambang,1.275,9.386,31.417,76.846
2026-06-14 16:50:00,GS001,Area Dasar Tambang,1.319,10.204,31.447,81.625
2026-06-14 16:55:00,GS001,Area Dasar Tambang,1.523,13.068,30.933,76.815
2026-06-14 17:00:00,GS001,Area Dasar Tambang,1.763,13.919,32.732,70.547
2026-06-14 17:05:00,GS001,Area Dasar Tambang,1.844,19.872,35.953,77.715
2026-06-14 17:10:00,GS001,Area Dasar Tambang,1.693,13.522,34.653,80.668
2026-06-14 17:15:00,GS001,Area Dasar Tambang,1.676,10.415,35.635,75.522
2026-06-14 17:20:00,GS001,Area Dasar Tambang,1.25,9.479,34.578,78.392
2026-06-14 17:25:00,GS001,Area Dasar Tambang,1.11,7.128,32.133,75.992
2026-06-14 17:30:00,GS001,Area Dasar Tambang,0.925,5.732,32.981,82.409
2026-06-14 17:35:00,GS001,Area Dasar Tambang,0.701,4.037,32.369,76.418
2026-06-14 17:40:00,GS001,Area Dasar Tambang,0.619,3.203,32.258,82.379
2026-06-14 17:45:00,GS001,Area Dasar Tambang,0.469,1.897,29.742,88.027
2026-06-14 17:50:00,GS001,Area Dasar Tambang,0.737,4.154,29.185,75.387
2026-06-14 17:55:00,GS001,Area Dasar Tambang,1.008,7.301,30.074,78.031
2026-06-14 18:00:00,GS001,Area Dasar Tambang,1.294,9.84,32.017,75.211
2026-06-14 18:05:00,GS001,Area Dasar Tambang,1.759,12.433,32.095,72.269
2026-06-14 18:10:00,GS001,Area Dasar Tambang,1.783,15.011,30.758,75.86
2026-06-14 18:15:00,GS001,Area Dasar Tambang,2.161,19.287,30.153,66.889
2026-06-14 18:20:00,GS001,Area Dasar Tambang,2.299,24.787,31.405,78.977
2026-06-14 18:25:00,GS001,Area Dasar Tambang,1.864,17.712,38.002,72.078
2026-06-14 18:30:00,GS001,Area Dasar Tambang,1.76,14.15,35.057,76.018
2026-06-14 18:35:00,GS001,Area Dasar Tambang,1.299,10.244,29.85,73.447
2026-06-14 18:40:00,GS001,Area Dasar Tambang,0.982,7.002,32.551,83.122
2026-06-14 18:45:00,GS001,Area Dasar Tambang,0.797,4.893,31.884,73.781
2026-06-14 18:50:00,GS001,Area Dasar Tambang,0.52,1.888,30.888,76.72
2026-06-14 18:55:00,GS001,Area Dasar Tambang,0.62,3.056,33.038,78.495
2026-06-14 19:00:00,GS001,Area Dasar Tambang,0.721,4.515,31.587,71.418
2026-06-14 19:05:00,GS001,Area Dasar Tambang,0.934,5.653,31.939,71.612
2026-06-14 19:10:00,GS001,Area Dasar Tambang,1.096,7.398,32.011,74.052
2026-06-14 19:15:00,GS001,Area Dasar Tambang,0.909,6.502,30.352,69.355
2026-06-14 19:20:00,GS001,Area Dasar Tambang,0.893,5.99,31.356,76.53
2026-06-14 19:25:00,GS001,Area Dasar Tambang,0.829,4.497,30.715,82.149
2026-06-14 19:30:00,GS001,Area Dasar Tambang,0.689,4.237,28.993,76.641
2026-06-14 19:35:00,GS001,Area Dasar Tambang,0.651,3.081,28.935,79.869
2026-06-14 19:40:00,GS001,Area Dasar Tambang,0.844,5.228,34.749,70.597
2026-06-14 19:45:00,GS001,Area Dasar Tambang,0.943,7.265,29.973,73.069
2026-06-14 19:50:00,GS001,Area Dasar Tambang,1.275,7.786,30.149,66.801
2026-06-14 19:55:00,GS001,Area Dasar Tambang,1.424,10.355,34.011,77.806
2026-06-14 20:00:00,GS001,Area Dasar Tambang,1.637,12.745,32.431,73.813
2026-06-14 20:05:00,GS001,Area Dasar Tambang,1.83,14.345,32.838,78.494
2026-06-14 20:10:00,GS001,Area Dasar Tambang,2.023,17.327,33.334,62.267
2026-06-14 20:15:00,GS001,Area Dasar Tambang,1.817,13.912,30.546,75.512
2026-06-14 20:20:00,GS001,Area Dasar Tambang,1.603,12.001,30.605,72.41
2026-06-14 20:25:00,GS001,Area Dasar Tambang,1.304,10.058,33.838,69.811
2026-06-14 20:30:00,GS001,Area Dasar Tambang,1.067,8.733,28.264,73.115
2026-06-14 20:35:00,GS001,Area Dasar Tambang,0.832,6.056,30.489,78.153
2026-06-14 20:40:00,GS001,Area Dasar Tambang,0.743,3.608,29.306,72.457
2026-06-14 20:45:00,GS001,Area Dasar Tambang,0.677,2.747,31.663,73.049
2026-06-14 20:50:00,GS001,Area Dasar Tambang,0.436,2.074,31.075,83.405
2026-06-14 20:55:00,GS001,Area Dasar Tambang,0.679,3.97,29.623,75.023
2026-06-14 21:00:00,GS001,Area Dasar Tambang,1.123,7.637,35.294,72.51
2026-06-14 21:05:00,GS001,Area Dasar Tambang,1.209,10.278,33.443,68.342
2026-06-14 21:10:00,GS001,Area Dasar Tambang,1.441,12.633,34.175,71.096
2026-06-14 21:15:00,GS001,Area Dasar Tambang,1.889,16.329,32.139,74.257
2026-06-14 21:20:00,GS001,Area Dasar Tambang,2.031,18.594,31.262,76.62
2026-06-14 21:25:00,GS001,Area Dasar Tambang,2.443,23.122,33.157,77.143
2026-06-14 21:30:00,GS001,Area Dasar Tambang,2.137,18.121,32.658,73.467
2026-06-14 21:35:00,GS001,Area Dasar Tambang,1.804,12.843,30.294,79.027
2026-06-14 21:40:00,GS001,Area Dasar Tambang,1.368,9.831,33.039,70.661
2026-06-14 21:45:00,GS001,Area Dasar Tambang,1.083,6.656,32.377,75.06
2026-06-14 21:50:00,GS001,Area Dasar Tambang,0.826,5.034,30.003,75.358
2026-06-14 21:55:00,GS001,Area Dasar Tambang,0.375,1.986,33.038,75.421
2026-06-14 22:00:00,GS001,Area Dasar Tambang,0.5,2.999,31.426,75.466
2026-06-14 22:05:00,GS001,Area Dasar Tambang,0.696,3.726,32.182,78.57
2026-06-14 22:10:00,GS001,Area Dasar Tambang,0.947,5.961,33.521,73.262
2026-06-14 22:15:00,GS001,Area Dasar Tambang,0.96,7.928,33.182,72.607
2026-06-14 22:20:00,GS001,Area Dasar Tambang,0.976,6.764,30.569,69.633
2026-06-14 22:25:00,GS001,Area Dasar Tambang,0.861,6.232,31.191,77.068
2026-06-14 22:30:00,GS001,Area Dasar Tambang,0.776,5.064,30.588,74.943
2026-06-14 22:35:00,GS001,Area Dasar Tambang,0.696,4.073,29.822,76.287
2026-06-14 22:40:00,GS001,Area Dasar Tambang,0.529,2.887,33.501,91.287
2026-06-14 22:45:00,GS001,Area Dasar Tambang,0.766,5.393,30.188,81.887
2026-06-14 22:50:00,GS001,Area Dasar Tambang,1.098,6.654,31.841,72.198
2026-06-14 22:55:00,GS001,Area Dasar Tambang,1.26,9.456,30.738,73.045
2026-06-14 23:00:00,GS001,Area Dasar Tambang,1.323,11.551,31.122,72.144
2026-06-14 23:05:00,GS001,Area Dasar Tambang,1.627,12.373,31.394,72.416
2026-06-14 23:10:00,GS001,Area Dasar Tambang,1.929,15.325,31.786,74.927
2026-06-14 23:15:00,GS001,Area Dasar Tambang,2.2,18.125,31.353,76.654
2026-06-14 23:20:00,GS001,Area Dasar Tambang,1.82,14.113,31.616,74.834
2026-06-14 23:25:00,GS001,Area Dasar Tambang,1.487,12.887,30.566,79.968
2026-06-14 23:30:00,GS001,Area Dasar Tambang,1.153,9.864,32.754,72.87
2026-06-14 23:35:00,GS001,Area Dasar Tambang,1.156,8.073,29.203,68.551
2026-06-14 23:40:00,GS001,Area Dasar Tambang,0.877,5.656,31.586,68.025
2026-06-14 23:45:00,GS001,Area Dasar Tambang,0.752,3.726,29.386,80.437
2026-06-14 23:50:00,GS001,Area Dasar Tambang,0.571,2.972,33.486,82.463
2026-06-14 23:55:00,GS001,Area Dasar Tambang,0.519,2.039,30.758,77.649
2026-06-15 00:00:00,GS001,Area Dasar Tambang,0.681,4.081,30.694,75.393
2026-06-15 00:05:00,GS001,Area Dasar Tambang,1.028,6.357,30.273,69.016
2026-06-15 00:10:00,GS001,Area Dasar Tambang,1.305,10.804,28.987,74.889
2026-06-15 00:15:00,GS001,Area Dasar Tambang,1.596,12.038,33.828,76.551
2026-06-15 00:20:00,GS001,Area Dasar Tambang,1.918,15.726,34.012,74.61
2026-06-15 00:25:00,GS001,Area Dasar Tambang,2.147,20.452,32.827,78.557
2026-06-15 00:30:00,GS001,Area Dasar Tambang,2.491,21.325,34.883,77.416
2026-06-15 00:35:00,GS001,Area Dasar Tambang,2.046,18.68,31.045,74.027
2026-06-15 00:40:00,GS001,Area Dasar Tambang,1.832,15.935,27.897,71.984
2026-06-15 00:45:00,GS001,Area Dasar Tambang,1.366,10.284,33.953,75.267
2026-06-15 00:50:00,GS001,Area Dasar Tambang,0.932,6.921,31.538,79.042
2026-06-15 00:55:00,GS001,Area Dasar Tambang,0.855,5.089,33.993,68.645
2026-06-15 01:00:00,GS001,Area Dasar Tambang,0.359,2.071,30.536,76.208
2026-06-15 01:05:00,GS001,Area Dasar Tambang,0.49,3.062,30.118,74.268
2026-06-15 01:10:00,GS001,Area Dasar Tambang,0.652,4.043,35.053,78.71
2026-06-15 01:15:00,GS001,Area Dasar Tambang,0.882,6.022,29.48,73.862
2026-06-15 01:20:00,GS001,Area Dasar Tambang,1.1,7.584,28.244,72.165
2026-06-15 01:25:00,GS001,Area Dasar Tambang,1.003,6.855,31.973,78.708
2026-06-15 01:30:00,GS001,Area Dasar Tambang,0.817,5.605,31.864,76.91
2026-06-15 01:35:00,GS001,Area Dasar Tambang,0.829,4.959,32.173,76.444
2026-06-15 01:40:00,GS001,Area Dasar Tambang,0.737,4.108,34.619,78.368
2026-06-15 01:45:00,GS001,Area Dasar Tambang,0.665,2.86,31.08,75.123
2026-06-15 01:50:00,GS001,Area Dasar Tambang,0.77,5.029,30.568,81.417
2026-06-15 01:55:00,GS001,Area Dasar Tambang,0.976,7.536,31.055,72.287
2026-06-15 02:00:00,GS001,Area Dasar Tambang,1.051,8.628,30.295,76.065
2026-06-15 02:05:00,GS001,Area Dasar Tambang,1.388,11.541,31.946,85.725
2026-06-15 02:10:00,GS001,Area Dasar Tambang,1.515,14.932,31.37,68.901
2026-06-15 02:15:00,GS001,Area Dasar Tambang,1.753,16.102,32.482,76.124
2026-06-15 02:20:00,GS001,Area Dasar Tambang,1.916,18.314,35.649,70.355
2026-06-15 02:25:00,GS001,Area Dasar Tambang,1.655,15.204,30.748,67.947
2026-06-15 02:30:00,GS001,Area Dasar Tambang,1.398,12.472,33.627,73.546
2026-06-15 02:35:00,GS001,Area Dasar Tambang,1.255,9.566,31.981,74.788
2026-06-15 02:40:00,GS001,Area Dasar Tambang,0.985,8.687,33.67,67.953
2026-06-15 02:45:00,GS001,Area Dasar Tambang,0.795,6.501,31.383,69.217
2026-06-15 02:50:00,GS001,Area Dasar Tambang,0.769,3.86,30.324,73.647
2026-06-15 02:55:00,GS001,Area Dasar Tambang,0.563,3.213,30.505,77.595
2026-06-15 03:00:00,GS001,Area Dasar Tambang,0.464,2.045,32.652,80.384
2026-06-15 03:05:00,GS001,Area Dasar Tambang,0.713,3.919,31.162,75.673
2026-06-15 03:10:00,GS001,Area Dasar Tambang,1.084,7.354,29.556,81.67
2026-06-15 03:15:00,GS001,Area Dasar Tambang,1.273,9.573,33.221,77.921
2026-06-15 03:20:00,GS001,Area Dasar Tambang,1.662,14.19,33.926,77.121
2026-06-15 03:25:00,GS001,Area Dasar Tambang,1.827,15.407,31.401,70.99
2026-06-15 03:30:00,GS001,Area Dasar Tambang,2.203,19.782,31.022,74.244
2026-06-15 03:35:00,GS001,Area Dasar Tambang,2.821,24.219,39.36,73.961
2026-06-15 03:40:00,GS001,Area Dasar Tambang,2.26,18.343,33.521,75.722
2026-06-15 03:45:00,GS001,Area Dasar Tambang,1.916,13.747,35.515,76.02
2026-06-15 03:50:00,GS001,Area Dasar Tambang,1.31,10.391,34.858,73.534
2026-06-15 03:55:00,GS001,Area Dasar Tambang,1.03,6.605,29.203,76.065
2026-06-15 04:00:00,GS001,Area Dasar Tambang,0.799,4.937,32.682,72.402
2026-06-15 04:05:00,GS001,Area Dasar Tambang,0.375,1.962,27.734,75.42
2026-06-15 04:10:00,GS001,Area Dasar Tambang,0.56,3.128,35.018,74.46
2026-06-15 04:15:00,GS001,Area Dasar Tambang,0.738,3.721,33.014,70.009
2026-06-15 04:20:00,GS001,Area Dasar Tambang,0.891,5.568,34.045,75.505
2026-06-15 04:25:00,GS001,Area Dasar Tambang,1.034,7.961,30.568,78.411
2026-06-15 04:30:00,GS001,Area Dasar Tambang,1.031,7.275,33.127,75.238
2026-06-15 04:35:00,GS001,Area Dasar Tambang,0.823,5.786,33.791,80.565
2026-06-15 04:40:00,GS001,Area Dasar Tambang,0.861,5.272,31.723,78.983
2026-06-15 04:45:00,GS001,Area Dasar Tambang,0.663,3.909,31.373,67.447
2026-06-15 04:50:00,GS001,Area Dasar Tambang,0.632,2.964,29.52,75.615
2026-06-15 04:55:00,GS001,Area Dasar Tambang,0.809,5.132,32.172,79.752
2026-06-15 05:00:00,GS001,Area Dasar Tambang,0.909,7.211,33.285,73.63
2026-06-15 05:05:00,GS001,Area Dasar Tambang,1.226,8.098,29.897,74.532
2026-06-15 05:10:00,GS001,Area Dasar Tambang,1.455,12.489,31.016,84.832
2026-06-15 05:15:00,GS001,Area Dasar Tambang,1.549,15.08,31.53,74.086
2026-06-15 05:20:00,GS001,Area Dasar Tambang,1.813,14.85,34.662,70.91
2026-06-15 05:25:00,GS001,Area Dasar Tambang,2.157,16.249,32.708,71.876
2026-06-15 05:30:00,GS001,Area Dasar Tambang,1.776,14.419,31.679,74.442
2026-06-15 05:35:00,GS001,Area Dasar Tambang,1.679,11.56,31.36,73.58
2026-06-15 05:40:00,GS001,Area Dasar Tambang,1.33,10.054,33.078,80.239
2026-06-15 05:45:00,GS001,Area Dasar Tambang,1.092,7.63,29.914,71.165
2026-06-15 05:50:00,GS001,Area Dasar Tambang,0.833,5.232,35.325,75.356
2026-06-15 05:55:00,GS001,Area Dasar Tambang,0.707,3.695,33.391,71.315
2026-06-15 06:00:00,GS001,Area Dasar Tambang,0.621,2.985,32.63,76.669
2026-06-15 06:05:00,GS001,Area Dasar Tambang,0.381,1.783,28.499,80.641
2026-06-15 06:10:00,GS001,Area Dasar Tambang,0.765,4.003,28.016,76.627
2026-06-15 06:15:00,GS001,Area Dasar Tambang,0.961,7.393,31.352,78.506
2026-06-15 06:20:00,GS001,Area Dasar Tambang,1.346,9.674,31.241,76.302
2026-06-15 06:25:00,GS001,Area Dasar Tambang,1.468,13.211,35.723,71.724
2026-06-15 06:30:00,GS001,Area Dasar Tambang,1.802,15.751,32.615,79.973
2026-06-15 06:35:00,GS001,Area Dasar Tambang,2.353,20.814,34.192,73.186
2026-06-15 06:40:00,GS001,Area Dasar Tambang,2.735,22.432,32.865,75.672
2026-06-15 06:45:00,GS001,Area Dasar Tambang,2.066,17.238,35.209,73.586
2026-06-15 06:50:00,GS001,Area Dasar Tambang,1.783,15.573,36.194,80.147
2026-06-15 06:55:00,GS001,Area Dasar Tambang,1.425,9.971,32.952,73.868
2026-06-15 07:00:00,GS001,Area Dasar Tambang,0.958,6.831,30.804,76.058
2026-06-15 07:05:00,GS001,Area Dasar Tambang,0.876,5.055,30.98,84.207
2026-06-15 07:10:00,GS001,Area Dasar Tambang,0.383,2.068,28.151,82.95
2026-06-15 07:15:00,GS001,Area Dasar Tambang,0.568,3.137,30.866,79.209
2026-06-15 07:20:00,GS001,Area Dasar Tambang,0.751,3.688,29.882,79.903
2026-06-15 07:25:00,GS001,Area Dasar Tambang,0.947,5.968,30.901,73.816
2026-06-15 07:30:00,GS001,Area Dasar Tambang,1.144,7.833,34.324,77.374
2026-06-15 07:35:00,GS001,Area Dasar Tambang,0.967,7.029,29.381,76.259
2026-06-15 07:40:00,GS001,Area Dasar Tambang,0.911,6.661,31.007,73.623
2026-06-15 07:45:00,GS001,Area Dasar Tambang,0.772,4.779,31.705,84.483
2026-06-15 07:50:00,GS001,Area Dasar Tambang,0.661,3.999,30.052,81.65
2026-06-15 07:55:00,GS001,Area Dasar Tambang,0.552,3.072,30.989,74.676
2026-06-15 08:00:00,GS001,Area Dasar Tambang,0.78,4.91,29.616,72.868
2026-06-15 08:05:00,GS001,Area Dasar Tambang,1.064,6.306,30.991,74.034
2026-06-15 08:10:00,GS001,Area Dasar Tambang,1.213,9.456,31.21,75.638
2026-06-15 08:15:00,GS001,Area Dasar Tambang,1.336,11.261,29.965,82.607
2026-06-15 08:20:00,GS001,Area Dasar Tambang,1.706,11.106,32.543,76.629
2026-06-15 08:25:00,GS001,Area Dasar Tambang,1.749,15.901,33.842,69.738
2026-06-15 08:30:00,GS001,Area Dasar Tambang,2.046,19.361,30.626,71.101
2026-06-15 08:35:00,GS001,Area Dasar Tambang,1.706,15.793,35.219,75.297
2026-06-15 08:40:00,GS001,Area Dasar Tambang,1.687,11.406,34.692,73.996
2026-06-15 08:45:00,GS001,Area Dasar Tambang,1.241,10.204,31.6,78.965
2026-06-15 08:50:00,GS001,Area Dasar Tambang,1.118,8.11,33.595,74.104
2026-06-15 08:55:00,GS001,Area Dasar Tambang,0.888,6.092,31.746,76.111
2026-06-15 09:00:00,GS001,Area Dasar Tambang,0.601,3.974,33.275,81.137
2026-06-15 09:05:00,GS001,Area Dasar Tambang,0.549,3.113,31.265,78.771
2026-06-15 09:10:00,GS001,Area Dasar Tambang,0.467,1.911,30.935,76.517
2026-06-15 09:15:00,GS001,Area Dasar Tambang,0.637,3.797,29.863,78.362
2026-06-15 09:20:00,GS001,Area Dasar Tambang,1.034,7.303,29.359,68.948
2026-06-15 09:25:00,GS001,Area Dasar Tambang,1.247,10.673,32.929,80.081
2026-06-15 09:30:00,GS001,Area Dasar Tambang,1.544,13.517,34.02,76.144
2026-06-15 09:35:00,GS001,Area Dasar Tambang,1.827,15.789,32.936,73.119
2026-06-15 09:40:00,GS001,Area Dasar Tambang,2.397,19.238,31.855,67.1
2026-06-15 09:45:00,GS001,Area Dasar Tambang,2.398,22.952,30.594,69.125
2026-06-15 09:50:00,GS001,Area Dasar Tambang,2.033,16.78,31.927,64.174
2026-06-15 09:55:00,GS001,Area Dasar Tambang,1.857,12.945,32.618,75.875
2026-06-15 10:00:00,GS001,Area Dasar Tambang,1.421,10.657,31.784,72.25
2026-06-15 10:05:00,GS001,Area Dasar Tambang,0.919,6.866,30.603,70.792
2026-06-15 10:10:00,GS001,Area Dasar Tambang,0.816,4.681,30.477,74.245
2026-06-15 10:15:00,GS001,Area Dasar Tambang,0.418,1.92,34.043,81.068
2026-06-15 10:20:00,GS001,Area Dasar Tambang,0.556,3.283,31.024,74.395
2026-06-15 10:25:00,GS001,Area Dasar Tambang,0.658,3.881,27.781,74.031
2026-06-15 10:30:00,GS001,Area Dasar Tambang,0.859,5.412,31.48,77.168
2026-06-15 10:35:00,GS001,Area Dasar Tambang,1.061,7.925,30.853,69.728
2026-06-15 10:40:00,GS001,Area Dasar Tambang,1.01,6.977,32.14,76.401
2026-06-15 10:45:00,GS001,Area Dasar Tambang,0.825,5.94,34.002,85.856
2026-06-15 10:50:00,GS001,Area Dasar Tambang,0.754,5.088,28.86,69.709
2026-06-15 10:55:00,GS001,Area Dasar Tambang,0.708,4.146,31.059,79.972
2026-06-15 11:00:00,GS001,Area Dasar Tambang,0.613,3.396,30.769,75.561
2026-06-15 11:05:00,GS001,Area Dasar Tambang,0.789,4.988,34.334,71.533
2026-06-15 11:10:00,GS001,Area Dasar Tambang,1.135,6.685,33.363,76.784
2026-06-15 11:15:00,GS001,Area Dasar Tambang,1.276,10.077,31.032,74.903
2026-06-15 11:20:00,GS001,Area Dasar Tambang,1.375,12.256,32.766,78.347
2026-06-15 11:25:00,GS001,Area Dasar Tambang,1.443,13.747,31.025,82.783
2026-06-15 11:30:00,GS001,Area Dasar Tambang,1.887,15.322,31.749,69.893
2026-06-15 11:35:00,GS001,Area Dasar Tambang,2.14,16.826,35.307,70.748
2026-06-15 11:40:00,GS001,Area Dasar Tambang,1.591,14.329,31.919,73.069
2026-06-15 11:45:00,GS001,Area Dasar Tambang,1.547,11.89,32.679,71.398
2026-06-15 11:50:00,GS001,Area Dasar Tambang,1.308,9.787,32.171,78.801
2026-06-15 11:55:00,GS001,Area Dasar Tambang,1.086,7.325,30.315,70.701
2026-06-15 12:00:00,GS001,Area Dasar Tambang,0.93,6.31,34.07,66.925
2026-06-15 12:05:00,GS001,Area Dasar Tambang,0.739,4.337,28.036,79.262
2026-06-15 12:10:00,GS001,Area Dasar Tambang,0.588,2.872,27.71,79.25
2026-06-15 12:15:00,GS001,Area Dasar Tambang,0.443,2.084,33.983,80.751
2026-06-15 12:20:00,GS001,Area Dasar Tambang,0.647,4.003,33.437,85.642
2026-06-15 12:25:00,GS001,Area Dasar Tambang,0.992,7.681,29.932,78.005
2026-06-15 12:30:00,GS001,Area Dasar Tambang,1.3,9.824,30.391,69.671
2026-06-15 12:35:00,GS001,Area Dasar Tambang,1.61,13.158,35.44,78.576
2026-06-15 12:40:00,GS001,Area Dasar Tambang,1.986,16.144,30.922,79.813
2026-06-15 12:45:00,GS001,Area Dasar Tambang,2.316,21.805,33.92,70.807
2026-06-15 12:50:00,GS001,Area Dasar Tambang,2.647,24.95,33.198,69.074
2026-06-15 12:55:00,GS001,Area Dasar Tambang,2.135,18.32,35.127,68.353
2026-06-15 13:00:00,GS001,Area Dasar Tambang,1.566,14.219,33.2,71.488
2026-06-15 13:05:00,GS001,Area Dasar Tambang,1.427,10.073,31.528,75.921
2026-06-15 13:10:00,GS001,Area Dasar Tambang,0.965,6.814,33.722,68.904
2026-06-15 13:15:00,GS001,Area Dasar Tambang,0.673,5.693,30.902,74.567
2026-06-15 13:20:00,GS001,Area Dasar Tambang,0.311,2.036,32.66,80.515
2026-06-15 13:25:00,GS001,Area Dasar Tambang,0.543,2.962,31.909,71.771
2026-06-15 13:30:00,GS001,Area Dasar Tambang,0.661,3.851,35.981,69.065
2026-06-15 13:35:00,GS001,Area Dasar Tambang,0.917,6.025,33.499,73.798
2026-06-15 13:40:00,GS001,Area Dasar Tambang,1.092,8.006,33.388,75.748
2026-06-15 13:45:00,GS001,Area Dasar Tambang,0.969,7.07,30.182,74.106
2026-06-15 13:50:00,GS001,Area Dasar Tambang,0.957,5.714,32.994,78.121
2026-06-15 13:55:00,GS001,Area Dasar Tambang,0.844,5.024,33.078,69.678
2026-06-15 14:00:00,GS001,Area Dasar Tambang,0.639,4.312,29.237,77.249
2026-06-15 14:05:00,GS001,Area Dasar Tambang,0.606,3.038,31.08,75.22
2026-06-15 14:10:00,GS001,Area Dasar Tambang,0.799,5.101,31.25,82.041
2026-06-15 14:15:00,GS001,Area Dasar Tambang,1.05,6.845,31.574,68.626
2026-06-15 14:20:00,GS001,Area Dasar Tambang,1.2,9.049,33.345,67.541
2026-06-15 14:25:00,GS001,Area Dasar Tambang,1.465,13.093,32.335,73.922
2026-06-15 14:30:00,GS001,Area Dasar Tambang,1.615,14.326,28.893,78.601
2026-06-15 14:35:00,GS001,Area Dasar Tambang,1.81,14.294,32.477,74.188
2026-06-15 14:40:00,GS001,Area Dasar Tambang,2.17,18.368,32.601,74.867
2026-06-15 14:45:00,GS001,Area Dasar Tambang,1.639,14.307,29.457,67.983
2026-06-15 14:50:00,GS001,Area Dasar Tambang,1.549,14.431,31.443,75.453
2026-06-15 14:55:00,GS001,Area Dasar Tambang,1.301,10.603,27.791,75.663
2026-06-15 15:00:00,GS001,Area Dasar Tambang,1.153,8.497,32.048,77.261
2026-06-15 15:05:00,GS001,Area Dasar Tambang,0.847,5.092,30.034,80.319
2026-06-15 15:10:00,GS001,Area Dasar Tambang,0.777,3.996,31.979,75.393
2026-06-15 15:15:00,GS001,Area Dasar Tambang,0.604,2.871,29.521,74.427
2026-06-15 15:20:00,GS001,Area Dasar Tambang,0.448,2.148,28.273,69.079
2026-06-15 15:25:00,GS001,Area Dasar Tambang,0.736,4.08,31.705,72.988
2026-06-15 15:30:00,GS001,Area Dasar Tambang,1.036,6.564,30.26,68.438
2026-06-15 15:35:00,GS001,Area Dasar Tambang,1.353,10.713,31.593,69.419
2026-06-15 15:40:00,GS001,Area Dasar Tambang,1.511,13.175,32.673,70.502
2026-06-15 15:45:00,GS001,Area Dasar Tambang,1.918,15.348,33.74,65.952
2026-06-15 15:50:00,GS001,Area Dasar Tambang,2.297,18.879,34.997,71.992
2026-06-15 15:55:00,GS001,Area Dasar Tambang,2.524,23.411,35.858,70.682
2026-06-15 16:00:00,GS001,Area Dasar Tambang,2.276,19.406,32.25,72.125
2026-06-15 16:05:00,GS001,Area Dasar Tambang,1.826,14.847,33.455,68.696
2026-06-15 16:10:00,GS001,Area Dasar Tambang,1.439,9.553,32.258,75.588
2026-06-15 16:15:00,GS001,Area Dasar Tambang,1.001,7.293,31.716,72.927
2026-06-15 16:20:00,GS001,Area Dasar Tambang,0.853,4.864,27.368,85.563
2026-06-15 16:25:00,GS001,Area Dasar Tambang,0.348,1.901,30.516,81.095
2026-06-15 16:30:00,GS001,Area Dasar Tambang,0.461,2.937,33.305,73.597
2026-06-15 16:35:00,GS001,Area Dasar Tambang,0.704,3.798,30.181,79.531
2026-06-15 16:40:00,GS001,Area Dasar Tambang,1.04,6.702,31.251,77.318
2026-06-15 16:45:00,GS001,Area Dasar Tambang,0.96,7.159,32.452,73.82
2026-06-15 16:50:00,GS001,Area Dasar Tambang,1.039,7.471,29.734,72.192
2026-06-15 16:55:00,GS001,Area Dasar Tambang,0.936,5.963,30.262,73.849
2026-06-15 17:00:00,GS001,Area Dasar Tambang,0.817,4.913,30.652,77.443
2026-06-15 17:05:00,GS001,Area Dasar Tambang,0.678,3.775,32.884,80.691
2026-06-15 17:10:00,GS001,Area Dasar Tambang,0.669,3.054,29.625,72.486
2026-06-15 17:15:00,GS001,Area Dasar Tambang,0.833,5.202,31.558,72.334
2026-06-15 17:20:00,GS001,Area Dasar Tambang,0.972,7.2,33.646,73.114
2026-06-15 17:25:00,GS001,Area Dasar Tambang,1.208,9.583,31.511,74.091
2026-06-15 17:30:00,GS001,Area Dasar Tambang,1.374,11.172,32.458,79.721
2026-06-15 17:35:00,GS001,Area Dasar Tambang,1.702,12.709,29.458,72.01
2026-06-15 17:40:00,GS001,Area Dasar Tambang,1.807,16.928,29.365,67.561
2026-06-15 17:45:00,GS001,Area Dasar Tambang,1.884,16.325,30.77,74.608
2026-06-15 17:50:00,GS001,Area Dasar Tambang,1.793,13.868,28.774,78.696
2026-06-15 17:55:00,GS001,Area Dasar Tambang,1.468,12.301,30.26,72.263
2026-06-15 18:00:00,GS001,Area Dasar Tambang,0.454,1.938,30.258,75.653
2026-06-15 18:05:00,GS001,Area Dasar Tambang,0.562,2.771,32.594,75.838
2026-06-15 18:10:00,GS001,Area Dasar Tambang,0.697,3.945,31.499,74.752
2026-06-15 18:15:00,GS001,Area Dasar Tambang,0.942,6.264,30.165,78.029
2026-06-15 18:20:00,GS001,Area Dasar Tambang,1.084,8.017,33.528,72.978
2026-06-15 18:25:00,GS001,Area Dasar Tambang,1.037,7.128,31.256,76.102
2026-06-15 18:30:00,GS001,Area Dasar Tambang,0.91,5.722,30.638,72.822
2026-06-15 18:35:00,GS001,Area Dasar Tambang,0.789,5.269,32.027,71.645
2026-06-15 18:40:00,GS001,Area Dasar Tambang,0.689,4.037,32.129,74.996
2026-06-15 18:45:00,GS001,Area Dasar Tambang,0.551,2.993,31.808,77.723
2026-06-15 18:50:00,GS001,Area Dasar Tambang,0.765,5.351,31.176,76.589
2026-06-15 18:55:00,GS001,Area Dasar Tambang,0.974,7.31,32.221,75.944
2026-06-15 19:00:00,GS001,Area Dasar Tambang,1.145,9.394,32.763,77.004
2026-06-15 19:05:00,GS001,Area Dasar Tambang,1.402,10.967,31.767,80.746
2026-06-15 19:10:00,GS001,Area Dasar Tambang,1.565,12.383,31.719,71.443
2026-06-15 19:15:00,GS001,Area Dasar Tambang,1.891,14.186,31.77,72.549
2026-06-15 19:20:00,GS001,Area Dasar Tambang,2.101,18.513,34.924,71.982
2026-06-15 19:25:00,GS001,Area Dasar Tambang,1.686,14.479,30.628,67.076
2026-06-15 19:30:00,GS001,Area Dasar Tambang,1.559,12.101,33.442,70.511
2026-06-15 19:35:00,GS001,Area Dasar Tambang,1.367,10.268,31.96,74.614
2026-06-15 19:40:00,GS001,Area Dasar Tambang,1.115,7.726,31.31,75.993
2026-06-15 19:45:00,GS001,Area Dasar Tambang,0.883,5.647,31.872,78.542
2026-06-15 19:50:00,GS001,Area Dasar Tambang,0.743,4.085,32.325,80.042
2026-06-15 19:55:00,GS001,Area Dasar Tambang,0.603,2.746,32.543,74.249
2026-06-15 20:00:00,GS001,Area Dasar Tambang,0.455,1.912,34.081,79.375
2026-06-15 20:05:00,GS001,Area Dasar Tambang,0.658,3.891,31.199,78.671
2026-06-15 20:10:00,GS001,Area Dasar Tambang,1.011,6.74,31.9,74.142
2026-06-15 20:15:00,GS001,Area Dasar Tambang,1.354,10.023,30.931,77.067
2026-06-15 20:20:00,GS001,Area Dasar Tambang,1.625,12.753,33.243,75.862
2026-06-15 20:25:00,GS001,Area Dasar Tambang,1.991,16.454,32.42,68.064
2026-06-15 20:30:00,GS001,Area Dasar Tambang,2.216,20.273,33.068,63.329
2026-06-15 20:35:00,GS001,Area Dasar Tambang,2.568,23.124,34.316,75.83
2026-06-15 20:40:00,GS001,Area Dasar Tambang,2.079,18.316,33.043,73.514
2026-06-15 20:45:00,GS001,Area Dasar Tambang,1.807,13.71,31.42,77.644
2026-06-15 20:50:00,GS001,Area Dasar Tambang,1.425,10.332,32.714,76.888
2026-06-15 20:55:00,GS001,Area Dasar Tambang,0.964,7.023,32.443,78.878
2026-06-15 21:00:00,GS001,Area Dasar Tambang,0.907,5.082,30.667,72.365
2026-06-15 21:05:00,GS001,Area Dasar Tambang,0.342,2.021,27.883,75.497
2026-06-15 21:10:00,GS001,Area Dasar Tambang,0.554,2.87,30.719,72.429
2026-06-15 21:15:00,GS001,Area Dasar Tambang,0.723,4.153,30.21,71.648
2026-06-15 21:20:00,GS001,Area Dasar Tambang,0.902,5.392,32.857,67.247
2026-06-15 21:25:00,GS001,Area Dasar Tambang,1.102,8.38,32.01,68.219
2026-06-15 21:30:00,GS001,Area Dasar Tambang,0.907,7.427,29.873,80.014
2026-06-15 21:35:00,GS001,Area Dasar Tambang,0.903,5.64,30.927,74.014
2026-06-15 21:40:00,GS001,Area Dasar Tambang,0.853,5.683,28.074,84.422
2026-06-15 21:45:00,GS001,Area Dasar Tambang,0.615,4.272,28.104,82.945
2026-06-15 21:50:00,GS001,Area Dasar Tambang,0.638,2.865,31.435,73.268
2026-06-15 21:55:00,GS001,Area Dasar Tambang,0.667,5.145,29.799,68.041
2026-06-15 22:00:00,GS001,Area Dasar Tambang,0.969,6.601,29.557,73.358
2026-06-15 22:05:00,GS001,Area Dasar Tambang,1.213,10.521,33.663,75.209
2026-06-15 22:10:00,GS001,Area Dasar Tambang,1.314,10.541,31.675,73.442
2026-06-15 22:15:00,GS001,Area Dasar Tambang,1.638,12.556,30.605,75.197
2026-06-15 22:20:00,GS001,Area Dasar Tambang,1.789,15.252,31.243,69.161
2026-06-15 22:25:00,GS001,Area Dasar Tambang,2.044,17.89,31.036,67.805
2026-06-15 22:30:00,GS001,Area Dasar Tambang,1.728,14.886,31.115,69.32
2026-06-15 22:35:00,GS001,Area Dasar Tambang,1.547,13.488,30.39,76.916
2026-06-15 22:40:00,GS001,Area Dasar Tambang,1.244,10.956,32.443,73.428
2026-06-15 22:45:00,GS001,Area Dasar Tambang,1.086,8.08,31.518,75.171
2026-06-15 22:50:00,GS001,Area Dasar Tambang,0.874,5.93,31.886,76.703
2026-06-15 22:55:00,GS001,Area Dasar Tambang,0.629,3.76,30.244,79.393
2026-06-15 23:00:00,GS001,Area Dasar Tambang,0.601,3.249,31.203,76.819
2026-06-15 23:05:00,GS001,Area Dasar Tambang,0.502,2.13,28.436,82.777
2026-06-15 23:10:00,GS001,Area Dasar Tambang,0.683,3.794,32.365,77.6
2026-06-15 23:15:00,GS001,Area Dasar Tambang,0.954,7.348,31.252,68.873
2026-06-15 23:20:00,GS001,Area Dasar Tambang,1.372,9.527,29.472,81.904
2026-06-15 23:25:00,GS001,Area Dasar Tambang,1.72,14.216,33.766,71.895
2026-06-15 23:30:00,GS001,Area Dasar Tambang,1.938,16.742,35.512,71.312
2026-06-15 23:35:00,GS001,Area Dasar Tambang,2.189,20.027,34.392,73.499
2026-06-15 23:40:00,GS001,Area Dasar Tambang,2.325,23.114,35.425,61.24
2026-06-15 23:45:00,GS001,Area Dasar Tambang,2.23,18.357,33.696,73.19
2026-06-15 23:50:00,GS001,Area Dasar Tambang,1.907,14.247,34.812,75.121
2026-06-15 23:55:00,GS001,Area Dasar Tambang,1.392,9.301,32.3,77.926
2026-06-16 00:00:00,GS001,Area Dasar Tambang,1.093,6.916,35.556,75.673
2026-06-16 00:05:00,GS001,Area Dasar Tambang,0.719,5.004,32.931,72.249
2026-06-16 00:10:00,GS001,Area Dasar Tambang,0.427,1.851,29.617,75.267
2026-06-16 00:15:00,GS001,Area Dasar Tambang,0.543,3.531,31.683,81.25
2026-06-16 00:20:00,GS001,Area Dasar Tambang,0.7,3.862,29.368,74.219
2026-06-16 00:25:00,GS001,Area Dasar Tambang,0.836,6.581,32.068,75.259
2026-06-16 00:30:00,GS001,Area Dasar Tambang,1.071,8.469,30.595,77.028
2026-06-16 00:35:00,GS001,Area Dasar Tambang,1.072,7.106,33.518,73.436
2026-06-16 00:40:00,GS001,Area Dasar Tambang,0.836,5.826,31.978,74.056
2026-06-16 00:45:00,GS001,Area Dasar Tambang,0.799,4.862,27.223,73.761
2026-06-16 00:50:00,GS001,Area Dasar Tambang,0.657,3.985,26.865,80.07
2026-06-16 00:55:00,GS001,Area Dasar Tambang,0.687,3.103,33.251,79.631
2026-06-16 01:00:00,GS001,Area Dasar Tambang,0.794,5.071,31.103,79.666
2026-06-16 01:05:00,GS001,Area Dasar Tambang,0.999,7.388,32.406,76.644
2026-06-16 01:10:00,GS001,Area Dasar Tambang,1.296,8.63,29.525,75.497
2026-06-16 01:15:00,GS001,Area Dasar Tambang,1.399,11.131,29.966,77.621
2026-06-16 01:20:00,GS001,Area Dasar Tambang,1.553,11.606,34.764,68.386
2026-06-16 01:25:00,GS001,Area Dasar Tambang,1.765,15.726,33.318,74.393
2026-06-16 01:30:00,GS001,Area Dasar Tambang,2.001,18.656,33.188,64.647
2026-06-16 01:35:00,GS001,Area Dasar Tambang,1.76,14.697,34.615,80.67
2026-06-16 01:40:00,GS001,Area Dasar Tambang,1.58,12.268,32.518,70.601
2026-06-16 01:45:00,GS001,Area Dasar Tambang,1.212,9.885,36.603,70.534
2026-06-16 01:50:00,GS001,Area Dasar Tambang,1.14,8.533,32.237,77.823
2026-06-16 01:55:00,GS001,Area Dasar Tambang,0.899,5.976,32.571,78.338
2026-06-16 02:00:00,GS001,Area Dasar Tambang,0.695,4.427,32.136,75.47
2026-06-16 02:05:00,GS001,Area Dasar Tambang,0.593,3.154,33.334,78.001
2026-06-16 02:10:00,GS001,Area Dasar Tambang,0.417,1.851,28.836,76.949
2026-06-16 02:15:00,GS001,Area Dasar Tambang,0.66,4.3,31.076,81.743
2026-06-16 02:20:00,GS001,Area Dasar Tambang,1.01,6.402,30.726,80.211
2026-06-16 02:25:00,GS001,Area Dasar Tambang,1.284,9.947,34.962,68.532
2026-06-16 02:30:00,GS001,Area Dasar Tambang,1.545,12.41,33.266,74.03
2026-06-16 02:35:00,GS001,Area Dasar Tambang,1.908,16.788,36.619,70.603
2026-06-16 02:40:00,GS001,Area Dasar Tambang,2.133,20.379,31.122,65.586
2026-06-16 02:45:00,GS001,Area Dasar Tambang,2.44,23.254,35.013,75.303
2026-06-16 02:50:00,GS001,Area Dasar Tambang,2.165,18.919,35.646,68.714
2026-06-16 02:55:00,GS001,Area Dasar Tambang,1.937,15.697,31.205,71.504
2026-06-16 03:00:00,GS001,Area Dasar Tambang,1.35,9.472,31.214,69.673
2026-06-16 03:05:00,GS001,Area Dasar Tambang,1.098,7.048,32.849,71.309
2026-06-16 03:10:00,GS001,Area Dasar Tambang,0.695,5.184,29.482,68.309
2026-06-16 03:15:00,GS001,Area Dasar Tambang,0.34,1.931,30.782,79.19
2026-06-16 03:20:00,GS001,Area Dasar Tambang,0.416,2.913,28.936,76.953
2026-06-16 03:25:00,GS001,Area Dasar Tambang,0.746,4.074,28.035,80.073
2026-06-16 03:30:00,GS001,Area Dasar Tambang,0.885,5.609,32.48,80.959
2026-06-16 03:35:00,GS001,Area Dasar Tambang,1.152,8.194,30.382,72.865
2026-06-16 03:40:00,GS001,Area Dasar Tambang,1.024,7.273,31.923,70.487
2026-06-16 03:45:00,GS001,Area Dasar Tambang,0.949,5.578,33.755,70.564
2026-06-16 03:50:00,GS001,Area Dasar Tambang,0.675,5.323,30.595,78.124
2026-06-16 03:55:00,GS001,Area Dasar Tambang,0.746,4.426,34.123,78.239
2026-06-16 04:00:00,GS001,Area Dasar Tambang,0.553,3.315,29.887,77.097
2026-06-16 04:05:00,GS001,Area Dasar Tambang,0.782,5.298,29.614,74.03
2026-06-16 04:10:00,GS001,Area Dasar Tambang,1.029,6.826,29.282,79.345
2026-06-16 04:15:00,GS001,Area Dasar Tambang,1.2,9.055,31.596,72.019
2026-06-16 04:20:00,GS001,Area Dasar Tambang,1.521,12.032,33.296,73.569
2026-06-16 04:25:00,GS001,Area Dasar Tambang,1.534,11.43,32.722,66.896
2026-06-16 04:30:00,GS001,Area Dasar Tambang,1.664,15.769,31.387,76.321
2026-06-16 04:35:00,GS001,Area Dasar Tambang,1.968,16.892,33.492,69.323
2026-06-16 04:40:00,GS001,Area Dasar Tambang,1.789,13.752,33.014,74.584
2026-06-16 04:45:00,GS001,Area Dasar Tambang,1.386,11.014,34.362,66.197
2026-06-16 04:50:00,GS001,Area Dasar Tambang,1.337,10.605,32.316,71.521
2026-06-16 04:55:00,GS001,Area Dasar Tambang,1.075,8.534,31.855,69.628
2026-06-16 05:00:00,GS001,Area Dasar Tambang,0.951,6.062,32.321,77.496
2026-06-16 05:05:00,GS001,Area Dasar Tambang,0.698,3.75,33.64,82.114
2026-06-16 05:10:00,GS001,Area Dasar Tambang,0.645,2.725,30.731,77.17
2026-06-16 05:15:00,GS001,Area Dasar Tambang,0.586,2.06,32.479,79.158
2026-06-16 05:20:00,GS001,Area Dasar Tambang,0.735,4.003,29.74,72.658
2026-06-16 05:25:00,GS001,Area Dasar Tambang,0.981,6.661,26.318,70.555
2026-06-16 05:30:00,GS001,Area Dasar Tambang,1.337,9.546,35.072,75.48
2026-06-16 05:35:00,GS001,Area Dasar Tambang,1.754,12.699,33.679,76.737
2026-06-16 05:40:00,GS001,Area Dasar Tambang,1.954,16.759,31.126,71.602
2026-06-16 05:45:00,GS001,Area Dasar Tambang,2.027,19.726,35.727,73.59
2026-06-16 05:50:00,GS001,Area Dasar Tambang,2.526,24.607,32.759,67.583
2026-06-16 05:55:00,GS001,Area Dasar Tambang,1.924,19.02,29.566,79.926
2026-06-16 06:00:00,GS001,Area Dasar Tambang,1.743,14.333,31.039,72.656
2026-06-16 06:05:00,GS001,Area Dasar Tambang,1.423,9.269,32.769,79.733
2026-06-16 06:10:00,GS001,Area Dasar Tambang,1.1,6.974,34.28,83.624
2026-06-16 06:15:00,GS001,Area Dasar Tambang,0.893,4.64,29.784,76.647
2026-06-16 06:20:00,GS001,Area Dasar Tambang,0.394,2.021,31.119,79.831
2026-06-16 06:25:00,GS001,Area Dasar Tambang,0.518,3.139,30.669,79.697
2026-06-16 06:30:00,GS001,Area Dasar Tambang,0.758,3.802,28.093,72.951
2026-06-16 06:35:00,GS001,Area Dasar Tambang,0.905,6.363,31.856,80.942
2026-06-16 06:40:00,GS001,Area Dasar Tambang,1.201,7.746,28.926,85.071
2026-06-16 06:45:00,GS001,Area Dasar Tambang,1.11,7.016,33.324,75.104
2026-06-16 06:50:00,GS001,Area Dasar Tambang,0.905,6.419,29.761,70.09
2026-06-16 06:55:00,GS001,Area Dasar Tambang,0.813,4.97,32.356,66.575
2026-06-16 07:00:00,GS001,Area Dasar Tambang,0.745,3.786,30.638,74.275
2026-06-16 07:05:00,GS001,Area Dasar Tambang,0.618,3.018,30.09,73.613
2026-06-16 07:10:00,GS001,Area Dasar Tambang,0.818,4.884,29.466,75.147
2026-06-16 07:15:00,GS001,Area Dasar Tambang,1.074,6.911,29.661,77.068
2026-06-16 07:20:00,GS001,Area Dasar Tambang,1.146,8.961,29.702,71.772
2026-06-16 07:25:00,GS001,Area Dasar Tambang,1.348,11.556,31.259,71.581
2026-06-16 07:30:00,GS001,Area Dasar Tambang,1.534,12.97,33.959,73.159
2026-06-16 07:35:00,GS001,Area Dasar Tambang,1.734,14.175,32.763,73.422
2026-06-16 07:40:00,GS001,Area Dasar Tambang,1.848,18.107,31.375,73.568
2026-06-16 07:45:00,GS001,Area Dasar Tambang,1.626,14.012,35.336,80.709
2026-06-16 07:50:00,GS001,Area Dasar Tambang,1.464,11.243,31.831,69.858
2026-06-16 07:55:00,GS001,Area Dasar Tambang,1.113,10.483,32.913,78.304
2026-06-16 08:00:00,GS001,Area Dasar Tambang,1.101,8.605,37.769,72.301
2026-06-16 08:05:00,GS001,Area Dasar Tambang,0.885,6.258,28.397,78.08
2026-06-16 08:10:00,GS001,Area Dasar Tambang,0.637,3.815,30.735,75.381
2026-06-16 08:15:00,GS001,Area Dasar Tambang,0.525,3.013,34.157,72.251
2026-06-16 08:20:00,GS001,Area Dasar Tambang,0.58,1.991,30.034,84.417
2026-06-16 08:25:00,GS001,Area Dasar Tambang,0.796,4.5,29.877,73.222
2026-06-16 08:30:00,GS001,Area Dasar Tambang,1.007,7.775,30.354,75.742
2026-06-16 08:35:00,GS001,Area Dasar Tambang,1.273,9.222,31.409,74.291
2026-06-16 08:40:00,GS001,Area Dasar Tambang,1.647,11.935,29.832,72.561
2026-06-16 08:45:00,GS001,Area Dasar Tambang,1.742,15.704,27.995,67.297
2026-06-16 08:50:00,GS001,Area Dasar Tambang,1.975,20.339,33.559,72.673
2026-06-16 08:55:00,GS001,Area Dasar Tambang,2.596,25.169,34.564,68.638
2026-06-16 09:00:00,GS001,Area Dasar Tambang,1.94,17.759,32.777,78.159
2026-06-16 09:05:00,GS001,Area Dasar Tambang,1.65,13.776,36.818,73.353
2026-06-16 09:10:00,GS001,Area Dasar Tambang,1.428,9.602,33.779,73.686
2026-06-16 09:15:00,GS001,Area Dasar Tambang,1.028,6.521,30.104,75.265
2026-06-16 09:20:00,GS001,Area Dasar Tambang,0.844,5.067,33.355,81.154
2026-06-16 09:25:00,GS001,Area Dasar Tambang,0.401,1.915,31.23,88.562
2026-06-16 09:30:00,GS001,Area Dasar Tambang,0.54,2.688,32.825,78.503
2026-06-16 09:35:00,GS001,Area Dasar Tambang,0.763,4.275,30.691,80.306
2026-06-16 09:40:00,GS001,Area Dasar Tambang,0.84,6.426,31.843,78.841
2026-06-16 09:45:00,GS001,Area Dasar Tambang,1.174,8.256,31.938,80.299
2026-06-16 09:50:00,GS001,Area Dasar Tambang,0.994,7.204,30.243,72.62
2026-06-16 09:55:00,GS001,Area Dasar Tambang,0.888,6.145,29.862,67.181
2026-06-16 10:00:00,GS001,Area Dasar Tambang,0.665,5.29,31.479,62.959
2026-06-16 10:05:00,GS001,Area Dasar Tambang,0.785,4.089,29.649,74.548
2026-06-16 10:10:00,GS001,Area Dasar Tambang,0.685,2.821,32.631,79.761
2026-06-16 10:15:00,GS001,Area Dasar Tambang,0.777,5.232,31.583,78.381
2026-06-16 10:20:00,GS001,Area Dasar Tambang,1.06,6.811,30.097,75.697
2026-06-16 10:25:00,GS001,Area Dasar Tambang,1.344,8.788,31.475,80.09
2026-06-16 10:30:00,GS001,Area Dasar Tambang,1.433,11.13,32.533,80.062
2026-06-16 10:35:00,GS001,Area Dasar Tambang,1.442,13.491,29.553,71.285
2026-06-16 10:40:00,GS001,Area Dasar Tambang,1.874,13.539,35.259,71.633
2026-06-16 10:45:00,GS001,Area Dasar Tambang,1.82,17.251,37.624,75.214
2026-06-16 10:50:00,GS001,Area Dasar Tambang,1.567,14.58,34.052,73.982
2026-06-16 10:55:00,GS001,Area Dasar Tambang,1.626,10.371,31.532,73.393
2026-06-16 11:00:00,GS001,Area Dasar Tambang,1.247,11.101,34.567,77.29
2026-06-16 11:05:00,GS001,Area Dasar Tambang,1.293,8.061,32.301,72.375
2026-06-16 11:10:00,GS001,Area Dasar Tambang,0.945,5.604,33.452,80.942
2026-06-16 11:15:00,GS001,Area Dasar Tambang,0.663,4.083,31.492,83.533
2026-06-16 11:20:00,GS001,Area Dasar Tambang,0.709,3.097,30.642,78.712
2026-06-16 11:25:00,GS001,Area Dasar Tambang,0.619,2.061,31.304,87.096
2026-06-16 11:30:00,GS001,Area Dasar Tambang,0.807,4.073,27.9,80.005
2026-06-16 11:35:00,GS001,Area Dasar Tambang,1.088,7.209,30.875,80.781
2026-06-16 11:40:00,GS001,Area Dasar Tambang,1.352,10.669,32.935,77.206
2026-06-16 11:45:00,GS001,Area Dasar Tambang,1.653,12.43,30.53,74.198
2026-06-16 11:50:00,GS001,Area Dasar Tambang,1.927,15.412,31.009,76.024
2026-06-16 11:55:00,GS001,Area Dasar Tambang,2.166,19.24,30.204,65.364
2026-06-16 12:00:00,GS001,Area Dasar Tambang,2.487,23.911,32.499,73.543
2026-06-16 12:05:00,GS001,Area Dasar Tambang,1.875,19.085,34.705,76.812
2026-06-16 12:10:00,GS001,Area Dasar Tambang,1.723,14.858,32.781,77.825
2026-06-16 12:15:00,GS001,Area Dasar Tambang,1.295,11.022,31.994,73.436
2026-06-16 12:20:00,GS001,Area Dasar Tambang,1.016,6.994,33.939,82.896
2026-06-16 12:25:00,GS001,Area Dasar Tambang,0.814,4.989,33.009,79.906
2026-06-16 12:30:00,GS001,Area Dasar Tambang,0.407,1.845,28.307,71.948
2026-06-16 12:35:00,GS001,Area Dasar Tambang,0.523,2.88,33.003,76.164
2026-06-16 12:40:00,GS001,Area Dasar Tambang,0.721,4.255,31.068,72.676
2026-06-16 12:45:00,GS001,Area Dasar Tambang,1.014,5.999,30.935,78.095
2026-06-16 12:50:00,GS001,Area Dasar Tambang,1.124,7.942,32.277,75.969
2026-06-16 12:55:00,GS001,Area Dasar Tambang,0.964,6.768,30.002,64.648
2026-06-16 13:00:00,GS001,Area Dasar Tambang,0.855,6.077,32.24,77.569
2026-06-16 13:05:00,GS001,Area Dasar Tambang,0.788,4.737,31.934,77.231
2026-06-16 13:10:00,GS001,Area Dasar Tambang,0.596,3.826,32.6,83.93
2026-06-16 13:15:00,GS001,Area Dasar Tambang,0.693,3.054,27.284,77.893
2026-06-16 13:20:00,GS001,Area Dasar Tambang,0.873,5.121,33.444,77.478
2026-06-16 13:25:00,GS001,Area Dasar Tambang,1.019,6.926,32.573,68.279
2026-06-16 13:30:00,GS001,Area Dasar Tambang,1.223,8.378,30.835,70.43
2026-06-16 13:35:00,GS001,Area Dasar Tambang,1.368,11.794,33.056,73.692
2026-06-16 13:40:00,GS001,Area Dasar Tambang,1.742,13.52,34.138,71.035
2026-06-16 13:45:00,GS001,Area Dasar Tambang,1.76,14.382,31.552,76.147
2026-06-16 13:50:00,GS001,Area Dasar Tambang,2.07,18.642,33.202,64.754
2026-06-16 13:55:00,GS001,Area Dasar Tambang,1.659,14.476,33.206,71.665
2026-06-16 14:00:00,GS001,Area Dasar Tambang,1.528,11.952,32.119,70.789
2026-06-16 14:05:00,GS001,Area Dasar Tambang,1.315,10.287,32.223,67.932
2026-06-16 14:10:00,GS001,Area Dasar Tambang,1.131,8.69,32.139,77.551
2026-06-16 14:15:00,GS001,Area Dasar Tambang,0.829,6.393,31.641,69.43
2026-06-16 14:20:00,GS001,Area Dasar Tambang,0.733,3.723,30.836,66.043
2026-06-16 14:25:00,GS001,Area Dasar Tambang,0.664,3.037,27.546,78.022
2026-06-16 14:30:00,GS001,Area Dasar Tambang,0.497,1.914,32.477,79.503
2026-06-16 14:35:00,GS001,Area Dasar Tambang,0.559,4.05,30.427,68.04
2026-06-16 14:40:00,GS001,Area Dasar Tambang,1.081,7.355,33.159,73.373
2026-06-16 14:45:00,GS001,Area Dasar Tambang,1.329,10.832,31.872,76.066
2026-06-16 14:50:00,GS001,Area Dasar Tambang,1.542,13.277,35.954,68.408
2026-06-16 14:55:00,GS001,Area Dasar Tambang,1.916,15.708,34.658,74.723
2026-06-16 15:00:00,GS001,Area Dasar Tambang,2.079,19.95,34.634,73.581
2026-06-16 15:05:00,GS001,Area Dasar Tambang,2.312,25.073,31.55,77.257
2026-06-16 15:10:00,GS001,Area Dasar Tambang,2.178,17.96,33.71,75.658
2026-06-16 15:15:00,GS001,Area Dasar Tambang,1.75,14.149,32.059,77.282
2026-06-16 15:20:00,GS001,Area Dasar Tambang,1.524,10.047,33.234,72.584
2026-06-16 15:25:00,GS001,Area Dasar Tambang,0.984,6.681,30.455,78.588
2026-06-16 15:30:00,GS001,Area Dasar Tambang,0.828,5.047,33.0,71.286
2026-06-16 15:35:00,GS001,Area Dasar Tambang,0.345,1.997,32.967,73.575
2026-06-16 15:40:00,GS001,Area Dasar Tambang,0.517,3.119,32.915,74.307
2026-06-16 15:45:00,GS001,Area Dasar Tambang,0.728,4.013,31.569,79.061
2026-06-16 15:50:00,GS001,Area Dasar Tambang,0.885,6.758,33.516,73.821
2026-06-16 15:55:00,GS001,Area Dasar Tambang,1.101,8.527,34.997,69.043
2026-06-16 16:00:00,GS001,Area Dasar Tambang,0.984,6.318,27.704,74.422
2026-06-16 16:05:00,GS001,Area Dasar Tambang,0.867,5.794,32.702,74.04
2026-06-16 16:10:00,GS001,Area Dasar Tambang,0.818,5.038,30.991,74.611
2026-06-16 16:15:00,GS001,Area Dasar Tambang,0.667,4.234,31.282,70.682
2026-06-16 16:20:00,GS001,Area Dasar Tambang,0.661,2.813,34.741,81.033
2026-06-16 16:25:00,GS001,Area Dasar Tambang,0.749,5.736,30.728,78.048
2026-06-16 16:30:00,GS001,Area Dasar Tambang,1.097,6.799,36.854,69.584
2026-06-16 16:35:00,GS001,Area Dasar Tambang,1.143,9.444,33.28,76.576
2026-06-16 16:40:00,GS001,Area Dasar Tambang,1.33,11.507,33.342,74.51
2026-06-16 16:45:00,GS001,Area Dasar Tambang,1.571,11.778,31.966,75.303
2026-06-16 16:50:00,GS001,Area Dasar Tambang,1.765,14.777,33.835,72.115
2026-06-16 16:55:00,GS001,Area Dasar Tambang,2.18,18.215,31.192,79.901
2026-06-16 17:00:00,GS001,Area Dasar Tambang,1.759,14.228,29.208,71.415
2026-06-16 17:05:00,GS001,Area Dasar Tambang,1.352,12.195,31.2,88.152
2026-06-16 17:10:00,GS001,Area Dasar Tambang,1.231,8.957,34.573,80.807
2026-06-16 17:15:00,GS001,Area Dasar Tambang,1.137,8.67,31.485,70.364
2026-06-16 17:20:00,GS001,Area Dasar Tambang,0.801,5.732,31.315,68.707
2026-06-16 17:25:00,GS001,Area Dasar Tambang,0.602,4.005,30.746,77.734
2026-06-16 17:30:00,GS001,Area Dasar Tambang,0.556,3.257,32.364,84.114
2026-06-16 17:35:00,GS001,Area Dasar Tambang,0.416,2.029,30.727,78.555
2026-06-16 17:40:00,GS001,Area Dasar Tambang,0.722,4.005,30.202,78.339
2026-06-16 17:45:00,GS001,Area Dasar Tambang,0.934,6.567,32.041,70.858
2026-06-16 17:50:00,GS001,Area Dasar Tambang,1.413,10.363,31.882,78.457
2026-06-16 17:55:00,GS001,Area Dasar Tambang,1.537,12.195,34.48,66.253
2026-06-16 18:00:00,GS001,Area Dasar Tambang,1.962,15.705,34.077,72.832
2026-06-16 18:05:00,GS001,Area Dasar Tambang,2.091,19.361,32.556,79.278
2026-06-16 18:10:00,GS001,Area Dasar Tambang,2.296,20.717,35.091,78.696
2026-06-16 18:15:00,GS001,Area Dasar Tambang,2.259,18.791,32.56,71.036
2026-06-16 18:20:00,GS001,Area Dasar Tambang,1.738,13.388,30.74,68.187
2026-06-16 18:25:00,GS001,Area Dasar Tambang,1.403,10.538,32.473,78.082
2026-06-16 18:30:00,GS001,Area Dasar Tambang,0.908,6.903,30.092,79.914
2026-06-16 18:35:00,GS001,Area Dasar Tambang,0.873,5.482,30.649,59.661
2026-06-16 18:40:00,GS001,Area Dasar Tambang,0.312,2.246,29.912,69.855
2026-06-16 18:45:00,GS001,Area Dasar Tambang,0.584,3.218,30.127,75.345
2026-06-16 18:50:00,GS001,Area Dasar Tambang,0.661,4.12,33.272,74.65
2026-06-16 18:55:00,GS001,Area Dasar Tambang,0.929,6.097,31.68,81.094
2026-06-16 19:00:00,GS001,Area Dasar Tambang,1.082,7.218,30.082,71.446
2026-06-16 19:05:00,GS001,Area Dasar Tambang,1.052,7.448,31.109,86.177
2026-06-16 19:10:00,GS001,Area Dasar Tambang,0.903,6.053,31.218,74.459
2026-06-16 19:15:00,GS001,Area Dasar Tambang,0.791,4.532,33.769,70.901
2026-06-16 19:20:00,GS001,Area Dasar Tambang,0.767,3.943,30.709,78.86
2026-06-16 19:25:00,GS001,Area Dasar Tambang,0.59,3.082,30.942,76.711
2026-06-16 19:30:00,GS001,Area Dasar Tambang,0.733,4.983,30.591,85.453
2026-06-16 19:35:00,GS001,Area Dasar Tambang,0.999,8.056,31.824,72.787
2026-06-16 19:40:00,GS001,Area Dasar Tambang,1.088,9.028,30.762,80.567
2026-06-16 19:45:00,GS001,Area Dasar Tambang,1.463,12.036,31.679,81.722
2026-06-16 19:50:00,GS001,Area Dasar Tambang,1.617,13.897,31.374,72.096
2026-06-16 19:55:00,GS001,Area Dasar Tambang,1.667,16.597,35.506,73.777
2026-06-16 20:00:00,GS001,Area Dasar Tambang,2.107,18.668,34.619,65.246
2026-06-16 20:05:00,GS001,Area Dasar Tambang,1.579,13.879,30.657,74.841
2026-06-16 20:10:00,GS001,Area Dasar Tambang,1.432,12.388,37.13,74.554
2026-06-16 20:15:00,GS001,Area Dasar Tambang,1.276,10.87,36.855,70.934
2026-06-16 20:20:00,GS001,Area Dasar Tambang,1.061,8.569,31.103,71.205
2026-06-16 20:25:00,GS001,Area Dasar Tambang,0.855,6.455,31.269,71.361
2026-06-16 20:30:00,GS001,Area Dasar Tambang,0.614,4.24,33.434,74.778
2026-06-16 20:35:00,GS001,Area Dasar Tambang,0.58,2.753,30.045,77.954
2026-06-16 20:40:00,GS001,Area Dasar Tambang,0.408,1.892,31.089,79.675
2026-06-16 20:45:00,GS001,Area Dasar Tambang,0.708,4.13,32.647,78.884
2026-06-16 20:50:00,GS001,Area Dasar Tambang,1.043,7.469,28.457,68.309
2026-06-16 20:55:00,GS001,Area Dasar Tambang,1.264,10.171,32.738,73.113
2026-06-16 21:00:00,GS001,Area Dasar Tambang,1.609,13.058,31.919,75.655
2026-06-16 21:05:00,GS001,Area Dasar Tambang,1.82,17.081,30.967,71.045
2026-06-16 21:10:00,GS001,Area Dasar Tambang,2.181,20.31,32.44,73.892
2026-06-16 21:15:00,GS001,Area Dasar Tambang,2.676,23.135,37.778,71.189
2026-06-16 21:20:00,GS001,Area Dasar Tambang,2.012,18.503,34.568,71.837
2026-06-16 21:25:00,GS001,Area Dasar Tambang,1.923,12.776,31.286,72.894
2026-06-16 21:30:00,GS001,Area Dasar Tambang,1.354,10.072,35.765,70.877
2026-06-16 21:35:00,GS001,Area Dasar Tambang,0.992,6.442,31.385,75.147
2026-06-16 21:40:00,GS001,Area Dasar Tambang,0.776,4.673,31.075,74.517
2026-06-16 21:45:00,GS001,Area Dasar Tambang,0.376,2.146,29.356,76.844
2026-06-16 21:50:00,GS001,Area Dasar Tambang,0.513,3.291,32.141,74.054
2026-06-16 21:55:00,GS001,Area Dasar Tambang,0.767,3.826,34.146,80.382
2026-06-16 22:00:00,GS001,Area Dasar Tambang,0.914,6.2,33.261,81.961
2026-06-16 22:05:00,GS001,Area Dasar Tambang,1.084,8.021,32.39,77.375
2026-06-16 22:10:00,GS001,Area Dasar Tambang,0.968,7.015,32.217,75.971
2026-06-16 22:15:00,GS001,Area Dasar Tambang,0.792,5.81,33.296,82.704
2026-06-16 22:20:00,GS001,Area Dasar Tambang,0.866,5.684,30.929,78.005
2026-06-16 22:25:00,GS001,Area Dasar Tambang,0.615,3.911,32.329,72.085
2026-06-16 22:30:00,GS001,Area Dasar Tambang,0.552,3.127,32.452,81.296
2026-06-16 22:35:00,GS001,Area Dasar Tambang,0.798,4.905,31.017,78.97
2026-06-16 22:40:00,GS001,Area Dasar Tambang,0.968,7.214,31.648,74.232
2026-06-16 22:45:00,GS001,Area Dasar Tambang,1.202,8.528,31.304,69.577
2026-06-16 22:50:00,GS001,Area Dasar Tambang,1.507,11.87,33.344,74.617
2026-06-16 22:55:00,GS001,Area Dasar Tambang,1.527,14.206,30.891,72.144
2026-06-16 23:00:00,GS001,Area Dasar Tambang,1.837,15.648,33.017,73.369
2026-06-16 23:05:00,GS001,Area Dasar Tambang,2.17,18.148,34.678,66.608
2026-06-16 23:10:00,GS001,Area Dasar Tambang,1.732,13.34,30.344,65.967
2026-06-16 23:15:00,GS001,Area Dasar Tambang,1.595,11.913,29.956,70.195
2026-06-16 23:20:00,GS001,Area Dasar Tambang,1.281,10.944,31.222,72.221
2026-06-16 23:25:00,GS001,Area Dasar Tambang,1.036,8.086,31.318,74.951
2026-06-16 23:30:00,GS001,Area Dasar Tambang,0.901,5.69,32.32,83.195
2026-06-16 23:35:00,GS001,Area Dasar Tambang,0.628,4.016,32.828,76.939
2026-06-16 23:40:00,GS001,Area Dasar Tambang,0.569,2.97,30.149,72.547
2026-06-16 23:45:00,GS001,Area Dasar Tambang,0.453,1.943,31.57,78.066
2026-06-16 23:50:00,GS001,Area Dasar Tambang,0.755,3.751,30.643,78.225
2026-06-16 23:55:00,GS001,Area Dasar Tambang,0.978,6.904,28.267,75.432
2026-06-17 00:00:00,GS001,Area Dasar Tambang,1.358,9.883,30.247,77.532
2026-06-17 00:05:00,GS001,Area Dasar Tambang,1.535,13.121,33.78,76.922
2026-06-17 00:10:00,GS001,Area Dasar Tambang,1.76,16.584,30.118,78.119
2026-06-17 00:15:00,GS001,Area Dasar Tambang,2.288,22.368,35.014,73.89
2026-06-17 00:20:00,GS001,Area Dasar Tambang,2.629,23.177,33.63,71.608
2026-06-17 00:25:00,GS001,Area Dasar Tambang,1.989,17.398,34.481,78.489
2026-06-17 00:30:00,GS001,Area Dasar Tambang,1.696,14.228,35.894,76.151
2026-06-17 00:35:00,GS001,Area Dasar Tambang,1.472,9.521,29.872,66.953
2026-06-17 00:40:00,GS001,Area Dasar Tambang,1.001,7.034,29.81,74.15
2026-06-17 00:45:00,GS001,Area Dasar Tambang,0.847,4.658,34.163,81.392
2026-06-17 00:50:00,GS001,Area Dasar Tambang,0.307,2.001,29.067,77.073
2026-06-17 00:55:00,GS001,Area Dasar Tambang,0.565,2.952,31.701,76.811
2026-06-17 01:00:00,GS001,Area Dasar Tambang,0.724,3.968,29.402,76.642
2026-06-17 01:05:00,GS001,Area Dasar Tambang,0.884,6.154,29.084,77.848
2026-06-17 01:10:00,GS001,Area Dasar Tambang,1.063,8.425,34.214,75.794
2026-06-17 01:15:00,GS001,Area Dasar Tambang,0.946,7.81,34.1,75.396
2026-06-17 01:20:00,GS001,Area Dasar Tambang,0.88,6.254,28.882,76.363
2026-06-17 01:25:00,GS001,Area Dasar Tambang,0.814,4.474,32.292,81.816
2026-06-17 01:30:00,GS001,Area Dasar Tambang,0.656,3.955,28.24,81.828
2026-06-17 01:35:00,GS001,Area Dasar Tambang,0.603,2.993,31.365,74.736
2026-06-17 01:40:00,GS001,Area Dasar Tambang,0.817,4.657,29.14,73.991
2026-06-17 01:45:00,GS001,Area Dasar Tambang,1.036,6.491,30.605,71.964
2026-06-17 01:50:00,GS001,Area Dasar Tambang,1.223,9.243,32.713,81.051
2026-06-17 01:55:00,GS001,Area Dasar Tambang,1.34,11.276,29.729,75.82
2026-06-17 02:00:00,GS001,Area Dasar Tambang,1.592,12.992,34.809,71.36
2026-06-17 02:05:00,GS001,Area Dasar Tambang,1.81,15.665,31.323,70.759
2026-06-17 02:10:00,GS001,Area Dasar Tambang,2.057,19.479,32.568,69.181
2026-06-17 02:15:00,GS001,Area Dasar Tambang,1.726,14.464,33.642,76.856
2026-06-17 02:20:00,GS001,Area Dasar Tambang,1.638,10.653,33.188,73.55
2026-06-17 02:25:00,GS001,Area Dasar Tambang,1.211,9.524,31.854,74.678
2026-06-17 02:30:00,GS001,Area Dasar Tambang,1.133,8.35,32.824,75.972
2026-06-17 02:35:00,GS001,Area Dasar Tambang,0.899,5.805,30.622,84.352
2026-06-17 02:40:00,GS001,Area Dasar Tambang,0.665,3.877,29.092,78.826
2026-06-17 02:45:00,GS001,Area Dasar Tambang,0.612,3.027,29.073,75.74
2026-06-17 02:50:00,GS001,Area Dasar Tambang,0.457,1.964,30.731,78.055
2026-06-17 02:55:00,GS001,Area Dasar Tambang,0.686,3.855,30.13,70.873
2026-06-17 03:00:00,GS001,Area Dasar Tambang,0.97,6.737,31.299,70.778
2026-06-17 03:05:00,GS001,Area Dasar Tambang,1.33,10.91,32.875,76.271
2026-06-17 03:10:00,GS001,Area Dasar Tambang,1.586,12.976,33.313,77.605
2026-06-17 03:15:00,GS001,Area Dasar Tambang,2.011,15.666,34.616,74.024
2026-06-17 03:20:00,GS001,Area Dasar Tambang,2.32,19.218,33.873,62.413
2026-06-17 03:25:00,GS001,Area Dasar Tambang,2.274,24.113,30.731,68.27
2026-06-17 03:30:00,GS001,Area Dasar Tambang,2.201,17.006,32.828,60.881
2026-06-17 03:35:00,GS001,Area Dasar Tambang,1.874,13.634,33.314,73.532
2026-06-17 03:40:00,GS001,Area Dasar Tambang,1.407,9.885,30.461,67.516
2026-06-17 03:45:00,GS001,Area Dasar Tambang,0.954,6.929,32.793,69.058
2026-06-17 03:50:00,GS001,Area Dasar Tambang,0.759,4.869,29.048,75.714
2026-06-17 03:55:00,GS001,Area Dasar Tambang,0.357,2.122,32.025,80.749
2026-06-17 04:00:00,GS001,Area Dasar Tambang,0.518,2.922,33.566,76.259
2026-06-17 04:05:00,GS001,Area Dasar Tambang,0.645,3.908,30.417,73.189
2026-06-17 04:10:00,GS001,Area Dasar Tambang,0.833,5.7,32.282,79.641
2026-06-17 04:15:00,GS001,Area Dasar Tambang,1.085,7.969,28.607,71.748
2026-06-17 04:20:00,GS001,Area Dasar Tambang,0.968,7.402,29.848,77.557
2026-06-17 04:25:00,GS001,Area Dasar Tambang,0.849,5.702,32.284,78.145
2026-06-17 04:30:00,GS001,Area Dasar Tambang,0.831,4.93,28.453,73.087
2026-06-17 04:35:00,GS001,Area Dasar Tambang,0.725,3.853,29.642,82.141
2026-06-17 04:40:00,GS001,Area Dasar Tambang,0.593,3.118,32.101,81.478
2026-06-17 04:45:00,GS001,Area Dasar Tambang,0.785,4.829,32.62,74.948
2026-06-17 04:50:00,GS001,Area Dasar Tambang,1.172,6.689,34.235,75.692
2026-06-17 04:55:00,GS001,Area Dasar Tambang,1.338,9.011,27.841,74.05
2026-06-17 05:00:00,GS001,Area Dasar Tambang,1.363,11.279,30.401,74.802
2026-06-17 05:05:00,GS001,Area Dasar Tambang,1.628,13.053,32.19,88.405
2026-06-17 05:10:00,GS001,Area Dasar Tambang,1.942,14.61,33.21,73.007
2026-06-17 05:15:00,GS001,Area Dasar Tambang,2.113,17.874,34.159,77.784
2026-06-17 05:20:00,GS001,Area Dasar Tambang,1.655,13.619,30.872,72.106
2026-06-17 05:25:00,GS001,Area Dasar Tambang,1.673,12.555,37.723,74.685
2026-06-17 05:30:00,GS001,Area Dasar Tambang,1.255,9.423,29.28,69.763
2026-06-17 05:35:00,GS001,Area Dasar Tambang,1.109,7.188,32.105,74.139
2026-06-17 05:40:00,GS001,Area Dasar Tambang,0.909,6.41,35.191,75.053
2026-06-17 05:45:00,GS001,Area Dasar Tambang,0.72,3.974,29.011,77.378
2026-06-17 05:50:00,GS001,Area Dasar Tambang,0.623,3.121,31.77,74.445
2026-06-17 05:55:00,GS001,Area Dasar Tambang,0.396,1.872,31.326,77.137
2026-06-17 06:00:00,GS001,Area Dasar Tambang,0.651,4.228,32.612,82.004
2026-06-17 06:05:00,GS001,Area Dasar Tambang,1.022,7.24,31.968,76.043
2026-06-17 06:10:00,GS001,Area Dasar Tambang,1.327,9.143,30.703,69.627
2026-06-17 06:15:00,GS001,Area Dasar Tambang,1.561,12.306,33.672,74.697
2026-06-17 06:20:00,GS001,Area Dasar Tambang,2.012,15.899,32.927,78.143
2026-06-17 06:25:00,GS001,Area Dasar Tambang,2.136,21.059,31.039,66.111
2026-06-17 06:30:00,GS001,Area Dasar Tambang,2.543,26.56,32.363,79.989
2026-06-17 06:35:00,GS001,Area Dasar Tambang,2.173,16.375,35.408,64.579
2026-06-17 06:40:00,GS001,Area Dasar Tambang,1.778,14.059,31.27,74.886
2026-06-17 06:45:00,GS001,Area Dasar Tambang,1.41,10.665,30.904,71.206
2026-06-17 06:50:00,GS001,Area Dasar Tambang,0.952,7.822,32.45,71.799
2026-06-17 06:55:00,GS001,Area Dasar Tambang,0.786,5.211,35.477,73.295
2026-06-17 07:00:00,GS001,Area Dasar Tambang,0.353,2.069,31.056,74.694
2026-06-17 07:05:00,GS001,Area Dasar Tambang,0.542,3.163,29.944,72.69
2026-06-17 07:10:00,GS001,Area Dasar Tambang,0.73,3.697,31.62,76.108
2026-06-17 07:15:00,GS001,Area Dasar Tambang,0.848,6.427,31.791,78.299
2026-06-17 07:20:00,GS001,Area Dasar Tambang,1.088,7.452,32.755,79.278
2026-06-17 07:25:00,GS001,Area Dasar Tambang,0.944,7.213,29.465,72.736
2026-06-17 07:30:00,GS001,Area Dasar Tambang,0.962,5.227,32.652,70.653
2026-06-17 07:35:00,GS001,Area Dasar Tambang,0.718,4.961,35.611,75.767
2026-06-17 07:40:00,GS001,Area Dasar Tambang,0.785,4.116,29.876,79.216
2026-06-17 07:45:00,GS001,Area Dasar Tambang,0.629,3.261,33.498,75.386
2026-06-17 07:50:00,GS001,Area Dasar Tambang,0.87,5.208,34.389,77.733
2026-06-17 07:55:00,GS001,Area Dasar Tambang,1.101,7.14,30.261,66.037
2026-06-17 08:00:00,GS001,Area Dasar Tambang,1.177,8.719,32.394,66.472
2026-06-17 08:05:00,GS001,Area Dasar Tambang,1.51,11.957,32.19,70.376
2026-06-17 08:10:00,GS001,Area Dasar Tambang,1.57,12.809,32.88,69.42
2026-06-17 08:15:00,GS001,Area Dasar Tambang,1.648,15.501,32.939,76.246
2026-06-17 08:20:00,GS001,Area Dasar Tambang,2.173,19.022,32.435,73.258
2026-06-17 08:25:00,GS001,Area Dasar Tambang,1.72,13.911,31.511,72.223
2026-06-17 08:30:00,GS001,Area Dasar Tambang,1.513,13.367,29.261,69.987
2026-06-17 08:35:00,GS001,Area Dasar Tambang,1.314,10.692,29.737,80.064
2026-06-17 08:40:00,GS001,Area Dasar Tambang,1.153,7.991,32.798,76.628
2026-06-17 08:45:00,GS001,Area Dasar Tambang,0.838,6.071,27.788,76.121
2026-06-17 08:50:00,GS001,Area Dasar Tambang,0.796,3.7,31.429,83.378
2026-06-17 08:55:00,GS001,Area Dasar Tambang,0.654,2.839,29.322,79.694
2026-06-17 09:00:00,GS001,Area Dasar Tambang,0.549,2.075,29.737,77.254
2026-06-17 09:05:00,GS001,Area Dasar Tambang,0.682,3.952,31.998,80.558
2026-06-17 09:10:00,GS001,Area Dasar Tambang,0.919,7.063,31.977,70.166
2026-06-17 09:15:00,GS001,Area Dasar Tambang,1.371,10.678,30.909,75.563
2026-06-17 09:20:00,GS001,Area Dasar Tambang,1.469,13.965,31.556,73.884
2026-06-17 09:25:00,GS001,Area Dasar Tambang,1.843,14.802,34.34,70.409
2026-06-17 09:30:00,GS001,Area Dasar Tambang,2.419,19.033,34.835,72.999
2026-06-17 09:35:00,GS001,Area Dasar Tambang,2.572,25.646,32.174,73.623
2026-06-17 09:40:00,GS001,Area Dasar Tambang,1.976,18.985,30.089,71.055
2026-06-17 09:45:00,GS001,Area Dasar Tambang,1.759,15.157,32.349,75.219
2026-06-17 09:50:00,GS001,Area Dasar Tambang,1.329,9.644,34.323,73.204
2026-06-17 09:55:00,GS001,Area Dasar Tambang,0.879,6.907,32.562,74.812
2026-06-17 10:00:00,GS001,Area Dasar Tambang,0.924,4.524,29.733,80.031
2026-06-17 10:05:00,GS001,Area Dasar Tambang,0.367,2.162,30.092,77.563
2026-06-17 10:10:00,GS001,Area Dasar Tambang,0.432,3.215,30.991,75.054
2026-06-17 10:15:00,GS001,Area Dasar Tambang,0.564,4.022,29.211,72.597
2026-06-17 10:20:00,GS001,Area Dasar Tambang,1.045,6.189,34.751,80.025
2026-06-17 10:25:00,GS001,Area Dasar Tambang,0.986,7.992,35.361,71.007
2026-06-17 10:30:00,GS001,Area Dasar Tambang,0.931,6.354,30.621,68.543
2026-06-17 10:35:00,GS001,Area Dasar Tambang,0.914,5.655,29.519,71.971
2026-06-17 10:40:00,GS001,Area Dasar Tambang,0.769,4.843,30.16,77.771
2026-06-17 10:45:00,GS001,Area Dasar Tambang,0.698,3.786,33.187,78.553
2026-06-17 10:50:00,GS001,Area Dasar Tambang,0.654,3.039,30.21,72.889
2026-06-17 10:55:00,GS001,Area Dasar Tambang,0.856,5.096,32.964,81.787
2026-06-17 11:00:00,GS001,Area Dasar Tambang,0.973,7.372,33.443,79.158
2026-06-17 11:05:00,GS001,Area Dasar Tambang,1.174,9.342,31.342,74.04
2026-06-17 11:10:00,GS001,Area Dasar Tambang,1.368,11.063,30.117,77.402
2026-06-17 11:15:00,GS001,Area Dasar Tambang,1.786,12.892,31.938,71.895
2026-06-17 11:20:00,GS001,Area Dasar Tambang,1.748,16.424,31.065,71.696
2026-06-17 11:25:00,GS001,Area Dasar Tambang,1.775,17.952,29.875,70.138
2026-06-17 11:30:00,GS001,Area Dasar Tambang,1.804,13.123,29.658,79.063
2026-06-17 11:35:00,GS001,Area Dasar Tambang,1.419,11.508,32.302,67.984
2026-06-17 11:40:00,GS001,Area Dasar Tambang,0.433,1.966,30.462,81.736
2026-06-17 11:45:00,GS001,Area Dasar Tambang,0.525,2.85,29.637,71.507
2026-06-17 11:50:00,GS001,Area Dasar Tambang,0.804,3.862,32.66,75.361
2026-06-17 11:55:00,GS001,Area Dasar Tambang,0.857,6.005,30.99,78.438
2026-06-17 12:00:00,GS001,Area Dasar Tambang,1.136,7.811,29.78,71.409
2026-06-17 12:05:00,GS001,Area Dasar Tambang,0.909,6.923,31.485,71.572
2026-06-17 12:10:00,GS001,Area Dasar Tambang,0.849,5.996,30.606,75.353
2026-06-17 12:15:00,GS001,Area Dasar Tambang,0.785,5.05,30.592,74.514
2026-06-17 12:20:00,GS001,Area Dasar Tambang,0.625,3.992,31.311,76.453
2026-06-17 12:25:00,GS001,Area Dasar Tambang,0.676,3.02,30.905,78.537
2026-06-17 12:30:00,GS001,Area Dasar Tambang,0.885,5.051,28.516,77.313
2026-06-17 12:35:00,GS001,Area Dasar Tambang,0.965,6.462,33.639,79.444
2026-06-17 12:40:00,GS001,Area Dasar Tambang,1.157,8.676,32.004,71.38
2026-06-17 12:45:00,GS001,Area Dasar Tambang,1.392,10.686,31.487,69.843
2026-06-17 12:50:00,GS001,Area Dasar Tambang,1.653,13.626,32.071,72.894
2026-06-17 12:55:00,GS001,Area Dasar Tambang,1.845,15.001,34.748,68.209
2026-06-17 13:00:00,GS001,Area Dasar Tambang,2.069,17.918,31.329,77.382
2026-06-17 13:05:00,GS001,Area Dasar Tambang,1.862,13.884,32.976,70.643
2026-06-17 13:10:00,GS001,Area Dasar Tambang,1.481,11.456,30.551,78.385
2026-06-17 13:15:00,GS001,Area Dasar Tambang,1.298,10.02,30.963,74.562
2026-06-17 13:20:00,GS001,Area Dasar Tambang,1.034,7.752,30.274,78.879
2026-06-17 13:25:00,GS001,Area Dasar Tambang,0.834,5.717,28.92,73.294
2026-06-17 13:30:00,GS001,Area Dasar Tambang,0.682,4.156,31.022,75.735
2026-06-17 13:35:00,GS001,Area Dasar Tambang,0.612,2.947,34.098,75.18
2026-06-17 13:40:00,GS001,Area Dasar Tambang,0.517,2.066,30.232,78.516
2026-06-17 13:45:00,GS001,Area Dasar Tambang,0.68,4.044,31.326,76.568
2026-06-17 13:50:00,GS001,Area Dasar Tambang,0.954,7.522,32.239,71.171
2026-06-17 13:55:00,GS001,Area Dasar Tambang,1.278,9.372,32.872,74.935
2026-06-17 14:00:00,GS001,Area Dasar Tambang,1.6,12.562,31.892,76.33
2026-06-17 14:05:00,GS001,Area Dasar Tambang,1.98,16.542,30.67,72.457
2026-06-17 14:10:00,GS001,Area Dasar Tambang,2.222,19.412,30.81,68.295
2026-06-17 14:15:00,GS001,Area Dasar Tambang,2.65,22.856,33.464,70.556
2026-06-17 14:20:00,GS001,Area Dasar Tambang,2.087,17.77,34.042,72.103
2026-06-17 14:25:00,GS001,Area Dasar Tambang,1.755,14.029,30.934,74.39
2026-06-17 14:30:00,GS001,Area Dasar Tambang,1.362,9.751,32.861,72.794
2026-06-17 14:35:00,GS001,Area Dasar Tambang,0.986,7.327,30.562,76.495
2026-06-17 14:40:00,GS001,Area Dasar Tambang,0.838,5.233,34.242,74.048
2026-06-17 14:45:00,GS001,Area Dasar Tambang,0.343,2.154,32.729,75.14
2026-06-17 14:50:00,GS001,Area Dasar Tambang,0.544,3.173,31.17,80.315
2026-06-17 14:55:00,GS001,Area Dasar Tambang,0.744,4.478,30.523,82.508
2026-06-17 15:00:00,GS001,Area Dasar Tambang,0.89,5.305,32.308,61.702
2026-06-17 15:05:00,GS001,Area Dasar Tambang,1.004,8.471,31.76,67.659
2026-06-17 15:10:00,GS001,Area Dasar Tambang,1.018,6.964,29.378,77.085
2026-06-17 15:15:00,GS001,Area Dasar Tambang,0.902,5.919,31.597,74.972
2026-06-17 15:20:00,GS001,Area Dasar Tambang,0.858,4.884,30.471,71.602
2026-06-17 15:25:00,GS001,Area Dasar Tambang,0.661,4.148,29.928,80.352
2026-06-17 15:30:00,GS001,Area Dasar Tambang,0.593,3.046,28.689,74.524
2026-06-17 15:35:00,GS001,Area Dasar Tambang,0.704,5.154,28.898,69.479
2026-06-17 15:40:00,GS001,Area Dasar Tambang,0.932,6.831,30.641,72.671
2026-06-17 15:45:00,GS001,Area Dasar Tambang,1.196,9.233,31.088,75.234
2026-06-17 15:50:00,GS001,Area Dasar Tambang,1.209,10.003,31.216,67.728
2026-06-17 15:55:00,GS001,Area Dasar Tambang,1.635,12.634,32.786,76.449
2026-06-17 16:00:00,GS001,Area Dasar Tambang,1.81,14.706,32.116,72.234
2026-06-17 16:05:00,GS001,Area Dasar Tambang,1.972,19.026,34.329,72.218
2026-06-17 16:10:00,GS001,Area Dasar Tambang,1.772,14.461,31.309,69.842
2026-06-17 16:15:00,GS001,Area Dasar Tambang,1.5,12.259,29.726,71.817
2026-06-17 16:20:00,GS001,Area Dasar Tambang,1.219,10.23,31.609,73.472
2026-06-17 16:25:00,GS001,Area Dasar Tambang,1.189,8.018,32.418,72.271
2026-06-17 16:30:00,GS001,Area Dasar Tambang,0.88,5.927,30.738,72.213
2026-06-17 16:35:00,GS001,Area Dasar Tambang,0.649,3.557,30.106,78.052
2026-06-17 16:40:00,GS001,Area Dasar Tambang,0.575,3.078,29.205,80.714
2026-06-17 16:45:00,GS001,Area Dasar Tambang,0.595,2.075,31.714,87.035
2026-06-17 16:50:00,GS001,Area Dasar Tambang,0.693,3.906,30.581,79.923
2026-06-17 16:55:00,GS001,Area Dasar Tambang,0.969,7.179,32.041,70.607
2026-06-17 17:00:00,GS001,Area Dasar Tambang,1.328,10.568,30.808,79.587
2026-06-17 17:05:00,GS001,Area Dasar Tambang,1.619,13.086,31.833,72.215
2026-06-17 17:10:00,GS001,Area Dasar Tambang,1.802,15.584,34.918,75.812
2026-06-17 17:15:00,GS001,Area Dasar Tambang,2.156,18.821,32.172,77.542
2026-06-17 17:20:00,GS001,Area Dasar Tambang,2.373,22.767,31.271,60.606
2026-06-17 17:25:00,GS001,Area Dasar Tambang,2.113,17.304,34.912,70.917
2026-06-17 17:30:00,GS001,Area Dasar Tambang,1.891,12.748,31.3,74.853
2026-06-17 17:35:00,GS001,Area Dasar Tambang,1.338,10.27,31.055,72.641
2026-06-17 17:40:00,GS001,Area Dasar Tambang,1.045,7.341,34.327,74.806
2026-06-17 17:45:00,GS001,Area Dasar Tambang,0.658,4.688,33.486,74.834
2026-06-17 17:50:00,GS001,Area Dasar Tambang,0.364,1.9,31.723,72.592
2026-06-17 17:55:00,GS001,Area Dasar Tambang,0.62,3.381,30.318,74.259
2026-06-17 18:00:00,GS001,Area Dasar Tambang,0.696,3.572,33.07,74.894
2026-06-17 18:05:00,GS001,Area Dasar Tambang,0.864,6.477,33.167,69.762
2026-06-17 18:10:00,GS001,Area Dasar Tambang,1.034,8.274,34.789,71.202
2026-06-17 18:15:00,GS001,Area Dasar Tambang,0.947,6.992,31.672,71.196
2026-06-17 18:20:00,GS001,Area Dasar Tambang,0.819,5.497,30.999,71.439
2026-06-17 18:25:00,GS001,Area Dasar Tambang,0.777,4.626,29.27,75.754
2026-06-17 18:30:00,GS001,Area Dasar Tambang,0.684,4.032,29.168,75.978
2026-06-17 18:35:00,GS001,Area Dasar Tambang,0.661,3.157,32.313,78.744
2026-06-17 18:40:00,GS001,Area Dasar Tambang,0.768,5.673,33.5,75.862
2026-06-17 18:45:00,GS001,Area Dasar Tambang,1.01,6.655,31.653,82.533
2026-06-17 18:50:00,GS001,Area Dasar Tambang,1.38,8.668,29.895,80.471
2026-06-17 18:55:00,GS001,Area Dasar Tambang,1.526,9.843,34.388,75.317
2026-06-17 19:00:00,GS001,Area Dasar Tambang,1.508,12.573,32.903,71.115
2026-06-17 19:05:00,GS001,Area Dasar Tambang,1.628,15.213,33.885,77.784
2026-06-17 19:10:00,GS001,Area Dasar Tambang,2.129,19.174,32.632,71.372
2026-06-17 19:15:00,GS001,Area Dasar Tambang,1.552,13.996,33.185,75.642
2026-06-17 19:20:00,GS001,Area Dasar Tambang,1.436,11.833,30.845,71.942
2026-06-17 19:25:00,GS001,Area Dasar Tambang,1.337,9.99,34.962,71.031
2026-06-17 19:30:00,GS001,Area Dasar Tambang,1.167,8.722,31.531,91.366
2026-06-17 19:35:00,GS001,Area Dasar Tambang,0.854,6.323,29.334,77.248
2026-06-17 19:40:00,GS001,Area Dasar Tambang,0.738,3.968,31.534,86.92
2026-06-17 19:45:00,GS001,Area Dasar Tambang,0.563,3.008,34.926,78.082
2026-06-17 19:50:00,GS001,Area Dasar Tambang,0.402,2.008,29.845,84.495
2026-06-17 19:55:00,GS001,Area Dasar Tambang,0.694,4.03,31.585,76.122
2026-06-17 20:00:00,GS001,Area Dasar Tambang,1.028,6.598,31.322,81.85
2026-06-17 20:05:00,GS001,Area Dasar Tambang,1.33,9.584,33.306,74.59
2026-06-17 20:10:00,GS001,Area Dasar Tambang,1.56,12.97,32.254,76.67
2026-06-17 20:15:00,GS001,Area Dasar Tambang,2.008,17.216,33.118,67.665
2026-06-17 20:20:00,GS001,Area Dasar Tambang,2.031,20.51,31.379,72.134
2026-06-17 20:25:00,GS001,Area Dasar Tambang,2.35,23.189,33.859,79.013
2026-06-17 20:30:00,GS001,Area Dasar Tambang,2.241,19.184,36.537,71.73
2026-06-17 20:35:00,GS001,Area Dasar Tambang,1.945,14.01,30.567,62.309
2026-06-17 20:40:00,GS001,Area Dasar Tambang,1.303,10.098,31.843,68.166
2026-06-17 20:45:00,GS001,Area Dasar Tambang,1.074,6.715,35.046,71.464
2026-06-17 20:50:00,GS001,Area Dasar Tambang,0.677,4.966,32.854,70.853
2026-06-17 20:55:00,GS001,Area Dasar Tambang,0.356,1.947,30.185,74.135
2026-06-17 21:00:00,GS001,Area Dasar Tambang,0.428,2.971,29.453,81.857
2026-06-17 21:05:00,GS001,Area Dasar Tambang,0.786,3.794,29.753,77.022
2026-06-17 21:10:00,GS001,Area Dasar Tambang,0.923,5.957,32.993,80.367
2026-06-17 21:15:00,GS001,Area Dasar Tambang,1.229,8.59,28.916,70.212
2026-06-17 21:20:00,GS001,Area Dasar Tambang,1.065,7.115,30.935,71.81
2026-06-17 21:25:00,GS001,Area Dasar Tambang,0.91,5.917,31.038,76.692
2026-06-17 21:30:00,GS001,Area Dasar Tambang,0.735,4.865,29.359,77.022
2026-06-17 21:35:00,GS001,Area Dasar Tambang,0.838,3.97,30.051,74.52
2026-06-17 21:40:00,GS001,Area Dasar Tambang,0.523,3.388,31.238,70.034
2026-06-17 21:45:00,GS001,Area Dasar Tambang,0.791,4.831,28.77,74.905
2026-06-17 21:50:00,GS001,Area Dasar Tambang,1.083,6.752,29.13,70.96
2026-06-17 21:55:00,GS001,Area Dasar Tambang,1.191,8.971,28.188,75.479
2026-06-17 22:00:00,GS001,Area Dasar Tambang,1.364,11.602,30.183,70.28
2026-06-17 22:05:00,GS001,Area Dasar Tambang,1.672,11.481,32.415,62.937
2026-06-17 22:10:00,GS001,Area Dasar Tambang,1.919,15.152,35.411,75.413
2026-06-17 22:15:00,GS001,Area Dasar Tambang,1.89,17.042,31.17,72.595
2026-06-17 22:20:00,GS001,Area Dasar Tambang,1.741,14.173,34.175,72.263
2026-06-17 22:25:00,GS001,Area Dasar Tambang,1.424,11.299,34.016,69.803
2026-06-17 22:30:00,GS001,Area Dasar Tambang,1.391,10.764,33.045,64.642
2026-06-17 22:35:00,GS001,Area Dasar Tambang,1.074,8.986,31.86,69.608
2026-06-17 22:40:00,GS001,Area Dasar Tambang,0.977,5.877,34.884,71.673
2026-06-17 22:45:00,GS001,Area Dasar Tambang,0.719,3.992,31.348,85.04
2026-06-17 22:50:00,GS001,Area Dasar Tambang,0.594,3.052,29.944,77.452
2026-06-17 22:55:00,GS001,Area Dasar Tambang,0.506,1.982,33.762,82.597
2026-06-17 23:00:00,GS001,Area Dasar Tambang,0.862,3.752,31.372,75.134
2026-06-17 23:05:00,GS001,Area Dasar Tambang,0.989,7.05,26.122,80.626
2026-06-17 23:10:00,GS001,Area Dasar Tambang,1.311,9.173,33.417,75.347
2026-06-17 23:15:00,GS001,Area Dasar Tambang,1.636,12.06,33.497,72.667
2026-06-17 23:20:00,GS001,Area Dasar Tambang,2.056,15.351,36.366,75.592
2026-06-17 23:25:00,GS001,Area Dasar Tambang,2.192,20.831,33.33,69.805
2026-06-17 23:30:00,GS001,Area Dasar Tambang,2.723,24.884,34.835,69.708
2026-06-17 23:35:00,GS001,Area Dasar Tambang,2.011,18.192,28.564,84.097
2026-06-17 23:40:00,GS001,Area Dasar Tambang,1.712,14.503,30.366,66.546
2026-06-17 23:45:00,GS001,Area Dasar Tambang,1.355,9.771,32.81,68.602
2026-06-17 23:50:00,GS001,Area Dasar Tambang,1.167,7.549,33.81,77.923
2026-06-17 23:55:00,GS001,Area Dasar Tambang,0.87,5.245,26.892,77.621
2026-06-18 00:00:00,GS001,Area Dasar Tambang,0.402,1.985,29.832,77.986
2026-06-18 00:05:00,GS001,Area Dasar Tambang,0.498,2.881,31.664,83.446
2026-06-18 00:10:00,GS001,Area Dasar Tambang,0.72,4.117,30.744,69.15
2026-06-18 00:15:00,GS001,Area Dasar Tambang,0.93,5.937,32.506,80.164
2026-06-18 00:20:00,GS001,Area Dasar Tambang,1.143,7.661,30.838,74.277
2026-06-18 00:25:00,GS001,Area Dasar Tambang,1.095,7.46,31.462,75.07
2026-06-18 00:30:00,GS001,Area Dasar Tambang,0.845,6.238,29.219,78.438
2026-06-18 00:35:00,GS001,Area Dasar Tambang,0.833,5.096,31.504,72.553
2026-06-18 00:40:00,GS001,Area Dasar Tambang,0.682,3.753,32.172,72.721
2026-06-18 00:45:00,GS001,Area Dasar Tambang,0.558,2.969,30.066,73.319
2026-06-18 00:50:00,GS001,Area Dasar Tambang,0.816,4.731,30.631,75.35
2026-06-18 00:55:00,GS001,Area Dasar Tambang,0.986,6.583,29.834,79.48
2026-06-18 01:00:00,GS001,Area Dasar Tambang,1.176,8.651,30.387,77.418
2026-06-18 01:05:00,GS001,Area Dasar Tambang,1.358,10.673,31.149,77.349
2026-06-18 01:10:00,GS001,Area Dasar Tambang,1.603,13.178,31.8,70.121
2026-06-18 01:15:00,GS001,Area Dasar Tambang,1.687,13.32,35.256,69.824
2026-06-18 01:20:00,GS001,Area Dasar Tambang,1.785,17.389,31.516,76.788
2026-06-18 01:25:00,GS001,Area Dasar Tambang,1.555,13.794,34.648,75.327
2026-06-18 01:30:00,GS001,Area Dasar Tambang,1.416,12.205,32.78,62.914
2026-06-18 01:35:00,GS001,Area Dasar Tambang,1.252,9.601,35.165,65.398
2026-06-18 01:40:00,GS001,Area Dasar Tambang,1.088,8.751,34.487,75.022
2026-06-18 01:45:00,GS001,Area Dasar Tambang,0.863,6.527,29.586,79.894
2026-06-18 01:50:00,GS001,Area Dasar Tambang,0.741,4.226,31.978,76.432
2026-06-18 01:55:00,GS001,Area Dasar Tambang,0.525,2.976,30.356,72.71
2026-06-18 02:00:00,GS001,Area Dasar Tambang,0.468,2.044,28.335,80.182
2026-06-18 02:05:00,GS001,Area Dasar Tambang,0.727,4.217,32.606,71.584
2026-06-18 02:10:00,GS001,Area Dasar Tambang,1.077,6.577,30.651,71.192
2026-06-18 02:15:00,GS001,Area Dasar Tambang,1.293,10.369,30.941,71.943
2026-06-18 02:20:00,GS001,Area Dasar Tambang,1.696,12.505,30.1,65.828
2026-06-18 02:25:00,GS001,Area Dasar Tambang,1.742,14.682,33.536,68.897
2026-06-18 02:30:00,GS001,Area Dasar Tambang,2.048,19.506,32.522,77.548
2026-06-18 02:35:00,GS001,Area Dasar Tambang,2.517,23.94,33.337,66.953
2026-06-18 02:40:00,GS001,Area Dasar Tambang,2.203,18.433,30.401,68.908
2026-06-18 02:45:00,GS001,Area Dasar Tambang,1.647,13.808,34.608,71.354
2026-06-18 02:50:00,GS001,Area Dasar Tambang,1.52,9.321,32.45,77.782
2026-06-18 02:55:00,GS001,Area Dasar Tambang,0.99,6.814,30.833,77.486
2026-06-18 03:00:00,GS001,Area Dasar Tambang,0.911,4.727,32.462,68.803
2026-06-18 03:05:00,GS001,Area Dasar Tambang,0.415,1.959,30.112,83.386
2026-06-18 03:10:00,GS001,Area Dasar Tambang,0.507,2.751,30.731,77.644
2026-06-18 03:15:00,GS001,Area Dasar Tambang,0.734,3.943,33.386,71.237
2026-06-18 03:20:00,GS001,Area Dasar Tambang,0.937,6.246,35.109,77.359
2026-06-18 03:25:00,GS001,Area Dasar Tambang,1.149,8.021,32.386,78.896
2026-06-18 03:30:00,GS001,Area Dasar Tambang,0.952,6.764,32.497,73.894
2026-06-18 03:35:00,GS001,Area Dasar Tambang,0.89,6.196,32.329,71.391
2026-06-18 03:40:00,GS001,Area Dasar Tambang,0.81,5.118,28.842,67.95
2026-06-18 03:45:00,GS001,Area Dasar Tambang,0.722,3.878,33.067,68.977
2026-06-18 03:50:00,GS001,Area Dasar Tambang,0.662,3.041,33.813,79.542
2026-06-18 03:55:00,GS001,Area Dasar Tambang,0.863,5.388,30.705,80.596
2026-06-18 04:00:00,GS001,Area Dasar Tambang,1.016,6.32,31.958,74.969
2026-06-18 04:05:00,GS001,Area Dasar Tambang,1.246,8.453,33.196,77.961
2026-06-18 04:10:00,GS001,Area Dasar Tambang,1.43,9.766,30.286,84.749
2026-06-18 04:15:00,GS001,Area Dasar Tambang,1.478,12.346,30.303,74.659
2026-06-18 04:20:00,GS001,Area Dasar Tambang,1.807,13.666,34.505,68.914
2026-06-18 04:25:00,GS001,Area Dasar Tambang,1.872,18.704,34.498,74.091
2026-06-18 04:30:00,GS001,Area Dasar Tambang,1.7,14.044,33.721,79.098
2026-06-18 04:35:00,GS001,Area Dasar Tambang,1.534,12.272,31.705,77.017
2026-06-18 04:40:00,GS001,Area Dasar Tambang,1.252,10.256,35.016,73.681
2026-06-18 04:45:00,GS001,Area Dasar Tambang,1.141,8.13,31.65,79.747
2026-06-18 04:50:00,GS001,Area Dasar Tambang,0.849,5.678,30.892,82.236
2026-06-18 04:55:00,GS001,Area Dasar Tambang,0.682,4.317,32.48,80.51
2026-06-18 05:00:00,GS001,Area Dasar Tambang,0.651,3.195,32.157,75.35
2026-06-18 05:05:00,GS001,Area Dasar Tambang,0.468,1.946,31.49,82.081
2026-06-18 05:10:00,GS001,Area Dasar Tambang,0.694,4.115,27.741,75.6
2026-06-18 05:15:00,GS001,Area Dasar Tambang,0.961,6.747,29.32,75.225
2026-06-18 05:20:00,GS001,Area Dasar Tambang,1.338,10.585,33.227,76.697
2026-06-18 05:25:00,GS001,Area Dasar Tambang,1.674,12.033,32.17,74.714
2026-06-18 05:30:00,GS001,Area Dasar Tambang,2.127,15.65,30.033,76.278
2026-06-18 05:35:00,GS001,Area Dasar Tambang,2.183,20.602,32.164,69.591
2026-06-18 05:40:00,GS001,Area Dasar Tambang,2.377,23.047,30.895,73.915
2026-06-18 05:45:00,GS001,Area Dasar Tambang,2.165,18.572,36.374,76.183
2026-06-18 05:50:00,GS001,Area Dasar Tambang,1.71,13.07,32.98,70.991
2026-06-18 05:55:00,GS001,Area Dasar Tambang,1.294,9.781,32.531,71.466
2026-06-18 06:00:00,GS001,Area Dasar Tambang,0.97,7.16,32.358,78.654
2026-06-18 06:05:00,GS001,Area Dasar Tambang,0.743,5.173,32.364,76.236
2026-06-18 06:10:00,GS001,Area Dasar Tambang,0.375,2.007,30.284,68.882
2026-06-18 06:15:00,GS001,Area Dasar Tambang,0.605,2.832,33.313,80.811
2026-06-18 06:20:00,GS001,Area Dasar Tambang,0.75,4.122,29.667,74.666
2026-06-18 06:25:00,GS001,Area Dasar Tambang,0.918,5.718,30.887,75.911
2026-06-18 06:30:00,GS001,Area Dasar Tambang,1.044,7.889,30.591,76.314
2026-06-18 06:35:00,GS001,Area Dasar Tambang,0.951,6.967,31.036,74.788
2026-06-18 06:40:00,GS001,Area Dasar Tambang,0.923,5.837,32.585,76.135
2026-06-18 06:45:00,GS001,Area Dasar Tambang,0.806,5.034,30.825,75.931
2026-06-18 06:50:00,GS001,Area Dasar Tambang,0.682,3.979,33.464,75.737
2026-06-18 06:55:00,GS001,Area Dasar Tambang,0.665,3.085,30.317,75.279
2026-06-18 07:00:00,GS001,Area Dasar Tambang,0.785,5.232,32.652,76.296
2026-06-18 07:05:00,GS001,Area Dasar Tambang,0.975,7.33,28.844,72.353
2026-06-18 07:10:00,GS001,Area Dasar Tambang,1.161,7.981,30.247,68.955
2026-06-18 07:15:00,GS001,Area Dasar Tambang,1.332,10.861,35.606,76.653
2026-06-18 07:20:00,GS001,Area Dasar Tambang,1.558,13.742,31.693,74.654
2026-06-18 07:25:00,GS001,Area Dasar Tambang,1.842,14.392,35.683,71.339
2026-06-18 07:30:00,GS001,Area Dasar Tambang,1.932,17.64,33.138,69.518
2026-06-18 07:35:00,GS001,Area Dasar Tambang,1.66,13.21,31.124,74.722
2026-06-18 07:40:00,GS001,Area Dasar Tambang,1.525,11.129,32.045,78.892
2026-06-18 07:45:00,GS001,Area Dasar Tambang,1.308,10.194,35.848,68.809
2026-06-18 07:50:00,GS001,Area Dasar Tambang,1.074,8.255,28.969,70.037
2026-06-18 07:55:00,GS001,Area Dasar Tambang,0.883,5.962,30.134,76.232
2026-06-18 08:00:00,GS001,Area Dasar Tambang,0.784,3.598,30.18,74.621
2026-06-18 08:05:00,GS001,Area Dasar Tambang,0.605,3.117,29.532,72.31
2026-06-18 08:10:00,GS001,Area Dasar Tambang,0.47,2.023,35.107,84.191
2026-06-18 08:15:00,GS001,Area Dasar Tambang,0.645,4.122,29.78,72.028
2026-06-18 08:20:00,GS001,Area Dasar Tambang,1.044,7.177,32.362,69.047
2026-06-18 08:25:00,GS001,Area Dasar Tambang,1.334,10.423,29.411,76.161
2026-06-18 08:30:00,GS001,Area Dasar Tambang,1.493,12.57,32.312,68.515
2026-06-18 08:35:00,GS001,Area Dasar Tambang,1.876,15.695,35.972,76.667
2026-06-18 08:40:00,GS001,Area Dasar Tambang,2.313,18.875,33.044,71.934
2026-06-18 08:45:00,GS001,Area Dasar Tambang,2.43,23.258,31.735,75.828
2026-06-18 08:50:00,GS001,Area Dasar Tambang,2.199,18.788,33.862,72.466
2026-06-18 08:55:00,GS001,Area Dasar Tambang,1.734,14.51,31.654,81.755
2026-06-18 09:00:00,GS001,Area Dasar Tambang,1.422,10.231,30.192,71.869
2026-06-18 09:05:00,GS001,Area Dasar Tambang,1.007,6.922,32.247,73.574
2026-06-18 09:10:00,GS001,Area Dasar Tambang,0.829,5.064,31.223,75.511
2026-06-18 09:15:00,GS001,Area Dasar Tambang,0.383,2.057,32.213,80.808
2026-06-18 09:20:00,GS001,Area Dasar Tambang,0.468,3.09,32.06,76.973
2026-06-18 09:25:00,GS001,Area Dasar Tambang,0.678,3.954,30.903,79.232
2026-06-18 09:30:00,GS001,Area Dasar Tambang,0.855,6.061,33.253,76.478
2026-06-18 09:35:00,GS001,Area Dasar Tambang,1.093,8.375,33.674,69.07
2026-06-18 09:40:00,GS001,Area Dasar Tambang,1.092,7.062,31.578,77.178
2026-06-18 09:45:00,GS001,Area Dasar Tambang,0.917,5.589,31.359,78.826
2026-06-18 09:50:00,GS001,Area Dasar Tambang,0.771,5.143,34.189,79.724
2026-06-18 09:55:00,GS001,Area Dasar Tambang,0.668,4.109,32.738,75.633
2026-06-18 10:00:00,GS001,Area Dasar Tambang,0.652,3.157,32.789,84.106
2026-06-18 10:05:00,GS001,Area Dasar Tambang,0.784,5.47,28.575,76.11
2026-06-18 10:10:00,GS001,Area Dasar Tambang,1.004,6.598,31.163,77.751
2026-06-18 10:15:00,GS001,Area Dasar Tambang,1.213,9.541,31.815,73.174
2026-06-18 10:20:00,GS001,Area Dasar Tambang,1.397,11.854,34.241,74.526
2026-06-18 10:25:00,GS001,Area Dasar Tambang,1.619,11.618,32.566,67.368
2026-06-18 10:30:00,GS001,Area Dasar Tambang,1.89,16.29,33.444,71.13
2026-06-18 10:35:00,GS001,Area Dasar Tambang,2.071,18.696,32.595,76.307
2026-06-18 10:40:00,GS001,Area Dasar Tambang,1.547,14.745,33.719,69.892
2026-06-18 10:45:00,GS001,Area Dasar Tambang,1.425,12.552,33.013,82.755
2026-06-18 10:50:00,GS001,Area Dasar Tambang,1.234,9.642,32.638,78.528
2026-06-18 10:55:00,GS001,Area Dasar Tambang,1.025,8.354,30.835,75.945
2026-06-18 11:00:00,GS001,Area Dasar Tambang,0.895,5.533,31.831,72.479
2026-06-18 11:05:00,GS001,Area Dasar Tambang,0.682,4.147,29.445,76.097
2026-06-18 11:10:00,GS001,Area Dasar Tambang,0.599,2.99,30.343,82.023
2026-06-18 11:15:00,GS001,Area Dasar Tambang,0.516,2.044,32.082,73.849
2026-06-18 11:20:00,GS001,Area Dasar Tambang,0.665,3.901,30.239,73.727
2026-06-18 11:25:00,GS001,Area Dasar Tambang,0.959,6.695,31.964,73.078
2026-06-18 11:30:00,GS001,Area Dasar Tambang,1.406,9.982,30.8,78.972
2026-06-18 11:35:00,GS001,Area Dasar Tambang,1.553,11.962,31.616,70.678
2026-06-18 11:40:00,GS001,Area Dasar Tambang,1.932,16.834,33.137,67.992
2026-06-18 11:45:00,GS001,Area Dasar Tambang,2.172,20.492,30.616,67.801
2026-06-18 11:50:00,GS001,Area Dasar Tambang,2.404,21.449,32.316,78.641
2026-06-18 11:55:00,GS001,Area Dasar Tambang,2.159,19.328,34.659,74.978
2026-06-18 12:00:00,GS001,Area Dasar Tambang,1.74,14.073,31.768,72.669
2026-06-18 12:05:00,GS001,Area Dasar Tambang,1.307,10.189,32.344,73.973
2026-06-18 12:10:00,GS001,Area Dasar Tambang,1.019,7.084,30.753,81.472
2026-06-18 12:15:00,GS001,Area Dasar Tambang,0.855,4.87,32.581,67.249
2026-06-18 12:20:00,GS001,Area Dasar Tambang,0.239,1.979,31.673,70.866
2026-06-18 12:25:00,GS001,Area Dasar Tambang,0.62,3.162,31.916,75.314
2026-06-18 12:30:00,GS001,Area Dasar Tambang,0.716,4.087,33.146,74.964
2026-06-18 12:35:00,GS001,Area Dasar Tambang,0.943,5.824,31.046,78.912
2026-06-18 12:40:00,GS001,Area Dasar Tambang,1.107,6.442,27.608,70.49
2026-06-18 12:45:00,GS001,Area Dasar Tambang,1.049,6.767,34.966,80.001
2026-06-18 12:50:00,GS001,Area Dasar Tambang,0.808,5.948,30.573,70.268
2026-06-18 12:55:00,GS001,Area Dasar Tambang,0.841,4.776,33.748,77.704
2026-06-18 13:00:00,GS001,Area Dasar Tambang,0.8,3.824,33.404,73.373
2026-06-18 13:05:00,GS001,Area Dasar Tambang,0.58,2.925,31.064,72.392
2026-06-18 13:10:00,GS001,Area Dasar Tambang,0.73,4.971,29.79,86.73
2026-06-18 13:15:00,GS001,Area Dasar Tambang,1.048,7.1,31.329,80.575
2026-06-18 13:20:00,GS001,Area Dasar Tambang,1.131,8.695,33.171,77.832
2026-06-18 13:25:00,GS001,Area Dasar Tambang,1.484,11.333,32.197,81.308
2026-06-18 13:30:00,GS001,Area Dasar Tambang,1.602,14.305,29.164,69.762
2026-06-18 13:35:00,GS001,Area Dasar Tambang,1.772,15.885,34.506,71.799
2026-06-18 13:40:00,GS001,Area Dasar Tambang,2.083,19.499,34.899,65.884
2026-06-18 13:45:00,GS001,Area Dasar Tambang,1.668,13.785,30.758,70.633
2026-06-18 13:50:00,GS001,Area Dasar Tambang,1.536,12.389,36.02,78.855
2026-06-18 13:55:00,GS001,Area Dasar Tambang,1.252,9.555,33.522,73.342
2026-06-18 14:00:00,GS001,Area Dasar Tambang,1.109,8.158,31.21,64.643
2026-06-18 14:05:00,GS001,Area Dasar Tambang,0.796,6.254,31.857,79.77
2026-06-18 14:10:00,GS001,Area Dasar Tambang,0.625,4.056,31.285,73.466
2026-06-18 14:15:00,GS001,Area Dasar Tambang,0.544,3.159,32.251,78.405
2026-06-18 14:20:00,GS001,Area Dasar Tambang,0.509,2.091,34.156,79.382
2026-06-18 14:25:00,GS001,Area Dasar Tambang,0.744,3.863,29.109,83.473
2026-06-18 14:30:00,GS001,Area Dasar Tambang,1.004,6.845,28.073,71.983
2026-06-18 14:35:00,GS001,Area Dasar Tambang,1.258,9.587,32.909,78.226
2026-06-18 14:40:00,GS001,Area Dasar Tambang,1.59,13.306,35.043,76.094
2026-06-18 14:45:00,GS001,Area Dasar Tambang,1.923,14.902,33.638,74.842
2026-06-18 14:50:00,GS001,Area Dasar Tambang,2.014,20.47,32.402,70.161
2026-06-18 14:55:00,GS001,Area Dasar Tambang,2.629,24.62,38.401,74.646
2026-06-18 15:00:00,GS001,Area Dasar Tambang,1.951,17.536,33.464,77.861
2026-06-18 15:05:00,GS001,Area Dasar Tambang,1.737,13.196,31.659,69.575
2026-06-18 15:10:00,GS001,Area Dasar Tambang,1.364,10.089,30.675,71.01
2026-06-18 15:15:00,GS001,Area Dasar Tambang,1.081,6.046,30.843,83.044
2026-06-18 15:20:00,GS001,Area Dasar Tambang,0.779,5.146,30.95,78.716
2026-06-18 15:25:00,GS001,Area Dasar Tambang,0.429,2.056,27.622,72.163
2026-06-18 15:30:00,GS001,Area Dasar Tambang,0.412,3.19,33.152,75.19
2026-06-18 15:35:00,GS001,Area Dasar Tambang,0.732,4.085,33.878,71.877
2026-06-18 15:40:00,GS001,Area Dasar Tambang,0.959,6.32,34.773,76.585
2026-06-18 15:45:00,GS001,Area Dasar Tambang,1.053,7.978,32.038,76.565
2026-06-18 15:50:00,GS001,Area Dasar Tambang,0.997,7.439,33.483,74.16
2026-06-18 15:55:00,GS001,Area Dasar Tambang,0.883,5.807,32.132,80.504
2026-06-18 16:00:00,GS001,Area Dasar Tambang,0.781,4.527,31.947,75.606
2026-06-18 16:05:00,GS001,Area Dasar Tambang,0.607,3.844,31.287,74.201
2026-06-18 16:10:00,GS001,Area Dasar Tambang,0.644,3.077,30.781,81.126
2026-06-18 16:15:00,GS001,Area Dasar Tambang,0.833,5.087,31.321,79.704
2026-06-18 16:20:00,GS001,Area Dasar Tambang,0.941,7.413,33.073,72.998
2026-06-18 16:25:00,GS001,Area Dasar Tambang,1.276,8.322,30.557,68.741
2026-06-18 16:30:00,GS001,Area Dasar Tambang,1.492,12.011,31.403,90.394
2026-06-18 16:35:00,GS001,Area Dasar Tambang,1.546,14.787,31.91,73.881
2026-06-18 16:40:00,GS001,Area Dasar Tambang,1.715,15.873,32.439,66.601
2026-06-18 16:45:00,GS001,Area Dasar Tambang,2.046,19.223,34.813,62.925
2026-06-18 16:50:00,GS001,Area Dasar Tambang,1.784,12.821,31.578,66.394
2026-06-18 16:55:00,GS001,Area Dasar Tambang,1.719,12.137,31.511,70.123
2026-06-18 17:00:00,GS001,Area Dasar Tambang,1.287,9.606,31.362,78.887
2026-06-18 17:05:00,GS001,Area Dasar Tambang,1.088,8.143,32.235,69.337
2026-06-18 17:10:00,GS001,Area Dasar Tambang,0.892,5.445,34.782,79.794
2026-06-18 17:15:00,GS001,Area Dasar Tambang,0.778,3.894,35.09,77.297
2026-06-18 17:20:00,GS001,Area Dasar Tambang,0.652,3.163,31.495,74.204
2026-06-18 17:25:00,GS001,Area Dasar Tambang,0.493,1.811,31.695,83.106
2026-06-18 17:30:00,GS001,Area Dasar Tambang,0.737,3.808,31.162,75.593
2026-06-18 17:35:00,GS001,Area Dasar Tambang,0.97,6.218,30.847,74.579
2026-06-18 17:40:00,GS001,Area Dasar Tambang,1.448,9.491,32.136,79.194
2026-06-18 17:45:00,GS001,Area Dasar Tambang,1.556,12.394,33.52,75.171
2026-06-18 17:50:00,GS001,Area Dasar Tambang,1.831,17.274,32.424,77.45
2026-06-18 17:55:00,GS001,Area Dasar Tambang,2.341,19.547,31.68,72.146
2026-06-18 18:00:00,GS001,Area Dasar Tambang,2.516,21.478,33.312,71.389
2026-06-18 18:05:00,GS001,Area Dasar Tambang,2.247,16.475,34.464,76.653
2026-06-18 18:10:00,GS001,Area Dasar Tambang,1.666,14.992,37.783,70.269
2026-06-18 18:15:00,GS001,Area Dasar Tambang,1.496,10.501,29.638,72.343
2026-06-18 18:20:00,GS001,Area Dasar Tambang,1.036,7.318,31.351,80.356
2026-06-18 18:25:00,GS001,Area Dasar Tambang,0.837,4.451,30.153,83.873
2026-06-18 18:30:00,GS001,Area Dasar Tambang,0.397,2.044,32.383,78.575
2026-06-18 18:35:00,GS001,Area Dasar Tambang,0.562,3.143,30.417,73.128
2026-06-18 18:40:00,GS001,Area Dasar Tambang,0.84,3.721,32.312,74.203
2026-06-18 18:45:00,GS001,Area Dasar Tambang,0.882,5.737,31.482,69.39
2026-06-18 18:50:00,GS001,Area Dasar Tambang,1.196,7.888,33.222,76.098
2026-06-18 18:55:00,GS001,Area Dasar Tambang,0.879,7.33,31.467,79.493
2026-06-18 19:00:00,GS001,Area Dasar Tambang,0.836,6.186,31.098,79.21
2026-06-18 19:05:00,GS001,Area Dasar Tambang,0.78,4.546,31.312,77.621
2026-06-18 19:10:00,GS001,Area Dasar Tambang,0.696,3.888,28.85,77.534
2026-06-18 19:15:00,GS001,Area Dasar Tambang,0.627,2.621,30.163,79.924
2026-06-18 19:20:00,GS001,Area Dasar Tambang,0.764,4.636,28.666,73.262
2026-06-18 19:25:00,GS001,Area Dasar Tambang,1.031,6.529,30.94,74.628
2026-06-18 19:30:00,GS001,Area Dasar Tambang,1.353,9.272,31.037,80.361
2026-06-18 19:35:00,GS001,Area Dasar Tambang,1.389,11.031,30.15,78.53
2026-06-18 19:40:00,GS001,Area Dasar Tambang,1.537,12.196,30.143,65.299
2026-06-18 19:45:00,GS001,Area Dasar Tambang,1.738,15.41,30.351,77.854
2026-06-18 19:50:00,GS001,Area Dasar Tambang,1.95,18.611,32.761,77.648
2026-06-18 19:55:00,GS001,Area Dasar Tambang,1.775,14.278,35.035,79.891
2026-06-18 20:00:00,GS001,Area Dasar Tambang,1.566,12.561,33.954,74.417
2026-06-18 20:05:00,GS001,Area Dasar Tambang,1.127,9.706,30.623,80.562
2026-06-18 20:10:00,GS001,Area Dasar Tambang,1.088,7.911,32.405,78.6
2026-06-18 20:15:00,GS001,Area Dasar Tambang,0.896,5.655,33.278,76.606
2026-06-18 20:20:00,GS001,Area Dasar Tambang,0.532,4.056,32.229,80.033
2026-06-18 20:25:00,GS001,Area Dasar Tambang,0.618,3.025,32.871,75.247
2026-06-18 20:30:00,GS001,Area Dasar Tambang,0.507,1.862,31.233,77.972
2026-06-18 20:35:00,GS001,Area Dasar Tambang,0.665,3.791,30.257,71.886
2026-06-18 20:40:00,GS001,Area Dasar Tambang,0.967,7.21,27.973,69.792
2026-06-18 20:45:00,GS001,Area Dasar Tambang,1.313,10.264,34.155,72.686
2026-06-18 20:50:00,GS001,Area Dasar Tambang,1.5,12.894,32.418,74.982
2026-06-18 20:55:00,GS001,Area Dasar Tambang,1.917,15.132,31.421,77.12
2026-06-18 21:00:00,GS001,Area Dasar Tambang,2.161,19.477,34.904,67.042
2026-06-18 21:05:00,GS001,Area Dasar Tambang,2.488,23.732,31.874,68.893
2026-06-18 21:10:00,GS001,Area Dasar Tambang,2.074,16.749,33.803,71.513
2026-06-18 21:15:00,GS001,Area Dasar Tambang,1.925,13.198,32.889,66.691
2026-06-18 21:20:00,GS001,Area Dasar Tambang,1.545,9.884,32.702,68.301
2026-06-18 21:25:00,GS001,Area Dasar Tambang,0.923,6.772,30.206,65.915
2026-06-18 21:30:00,GS001,Area Dasar Tambang,0.871,5.052,29.175,76.514
2026-06-18 21:35:00,GS001,Area Dasar Tambang,0.442,1.97,33.66,78.97
2026-06-18 21:40:00,GS001,Area Dasar Tambang,0.439,3.116,31.422,81.134
2026-06-18 21:45:00,GS001,Area Dasar Tambang,0.66,3.854,29.507,77.484
2026-06-18 21:50:00,GS001,Area Dasar Tambang,0.854,5.884,31.827,81.193
2026-06-18 21:55:00,GS001,Area Dasar Tambang,1.108,7.91,28.775,72.251
2026-06-18 22:00:00,GS001,Area Dasar Tambang,0.946,7.26,30.7,75.605
2026-06-18 22:05:00,GS001,Area Dasar Tambang,0.766,5.748,32.721,82.36
2026-06-18 22:10:00,GS001,Area Dasar Tambang,0.78,5.071,28.348,72.267
2026-06-18 22:15:00,GS001,Area Dasar Tambang,0.666,4.124,31.621,77.56
2026-06-18 22:20:00,GS001,Area Dasar Tambang,0.621,3.211,29.987,79.212
2026-06-18 22:25:00,GS001,Area Dasar Tambang,0.807,5.381,31.072,77.81
2026-06-18 22:30:00,GS001,Area Dasar Tambang,1.104,7.095,33.538,82.767
2026-06-18 22:35:00,GS001,Area Dasar Tambang,1.312,9.718,28.663,76.499
2026-06-18 22:40:00,GS001,Area Dasar Tambang,1.306,10.819,31.049,76.199
2026-06-18 22:45:00,GS001,Area Dasar Tambang,1.666,14.125,31.66,76.484
2026-06-18 22:50:00,GS001,Area Dasar Tambang,2.033,15.788,33.158,72.926
2026-06-18 22:55:00,GS001,Area Dasar Tambang,2.134,17.06,30.675,73.629
2026-06-18 23:00:00,GS001,Area Dasar Tambang,1.65,14.134,30.192,68.984
2026-06-18 23:05:00,GS001,Area Dasar Tambang,1.479,12.71,33.179,69.874
2026-06-18 23:10:00,GS001,Area Dasar Tambang,1.283,9.272,30.516,79.398
2026-06-18 23:15:00,GS001,Area Dasar Tambang,1.093,7.74,31.054,71.754
2026-06-18 23:20:00,GS001,Area Dasar Tambang,0.952,6.499,35.029,72.549
2026-06-18 23:25:00,GS001,Area Dasar Tambang,0.795,3.994,29.674,70.483
2026-06-18 23:30:00,GS001,Area Dasar Tambang,0.7,2.99,28.9,74.567
2026-06-18 23:35:00,GS001,Area Dasar Tambang,0.413,1.961,34.774,80.74
2026-06-18 23:40:00,GS001,Area Dasar Tambang,0.659,3.866,29.455,77.709
2026-06-18 23:45:00,GS001,Area Dasar Tambang,0.98,7.405,32.235,76.86
2026-06-18 23:50:00,GS001,Area Dasar Tambang,1.255,9.965,28.628,71.879
2026-06-18 23:55:00,GS001,Area Dasar Tambang,1.635,12.934,34.768,68.034
2026-06-19 00:00:00,GS001,Area Dasar Tambang,1.813,16.909,33.754,74.024
2026-06-19 00:05:00,GS001,Area Dasar Tambang,2.366,19.842,32.919,68.955
2026-06-19 00:10:00,GS001,Area Dasar Tambang,2.563,24.985,31.753,74.065
2026-06-19 00:15:00,GS001,Area Dasar Tambang,2.157,17.016,34.346,67.615
2026-06-19 00:20:00,GS001,Area Dasar Tambang,1.745,14.499,31.979,69.449
2026-06-19 00:25:00,GS001,Area Dasar Tambang,1.395,9.989,29.805,78.814
2026-06-19 00:30:00,GS001,Area Dasar Tambang,0.972,6.712,33.434,70.36
2026-06-19 00:35:00,GS001,Area Dasar Tambang,0.71,5.648,33.718,69.36
2026-06-19 00:40:00,GS001,Area Dasar Tambang,0.325,1.955,30.25,78.422
2026-06-19 00:45:00,GS001,Area Dasar Tambang,0.586,3.122,31.625,75.633
2026-06-19 00:50:00,GS001,Area Dasar Tambang,0.693,4.233,31.28,72.522
2026-06-19 00:55:00,GS001,Area Dasar Tambang,0.884,5.926,30.966,76.515
2026-06-19 01:00:00,GS001,Area Dasar Tambang,1.094,7.537,33.853,74.738
2026-06-19 01:05:00,GS001,Area Dasar Tambang,0.999,7.365,30.557,69.589
2026-06-19 01:10:00,GS001,Area Dasar Tambang,0.953,5.392,32.609,74.775
2026-06-19 01:15:00,GS001,Area Dasar Tambang,0.897,4.833,28.611,71.614
2026-06-19 01:20:00,GS001,Area Dasar Tambang,0.66,3.901,28.094,73.71
2026-06-19 01:25:00,GS001,Area Dasar Tambang,0.612,3.324,31.93,76.489
2026-06-19 01:30:00,GS001,Area Dasar Tambang,0.822,5.362,31.82,83.386
2026-06-19 01:35:00,GS001,Area Dasar Tambang,1.034,6.762,31.494,69.381
2026-06-19 01:40:00,GS001,Area Dasar Tambang,1.206,9.102,33.486,64.108
2026-06-19 01:45:00,GS001,Area Dasar Tambang,1.416,12.229,32.419,70.491
2026-06-19 01:50:00,GS001,Area Dasar Tambang,1.467,15.013,30.651,78.05
2026-06-19 01:55:00,GS001,Area Dasar Tambang,1.797,14.206,29.191,74.477
2026-06-19 02:00:00,GS001,Area Dasar Tambang,2.141,18.653,30.87,78.635
2026-06-19 02:05:00,GS001,Area Dasar Tambang,1.683,14.22,29.731,77.367
2026-06-19 02:10:00,GS001,Area Dasar Tambang,1.576,13.622,29.413,67.768
2026-06-19 02:15:00,GS001,Area Dasar Tambang,1.292,10.227,28.507,73.62
2026-06-19 02:20:00,GS001,Area Dasar Tambang,1.109,7.951,32.746,66.058
2026-06-19 02:25:00,GS001,Area Dasar Tambang,0.807,6.155,28.945,78.612
2026-06-19 02:30:00,GS001,Area Dasar Tambang,0.695,3.887,31.259,74.297
2026-06-19 02:35:00,GS001,Area Dasar Tambang,0.555,2.823,32.367,79.118
2026-06-19 02:40:00,GS001,Area Dasar Tambang,0.529,2.145,30.669,73.2
2026-06-19 02:45:00,GS001,Area Dasar Tambang,0.803,4.162,31.093,79.395
2026-06-19 02:50:00,GS001,Area Dasar Tambang,1.017,6.173,31.673,73.626
2026-06-19 02:55:00,GS001,Area Dasar Tambang,1.247,10.6,32.85,67.467
2026-06-19 03:00:00,GS001,Area Dasar Tambang,1.551,14.031,31.986,72.387
2026-06-19 03:05:00,GS001,Area Dasar Tambang,1.932,16.45,35.404,74.182
2026-06-19 03:10:00,GS001,Area Dasar Tambang,2.338,21.565,32.841,67.684
2026-06-19 03:15:00,GS001,Area Dasar Tambang,2.601,25.342,30.708,71.978
2026-06-19 03:20:00,GS001,Area Dasar Tambang,2.065,19.956,32.348,66.803
2026-06-19 03:25:00,GS001,Area Dasar Tambang,1.723,13.766,32.987,75.027
2026-06-19 03:30:00,GS001,Area Dasar Tambang,1.356,9.421,30.849,76.542
2026-06-19 03:35:00,GS001,Area Dasar Tambang,0.954,7.259,34.207,79.693
2026-06-19 03:40:00,GS001,Area Dasar Tambang,0.824,4.579,31.32,82.087
2026-06-19 03:45:00,GS001,Area Dasar Tambang,0.328,2.21,28.833,72.819
2026-06-19 03:50:00,GS001,Area Dasar Tambang,0.515,2.977,31.712,81.116
2026-06-19 03:55:00,GS001,Area Dasar Tambang,0.603,4.036,31.449,80.453
2026-06-19 04:00:00,GS001,Area Dasar Tambang,0.998,6.928,32.179,76.942
2026-06-19 04:05:00,GS001,Area Dasar Tambang,1.082,7.874,34.977,70.018
2026-06-19 04:10:00,GS001,Area Dasar Tambang,1.021,7.001,29.262,71.953
2026-06-19 04:15:00,GS001,Area Dasar Tambang,0.906,6.218,30.934,71.326
2026-06-19 04:20:00,GS001,Area Dasar Tambang,0.781,4.945,29.402,75.588
2026-06-19 04:25:00,GS001,Area Dasar Tambang,0.684,3.888,32.711,76.725
2026-06-19 04:30:00,GS001,Area Dasar Tambang,0.495,2.807,30.106,72.604
2026-06-19 04:35:00,GS001,Area Dasar Tambang,0.782,5.488,32.926,76.674
2026-06-19 04:40:00,GS001,Area Dasar Tambang,1.011,7.119,31.039,80.939
2026-06-19 04:45:00,GS001,Area Dasar Tambang,1.236,8.748,32.382,76.894
2026-06-19 04:50:00,GS001,Area Dasar Tambang,1.398,12.041,33.529,74.927
2026-06-19 04:55:00,GS001,Area Dasar Tambang,1.766,12.631,31.501,69.056
2026-06-19 05:00:00,GS001,Area Dasar Tambang,1.801,17.177,33.586,72.865
2026-06-19 05:05:00,GS001,Area Dasar Tambang,1.693,16.153,31.86,77.509
2026-06-19 05:10:00,GS001,Area Dasar Tambang,1.932,13.626,31.876,76.84
2026-06-19 05:15:00,GS001,Area Dasar Tambang,1.522,11.687,32.274,76.206
2026-06-19 05:20:00,GS001,Area Dasar Tambang,0.421,2.076,30.845,78.331
2026-06-19 05:25:00,GS001,Area Dasar Tambang,0.556,2.92,30.048,75.527
2026-06-19 05:30:00,GS001,Area Dasar Tambang,0.701,3.742,32.112,76.494
2026-06-19 05:35:00,GS001,Area Dasar Tambang,0.934,5.491,32.477,80.064
2026-06-19 05:40:00,GS001,Area Dasar Tambang,1.119,8.01,32.694,78.814
2026-06-19 05:45:00,GS001,Area Dasar Tambang,1.021,7.167,33.588,77.283
2026-06-19 05:50:00,GS001,Area Dasar Tambang,0.868,6.304,31.245,76.101
2026-06-19 05:55:00,GS001,Area Dasar Tambang,0.804,5.194,33.49,76.074
2026-06-19 06:00:00,GS001,Area Dasar Tambang,0.769,4.026,32.95,77.611
2026-06-19 06:05:00,GS001,Area Dasar Tambang,0.58,3.231,30.369,74.983
2026-06-19 06:10:00,GS001,Area Dasar Tambang,0.75,5.253,33.182,77.134
2026-06-19 06:15:00,GS001,Area Dasar Tambang,0.961,6.998,31.119,71.909
2026-06-19 06:20:00,GS001,Area Dasar Tambang,1.177,9.182,31.03,74.864
2026-06-19 06:25:00,GS001,Area Dasar Tambang,1.301,11.739,31.499,76.576
2026-06-19 06:30:00,GS001,Area Dasar Tambang,1.612,13.209,30.742,70.779
2026-06-19 06:35:00,GS001,Area Dasar Tambang,1.747,15.015,34.224,73.248
2026-06-19 06:40:00,GS001,Area Dasar Tambang,1.928,18.063,32.694,70.004
2026-06-19 06:45:00,GS001,Area Dasar Tambang,1.699,14.428,31.467,71.004
2026-06-19 06:50:00,GS001,Area Dasar Tambang,1.559,12.225,33.847,77.193
2026-06-19 06:55:00,GS001,Area Dasar Tambang,1.229,10.115,31.35,70.452
2026-06-19 07:00:00,GS001,Area Dasar Tambang,1.065,7.904,31.425,73.179
2026-06-19 07:05:00,GS001,Area Dasar Tambang,0.899,6.587,29.326,79.457
2026-06-19 07:10:00,GS001,Area Dasar Tambang,0.699,3.93,28.773,79.349
2026-06-19 07:15:00,GS001,Area Dasar Tambang,0.542,3.099,33.266,73.049
2026-06-19 07:20:00,GS001,Area Dasar Tambang,0.547,2.002,28.403,74.241
2026-06-19 07:25:00,GS001,Area Dasar Tambang,0.707,4.064,29.227,77.098
2026-06-19 07:30:00,GS001,Area Dasar Tambang,1.033,7.28,30.98,77.333
2026-06-19 07:35:00,GS001,Area Dasar Tambang,1.356,10.341,33.037,75.341
2026-06-19 07:40:00,GS001,Area Dasar Tambang,1.594,13.141,31.313,77.292
2026-06-19 07:45:00,GS001,Area Dasar Tambang,1.784,15.677,32.653,74.371
2026-06-19 07:50:00,GS001,Area Dasar Tambang,2.258,21.191,33.103,69.932
2026-06-19 07:55:00,GS001,Area Dasar Tambang,2.485,23.693,34.095,67.97
2026-06-19 08:00:00,GS001,Area Dasar Tambang,2.085,19.168,33.237,68.968
2026-06-19 08:05:00,GS001,Area Dasar Tambang,1.776,12.75,32.523,77.811
2026-06-19 08:10:00,GS001,Area Dasar Tambang,1.334,9.418,31.359,76.727
2026-06-19 08:15:00,GS001,Area Dasar Tambang,1.068,7.125,30.164,74.933
2026-06-19 08:20:00,GS001,Area Dasar Tambang,0.872,4.938,31.677,76.731
2026-06-19 08:25:00,GS001,Area Dasar Tambang,0.316,2.169,32.62,71.407
2026-06-19 08:30:00,GS001,Area Dasar Tambang,0.472,2.75,31.969,75.127
2026-06-19 08:35:00,GS001,Area Dasar Tambang,0.697,4.04,30.312,80.129
2026-06-19 08:40:00,GS001,Area Dasar Tambang,0.933,5.296,33.325,67.314
2026-06-19 08:45:00,GS001,Area Dasar Tambang,1.064,8.184,33.546,69.351
2026-06-19 08:50:00,GS001,Area Dasar Tambang,1.011,7.088,30.021,83.98
2026-06-19 08:55:00,GS001,Area Dasar Tambang,0.884,5.561,30.141,72.852
2026-06-19 09:00:00,GS001,Area Dasar Tambang,0.848,5.138,28.658,80.619
2026-06-19 09:05:00,GS001,Area Dasar Tambang,0.657,4.103,30.496,84.715
2026-06-19 09:10:00,GS001,Area Dasar Tambang,0.655,3.082,30.676,73.672
2026-06-19 09:15:00,GS001,Area Dasar Tambang,0.673,4.831,30.011,66.095
2026-06-19 09:20:00,GS001,Area Dasar Tambang,0.922,6.512,31.501,71.56
2026-06-19 09:25:00,GS001,Area Dasar Tambang,1.2,9.96,33.337,81.222
2026-06-19 09:30:00,GS001,Area Dasar Tambang,1.437,11.026,31.682,71.143
2026-06-19 09:35:00,GS001,Area Dasar Tambang,1.762,11.933,33.674,70.804
2026-06-19 09:40:00,GS001,Area Dasar Tambang,1.828,14.144,30.446,70.525
2026-06-19 09:45:00,GS001,Area Dasar Tambang,2.042,17.834,35.249,69.127
2026-06-19 09:50:00,GS001,Area Dasar Tambang,1.6,14.593,32.966,71.652
2026-06-19 09:55:00,GS001,Area Dasar Tambang,1.515,13.636,30.59,73.832
2026-06-19 10:00:00,GS001,Area Dasar Tambang,1.148,10.601,33.437,74.456
2026-06-19 10:05:00,GS001,Area Dasar Tambang,1.155,8.464,32.159,73.837
2026-06-19 10:10:00,GS001,Area Dasar Tambang,0.869,5.822,31.298,72.635
2026-06-19 10:15:00,GS001,Area Dasar Tambang,0.704,3.769,33.517,78.314
2026-06-19 10:20:00,GS001,Area Dasar Tambang,0.594,3.275,31.236,77.811
2026-06-19 10:25:00,GS001,Area Dasar Tambang,0.513,2.11,30.713,89.152
2026-06-19 10:30:00,GS001,Area Dasar Tambang,0.673,4.063,32.044,80.522
2026-06-19 10:35:00,GS001,Area Dasar Tambang,0.983,7.039,31.471,75.404
2026-06-19 10:40:00,GS001,Area Dasar Tambang,1.423,10.764,30.413,85.281
2026-06-19 10:45:00,GS001,Area Dasar Tambang,1.599,12.218,33.974,78.034
2026-06-19 10:50:00,GS001,Area Dasar Tambang,1.816,14.661,31.158,76.582
2026-06-19 10:55:00,GS001,Area Dasar Tambang,2.074,19.793,32.737,69.586
2026-06-19 11:00:00,GS001,Area Dasar Tambang,2.272,22.773,33.125,63.598
2026-06-19 11:05:00,GS001,Area Dasar Tambang,2.151,18.089,36.025,71.044
2026-06-19 11:10:00,GS001,Area Dasar Tambang,1.769,14.035,33.608,74.606
2026-06-19 11:15:00,GS001,Area Dasar Tambang,1.358,11.429,29.321,76.35
2026-06-19 11:20:00,GS001,Area Dasar Tambang,1.08,7.087,34.007,71.542
2026-06-19 11:25:00,GS001,Area Dasar Tambang,0.745,4.974,32.076,87.159
2026-06-19 11:30:00,GS001,Area Dasar Tambang,0.386,2.015,32.436,74.501
2026-06-19 11:35:00,GS001,Area Dasar Tambang,0.605,3.129,31.989,76.538
2026-06-19 11:40:00,GS001,Area Dasar Tambang,0.663,3.638,29.274,68.767
2026-06-19 11:45:00,GS001,Area Dasar Tambang,0.858,6.396,31.361,79.497
2026-06-19 11:50:00,GS001,Area Dasar Tambang,1.106,7.86,36.824,77.953
2026-06-19 11:55:00,GS001,Area Dasar Tambang,1.121,6.83,31.379,67.273
2026-06-19 12:00:00,GS001,Area Dasar Tambang,0.808,5.798,35.242,70.093
2026-06-19 12:05:00,GS001,Area Dasar Tambang,0.79,4.72,29.212,70.581
2026-06-19 12:10:00,GS001,Area Dasar Tambang,0.753,3.771,29.615,71.767
2026-06-19 12:15:00,GS001,Area Dasar Tambang,0.621,3.057,30.239,74.047
2026-06-19 12:20:00,GS001,Area Dasar Tambang,0.814,5.537,31.972,75.233
2026-06-19 12:25:00,GS001,Area Dasar Tambang,1.008,7.127,32.744,78.245
2026-06-19 12:30:00,GS001,Area Dasar Tambang,1.164,9.093,30.641,83.268
2026-06-19 12:35:00,GS001,Area Dasar Tambang,1.385,10.369,29.613,76.129
2026-06-19 12:40:00,GS001,Area Dasar Tambang,1.607,12.41,34.47,70.412
2026-06-19 12:45:00,GS001,Area Dasar Tambang,1.712,15.973,32.698,73.819
2026-06-19 12:50:00,GS001,Area Dasar Tambang,1.951,18.52,32.804,72.954
2026-06-19 12:55:00,GS001,Area Dasar Tambang,1.615,14.302,29.827,76.054
2026-06-19 13:00:00,GS001,Area Dasar Tambang,1.522,12.213,30.41,70.419
2026-06-19 13:05:00,GS001,Area Dasar Tambang,1.276,10.154,35.627,73.331
2026-06-19 13:10:00,GS001,Area Dasar Tambang,1.077,8.955,32.35,79.972
2026-06-19 13:15:00,GS001,Area Dasar Tambang,0.902,6.14,30.28,74.053
2026-06-19 13:20:00,GS001,Area Dasar Tambang,0.749,4.421,29.118,84.859
2026-06-19 13:25:00,GS001,Area Dasar Tambang,0.597,2.988,36.327,69.908
2026-06-19 13:30:00,GS001,Area Dasar Tambang,0.504,2.044,29.009,76.41
2026-06-19 13:35:00,GS001,Area Dasar Tambang,0.751,3.738,31.642,82.496
2026-06-19 13:40:00,GS001,Area Dasar Tambang,0.982,6.85,31.446,79.267
2026-06-19 13:45:00,GS001,Area Dasar Tambang,1.28,9.452,32.811,68.286
2026-06-19 13:50:00,GS001,Area Dasar Tambang,1.603,11.268,34.474,77.262
2026-06-19 13:55:00,GS001,Area Dasar Tambang,1.884,15.969,35.785,69.749
2026-06-19 14:00:00,GS001,Area Dasar Tambang,2.165,18.64,32.012,69.619
2026-06-19 14:05:00,GS001,Area Dasar Tambang,2.492,21.931,34.059,73.759
2026-06-19 14:10:00,GS001,Area Dasar Tambang,2.186,18.668,36.017,71.401
2026-06-19 14:15:00,GS001,Area Dasar Tambang,1.887,13.657,30.383,66.044
2026-06-19 14:20:00,GS001,Area Dasar Tambang,1.287,10.193,33.544,68.128
2026-06-19 14:25:00,GS001,Area Dasar Tambang,1.084,7.134,32.773,72.616
2026-06-19 14:30:00,GS001,Area Dasar Tambang,0.759,5.286,33.296,76.389
2026-06-19 14:35:00,GS001,Area Dasar Tambang,0.393,1.968,29.353,73.894
2026-06-19 14:40:00,GS001,Area Dasar Tambang,0.507,3.082,31.954,76.767
2026-06-19 14:45:00,GS001,Area Dasar Tambang,0.717,4.262,29.612,82.787
2026-06-19 14:50:00,GS001,Area Dasar Tambang,0.94,5.723,30.858,76.802
2026-06-19 14:55:00,GS001,Area Dasar Tambang,1.176,8.257,32.402,74.418
2026-06-19 15:00:00,GS001,Area Dasar Tambang,1.028,7.146,32.673,69.307
2026-06-19 15:05:00,GS001,Area Dasar Tambang,0.908,5.49,31.638,76.942
2026-06-19 15:10:00,GS001,Area Dasar Tambang,0.765,5.514,32.144,76.08
2026-06-19 15:15:00,GS001,Area Dasar Tambang,0.805,3.807,30.789,70.094
2026-06-19 15:20:00,GS001,Area Dasar Tambang,0.55,3.182,31.395,73.493
2026-06-19 15:25:00,GS001,Area Dasar Tambang,0.758,5.293,26.616,75.189
2026-06-19 15:30:00,GS001,Area Dasar Tambang,1.058,6.771,30.339,78.173
2026-06-19 15:35:00,GS001,Area Dasar Tambang,1.248,8.566,28.049,71.663
2026-06-19 15:40:00,GS001,Area Dasar Tambang,1.34,11.177,32.098,78.346
2026-06-19 15:45:00,GS001,Area Dasar Tambang,1.718,12.212,33.612,72.372
2026-06-19 15:50:00,GS001,Area Dasar Tambang,1.85,16.328,32.665,75.567
2026-06-19 15:55:00,GS001,Area Dasar Tambang,1.718,17.908,30.713,67.026
2026-06-19 16:00:00,GS001,Area Dasar Tambang,1.643,14.588,33.66,78.38
2026-06-19 16:05:00,GS001,Area Dasar Tambang,1.384,12.145,32.947,71.74
2026-06-19 16:10:00,GS001,Area Dasar Tambang,1.341,10.819,30.808,58.574
2026-06-19 16:15:00,GS001,Area Dasar Tambang,1.061,7.983,32.737,67.534
2026-06-19 16:20:00,GS001,Area Dasar Tambang,0.907,6.651,32.868,76.196
2026-06-19 16:25:00,GS001,Area Dasar Tambang,0.748,4.19,33.639,79.534
2026-06-19 16:30:00,GS001,Area Dasar Tambang,0.66,2.777,30.49,80.671
2026-06-19 16:35:00,GS001,Area Dasar Tambang,0.476,2.039,32.068,79.35
2026-06-19 16:40:00,GS001,Area Dasar Tambang,0.797,3.854,31.962,72.724
2026-06-19 16:45:00,GS001,Area Dasar Tambang,0.965,6.693,26.825,75.155
2026-06-19 16:50:00,GS001,Area Dasar Tambang,1.281,9.252,35.093,79.684
2026-06-19 16:55:00,GS001,Area Dasar Tambang,1.686,13.082,33.202,73.283
2026-06-19 17:00:00,GS001,Area Dasar Tambang,2.098,16.096,30.443,77.622
2026-06-19 17:05:00,GS001,Area Dasar Tambang,2.258,20.813,31.987,71.213
2026-06-19 17:10:00,GS001,Area Dasar Tambang,2.633,25.59,35.21,73.577
2026-06-19 17:15:00,GS001,Area Dasar Tambang,1.911,19.257,30.265,76.484
2026-06-19 17:20:00,GS001,Area Dasar Tambang,1.877,14.328,30.045,68.477
2026-06-19 17:25:00,GS001,Area Dasar Tambang,1.448,10.357,32.742,74.047
2026-06-19 17:30:00,GS001,Area Dasar Tambang,1.103,7.063,33.466,72.442
2026-06-19 17:35:00,GS001,Area Dasar Tambang,0.86,5.528,27.172,75.9
2026-06-19 17:40:00,GS001,Area Dasar Tambang,0.447,1.961,29.4,77.406
2026-06-19 17:45:00,GS001,Area Dasar Tambang,0.539,2.914,33.019,81.013
2026-06-19 17:50:00,GS001,Area Dasar Tambang,0.66,3.944,29.031,65.646
2026-06-19 17:55:00,GS001,Area Dasar Tambang,0.936,6.272,32.481,80.686
2026-06-19 18:00:00,GS001,Area Dasar Tambang,1.174,7.756,29.476,77.934
2026-06-19 18:05:00,GS001,Area Dasar Tambang,1.049,7.616,31.508,69.997
2026-06-19 18:10:00,GS001,Area Dasar Tambang,0.864,6.176,30.143,72.587
2026-06-19 18:15:00,GS001,Area Dasar Tambang,0.803,5.382,32.295,69.093
2026-06-19 18:20:00,GS001,Area Dasar Tambang,0.696,3.679,29.34,77.724
2026-06-19 18:25:00,GS001,Area Dasar Tambang,0.621,2.985,29.491,74.883
2026-06-19 18:30:00,GS001,Area Dasar Tambang,0.856,5.046,26.631,81.254
2026-06-19 18:35:00,GS001,Area Dasar Tambang,1.056,6.838,28.444,77.216
2026-06-19 18:40:00,GS001,Area Dasar Tambang,1.097,8.77,29.803,67.631
2026-06-19 18:45:00,GS001,Area Dasar Tambang,1.449,10.943,33.984,76.867
2026-06-19 18:50:00,GS001,Area Dasar Tambang,1.608,12.936,32.278,71.169
2026-06-19 18:55:00,GS001,Area Dasar Tambang,1.694,13.751,33.431,72.228
2026-06-19 19:00:00,GS001,Area Dasar Tambang,1.713,17.814,32.317,73.693
2026-06-19 19:05:00,GS001,Area Dasar Tambang,1.54,13.426,30.356,75.913
2026-06-19 19:10:00,GS001,Area Dasar Tambang,1.55,10.482,34.08,67.647
2026-06-19 19:15:00,GS001,Area Dasar Tambang,1.134,10.094,35.345,69.288
2026-06-19 19:20:00,GS001,Area Dasar Tambang,1.073,8.372,35.828,71.683
2026-06-19 19:25:00,GS001,Area Dasar Tambang,0.897,6.266,29.611,82.437
2026-06-19 19:30:00,GS001,Area Dasar Tambang,0.663,3.959,30.955,71.678
2026-06-19 19:35:00,GS001,Area Dasar Tambang,0.521,3.179,34.456,71.111
2026-06-19 19:40:00,GS001,Area Dasar Tambang,0.526,2.116,28.351,78.793
2026-06-19 19:45:00,GS001,Area Dasar Tambang,0.71,4.753,32.762,72.804
2026-06-19 19:50:00,GS001,Area Dasar Tambang,0.971,7.453,31.497,78.495
2026-06-19 19:55:00,GS001,Area Dasar Tambang,1.272,9.949,30.458,77.145
2026-06-19 20:00:00,GS001,Area Dasar Tambang,1.662,13.65,30.455,67.469
2026-06-19 20:05:00,GS001,Area Dasar Tambang,1.814,15.099,30.997,74.881
2026-06-19 20:10:00,GS001,Area Dasar Tambang,2.275,19.244,33.327,82.03
2026-06-19 20:15:00,GS001,Area Dasar Tambang,2.693,23.72,32.669,64.977
2026-06-19 20:20:00,GS001,Area Dasar Tambang,2.194,19.337,33.392,74.127
2026-06-19 20:25:00,GS001,Area Dasar Tambang,1.677,13.555,34.024,70.358
2026-06-19 20:30:00,GS001,Area Dasar Tambang,1.534,9.353,33.154,77.805
2026-06-19 20:35:00,GS001,Area Dasar Tambang,1.011,7.06,33.102,83.035
2026-06-19 20:40:00,GS001,Area Dasar Tambang,0.851,5.104,34.493,75.845
2026-06-19 20:45:00,GS001,Area Dasar Tambang,0.351,1.883,33.11,83.538
2026-06-19 20:50:00,GS001,Area Dasar Tambang,0.553,2.94,29.604,77.457
2026-06-19 20:55:00,GS001,Area Dasar Tambang,0.708,3.972,34.453,75.241
2026-06-19 21:00:00,GS001,Area Dasar Tambang,0.979,6.566,34.403,78.437
2026-06-19 21:05:00,GS001,Area Dasar Tambang,1.133,8.486,30.537,83.159
2026-06-19 21:10:00,GS001,Area Dasar Tambang,1.003,6.693,31.315,72.782
2026-06-19 21:15:00,GS001,Area Dasar Tambang,0.894,6.177,32.9,72.884
2026-06-19 21:20:00,GS001,Area Dasar Tambang,0.779,5.289,29.728,71.245
2026-06-19 21:25:00,GS001,Area Dasar Tambang,0.831,4.336,30.367,81.898
2026-06-19 21:30:00,GS001,Area Dasar Tambang,0.629,2.816,30.756,75.283
2026-06-19 21:35:00,GS001,Area Dasar Tambang,0.823,4.977,30.295,76.495
2026-06-19 21:40:00,GS001,Area Dasar Tambang,0.922,6.313,33.585,82.441
2026-06-19 21:45:00,GS001,Area Dasar Tambang,1.314,9.398,30.774,74.292
2026-06-19 21:50:00,GS001,Area Dasar Tambang,1.439,10.68,32.122,86.157
2026-06-19 21:55:00,GS001,Area Dasar Tambang,1.502,14.468,28.683,73.985
2026-06-19 22:00:00,GS001,Area Dasar Tambang,1.791,13.208,34.064,75.247
2026-06-19 22:05:00,GS001,Area Dasar Tambang,1.993,18.91,32.047,76.667
2026-06-19 22:10:00,GS001,Area Dasar Tambang,1.775,13.894,34.415,75.359
2026-06-19 22:15:00,GS001,Area Dasar Tambang,1.56,12.018,34.262,70.507
2026-06-19 22:20:00,GS001,Area Dasar Tambang,1.181,9.541,37.476,78.537
2026-06-19 22:25:00,GS001,Area Dasar Tambang,1.072,8.038,31.347,73.842
2026-06-19 22:30:00,GS001,Area Dasar Tambang,0.908,6.003,33.453,78.114
2026-06-19 22:35:00,GS001,Area Dasar Tambang,0.635,4.162,30.621,78.029
2026-06-19 22:40:00,GS001,Area Dasar Tambang,0.64,2.928,30.257,81.233
2026-06-19 22:45:00,GS001,Area Dasar Tambang,0.575,2.119,29.963,86.099
2026-06-19 22:50:00,GS001,Area Dasar Tambang,0.715,4.291,29.7,78.275
2026-06-19 22:55:00,GS001,Area Dasar Tambang,0.993,6.852,29.408,80.719
2026-06-19 23:00:00,GS001,Area Dasar Tambang,1.394,9.801,31.746,75.378
2026-06-19 23:05:00,GS001,Area Dasar Tambang,1.691,13.402,32.104,68.707
2026-06-19 23:10:00,GS001,Area Dasar Tambang,2.083,16.06,30.839,70.525
2026-06-19 23:15:00,GS001,Area Dasar Tambang,2.134,20.055,31.767,65.085
2026-06-19 23:20:00,GS001,Area Dasar Tambang,2.422,25.986,34.314,77.011
2026-06-19 23:25:00,GS001,Area Dasar Tambang,2.136,17.827,36.378,73.03
2026-06-19 23:30:00,GS001,Area Dasar Tambang,1.794,13.233,35.357,73.41
2026-06-19 23:35:00,GS001,Area Dasar Tambang,1.393,9.808,32.794,68.372
2026-06-19 23:40:00,GS001,Area Dasar Tambang,0.978,7.104,34.253,82.062
2026-06-19 23:45:00,GS001,Area Dasar Tambang,0.741,4.659,31.075,71.057
2026-06-19 23:50:00,GS001,Area Dasar Tambang,0.487,2.1,28.426,80.147
2026-06-19 23:55:00,GS001,Area Dasar Tambang,0.609,2.787,31.673,70.412
2026-06-20 00:00:00,GS001,Area Dasar Tambang,0.709,4.386,29.899,65.387
2026-06-20 00:05:00,GS001,Area Dasar Tambang,0.894,5.862,32.155,68.223
2026-06-20 00:10:00,GS001,Area Dasar Tambang,1.055,8.011,29.837,76.304
2026-06-20 00:15:00,GS001,Area Dasar Tambang,0.907,7.03,28.556,69.853
2026-06-20 00:20:00,GS001,Area Dasar Tambang,0.921,6.176,30.324,73.074
2026-06-20 00:25:00,GS001,Area Dasar Tambang,0.79,4.618,32.036,80.099
2026-06-20 00:30:00,GS001,Area Dasar Tambang,0.664,4.241,29.578,72.8
2026-06-20 00:35:00,GS001,Area Dasar Tambang,0.642,3.076,28.771,77.924
2026-06-20 00:40:00,GS001,Area Dasar Tambang,0.804,4.761,31.911,72.225
2026-06-20 00:45:00,GS001,Area Dasar Tambang,0.985,7.114,28.663,77.535
2026-06-20 00:50:00,GS001,Area Dasar Tambang,1.285,7.861,26.26,67.181
2026-06-20 00:55:00,GS001,Area Dasar Tambang,1.429,11.226,31.547,78.849
2026-06-20 01:00:00,GS001,Area Dasar Tambang,1.673,13.806,33.949,74.294
2026-06-20 01:05:00,GS001,Area Dasar Tambang,1.898,14.594,33.133,77.89
2026-06-20 01:10:00,GS001,Area Dasar Tambang,1.91,17.774,34.045,66.415
2026-06-20 01:15:00,GS001,Area Dasar Tambang,1.688,14.476,32.079,76.958
2026-06-20 01:20:00,GS001,Area Dasar Tambang,1.448,11.786,31.896,69.727
2026-06-20 01:25:00,GS001,Area Dasar Tambang,1.298,10.597,31.971,66.582
2026-06-20 01:30:00,GS001,Area Dasar Tambang,1.126,7.848,31.445,80.187
2026-06-20 01:35:00,GS001,Area Dasar Tambang,0.919,5.908,32.382,79.547
2026-06-20 01:40:00,GS001,Area Dasar Tambang,0.753,4.017,28.748,72.415
2026-06-20 01:45:00,GS001,Area Dasar Tambang,0.597,2.962,30.702,74.389
2026-06-20 01:50:00,GS001,Area Dasar Tambang,0.455,1.935,34.105,86.571
2026-06-20 01:55:00,GS001,Area Dasar Tambang,0.624,4.246,30.422,72.599
2026-06-20 02:00:00,GS001,Area Dasar Tambang,1.04,7.115,33.402,76.12
2026-06-20 02:05:00,GS001,Area Dasar Tambang,1.25,9.749,32.511,76.048
2026-06-20 02:10:00,GS001,Area Dasar Tambang,1.556,13.688,34.195,69.713
2026-06-20 02:15:00,GS001,Area Dasar Tambang,1.949,15.406,32.761,75.385
2026-06-20 02:20:00,GS001,Area Dasar Tambang,2.116,18.775,30.52,71.127
2026-06-20 02:25:00,GS001,Area Dasar Tambang,2.522,22.556,30.129,76.267
2026-06-20 02:30:00,GS001,Area Dasar Tambang,2.088,19.375,32.554,73.665
2026-06-20 02:35:00,GS001,Area Dasar Tambang,1.729,13.995,31.404,80.617
2026-06-20 02:40:00,GS001,Area Dasar Tambang,1.501,9.544,31.887,70.111
2026-06-20 02:45:00,GS001,Area Dasar Tambang,1.122,6.791,34.038,77.645
2026-06-20 02:50:00,GS001,Area Dasar Tambang,0.863,5.101,32.213,71.473
2026-06-20 02:55:00,GS001,Area Dasar Tambang,0.314,2.048,34.003,85.183
2026-06-20 03:00:00,GS001,Area Dasar Tambang,0.41,2.995,31.039,76.738
2026-06-20 03:05:00,GS001,Area Dasar Tambang,0.702,4.02,31.068,75.119
2026-06-20 03:10:00,GS001,Area Dasar Tambang,0.923,6.514,33.398,74.335
2026-06-20 03:15:00,GS001,Area Dasar Tambang,1.056,7.852,34.51,66.342
2026-06-20 03:20:00,GS001,Area Dasar Tambang,1.016,6.33,30.65,70.792
2026-06-20 03:25:00,GS001,Area Dasar Tambang,0.867,5.713,30.408,74.113
2026-06-20 03:30:00,GS001,Area Dasar Tambang,0.645,4.784,33.28,79.026
2026-06-20 03:35:00,GS001,Area Dasar Tambang,0.609,4.206,31.225,72.112
2026-06-20 03:40:00,GS001,Area Dasar Tambang,0.569,3.214,33.706,83.576
2026-06-20 03:45:00,GS001,Area Dasar Tambang,0.752,5.091,29.438,80.418
2026-06-20 03:50:00,GS001,Area Dasar Tambang,1.039,7.314,31.434,77.494
2026-06-20 03:55:00,GS001,Area Dasar Tambang,1.267,9.135,33.754,73.361
2026-06-20 04:00:00,GS001,Area Dasar Tambang,1.281,11.642,33.304,77.95
2026-06-20 04:05:00,GS001,Area Dasar Tambang,1.561,12.939,30.379,75.368
2026-06-20 04:10:00,GS001,Area Dasar Tambang,1.784,15.519,33.178,74.553
2026-06-20 04:15:00,GS001,Area Dasar Tambang,2.172,17.926,31.872,74.927
2026-06-20 04:20:00,GS001,Area Dasar Tambang,1.657,15.338,30.886,63.087
2026-06-20 04:25:00,GS001,Area Dasar Tambang,1.367,12.369,30.721,85.272
2026-06-20 04:30:00,GS001,Area Dasar Tambang,1.293,9.376,30.456,74.497
2026-06-20 04:35:00,GS001,Area Dasar Tambang,1.102,7.671,29.022,77.115
2026-06-20 04:40:00,GS001,Area Dasar Tambang,0.871,5.555,30.33,69.685
2026-06-20 04:45:00,GS001,Area Dasar Tambang,0.637,3.951,31.139,81.031
2026-06-20 04:50:00,GS001,Area Dasar Tambang,0.617,3.171,31.38,84.162
2026-06-20 04:55:00,GS001,Area Dasar Tambang,0.465,2.007,33.199,76.931
2026-06-20 05:00:00,GS001,Area Dasar Tambang,0.63,3.882,31.86,71.187
2026-06-20 05:05:00,GS001,Area Dasar Tambang,1.0,6.641,30.46,71.312
2026-06-20 05:10:00,GS001,Area Dasar Tambang,1.403,10.053,32.044,81.403
2026-06-20 05:15:00,GS001,Area Dasar Tambang,1.566,12.093,34.126,74.061
2026-06-20 05:20:00,GS001,Area Dasar Tambang,1.783,16.177,33.848,71.831
2026-06-20 05:25:00,GS001,Area Dasar Tambang,2.036,19.924,33.985,76.31
2026-06-20 05:30:00,GS001,Area Dasar Tambang,2.614,21.969,32.342,77.107
2026-06-20 05:35:00,GS001,Area Dasar Tambang,2.126,19.787,31.391,77.18
2026-06-20 05:40:00,GS001,Area Dasar Tambang,1.848,13.145,30.369,67.677
2026-06-20 05:45:00,GS001,Area Dasar Tambang,1.48,10.177,31.483,81.524
2026-06-20 05:50:00,GS001,Area Dasar Tambang,0.917,6.465,29.421,78.054
2026-06-20 05:55:00,GS001,Area Dasar Tambang,0.849,5.037,29.955,67.816
2026-06-20 06:00:00,GS001,Area Dasar Tambang,0.382,2.142,29.623,74.967
2026-06-20 06:05:00,GS001,Area Dasar Tambang,0.597,3.364,29.659,79.487
2026-06-20 06:10:00,GS001,Area Dasar Tambang,0.682,3.774,30.777,82.48
2026-06-20 06:15:00,GS001,Area Dasar Tambang,0.987,6.138,29.677,72.713
2026-06-20 06:20:00,GS001,Area Dasar Tambang,1.12,7.187,27.115,72.535
2026-06-20 06:25:00,GS001,Area Dasar Tambang,0.964,7.189,30.358,81.943
2026-06-20 06:30:00,GS001,Area Dasar Tambang,0.823,5.426,33.048,76.863
2026-06-20 06:35:00,GS001,Area Dasar Tambang,0.78,4.731,33.645,75.319
2026-06-20 06:40:00,GS001,Area Dasar Tambang,0.85,4.062,32.018,78.151
2026-06-20 06:45:00,GS001,Area Dasar Tambang,0.582,2.805,32.773,79.645
2026-06-20 06:50:00,GS001,Area Dasar Tambang,0.695,4.839,31.461,77.8
2026-06-20 06:55:00,GS001,Area Dasar Tambang,0.966,8.224,30.84,79.06
2026-06-20 07:00:00,GS001,Area Dasar Tambang,1.205,8.518,32.41,85.176
2026-06-20 07:05:00,GS001,Area Dasar Tambang,1.438,12.707,31.984,84.483
2026-06-20 07:10:00,GS001,Area Dasar Tambang,1.597,14.056,32.383,70.447
2026-06-20 07:15:00,GS001,Area Dasar Tambang,1.707,16.717,31.138,68.769
2026-06-20 07:20:00,GS001,Area Dasar Tambang,2.161,19.229,35.886,67.339
2026-06-20 07:25:00,GS001,Area Dasar Tambang,1.709,14.267,28.14,73.524
2026-06-20 07:30:00,GS001,Area Dasar Tambang,1.48,12.452,32.265,68.349
2026-06-20 07:35:00,GS001,Area Dasar Tambang,1.277,10.454,32.706,70.394
2026-06-20 07:40:00,GS001,Area Dasar Tambang,1.095,8.229,33.419,68.256
2026-06-20 07:45:00,GS001,Area Dasar Tambang,0.806,6.721,33.59,70.867
2026-06-20 07:50:00,GS001,Area Dasar Tambang,0.709,3.95,33.019,70.266
2026-06-20 07:55:00,GS001,Area Dasar Tambang,0.601,3.178,29.802,78.974
2026-06-20 08:00:00,GS001,Area Dasar Tambang,0.5,1.948,31.488,81.624
2026-06-20 08:05:00,GS001,Area Dasar Tambang,0.7,3.734,29.772,82.142
2026-06-20 08:10:00,GS001,Area Dasar Tambang,1.137,6.789,29.269,73.139
2026-06-20 08:15:00,GS001,Area Dasar Tambang,1.404,10.183,34.423,79.628
2026-06-20 08:20:00,GS001,Area Dasar Tambang,1.57,13.219,32.652,69.748
2026-06-20 08:25:00,GS001,Area Dasar Tambang,1.781,15.593,32.933,70.054
2026-06-20 08:30:00,GS001,Area Dasar Tambang,2.266,19.818,31.244,71.627
2026-06-20 08:35:00,GS001,Area Dasar Tambang,2.46,21.954,37.646,74.396
2026-06-20 08:40:00,GS001,Area Dasar Tambang,2.082,17.721,31.55,76.673
2026-06-20 08:45:00,GS001,Area Dasar Tambang,1.988,13.685,33.713,72.224
2026-06-20 08:50:00,GS001,Area Dasar Tambang,1.254,10.412,33.104,70.251
2026-06-20 08:55:00,GS001,Area Dasar Tambang,1.069,6.504,27.236,76.47
2026-06-20 09:00:00,GS001,Area Dasar Tambang,0.741,4.751,29.978,75.703
2026-06-20 09:05:00,GS001,Area Dasar Tambang,0.369,2.02,29.545,74.944
2026-06-20 09:10:00,GS001,Area Dasar Tambang,0.501,3.088,32.509,75.981
2026-06-20 09:15:00,GS001,Area Dasar Tambang,0.746,4.05,32.747,74.208
2026-06-20 09:20:00,GS001,Area Dasar Tambang,1.051,5.832,33.926,73.866
2026-06-20 09:25:00,GS001,Area Dasar Tambang,1.025,7.8,33.282,80.187
2026-06-20 09:30:00,GS001,Area Dasar Tambang,1.01,7.239,31.159,76.869
2026-06-20 09:35:00,GS001,Area Dasar Tambang,0.849,5.834,31.236,76.657
2026-06-20 09:40:00,GS001,Area Dasar Tambang,0.816,5.222,32.29,77.87
2026-06-20 09:45:00,GS001,Area Dasar Tambang,0.672,3.86,30.778,73.331
2026-06-20 09:50:00,GS001,Area Dasar Tambang,0.598,3.127,32.779,73.848
2026-06-20 09:55:00,GS001,Area Dasar Tambang,0.812,4.915,31.421,67.515
2026-06-20 10:00:00,GS001,Area Dasar Tambang,0.979,7.306,32.199,69.59
2026-06-20 10:05:00,GS001,Area Dasar Tambang,1.296,9.182,30.469,69.932
2026-06-20 10:10:00,GS001,Area Dasar Tambang,1.354,11.686,30.898,81.966
2026-06-20 10:15:00,GS001,Area Dasar Tambang,1.653,14.536,30.548,77.429
2026-06-20 10:20:00,GS001,Area Dasar Tambang,1.771,15.28,32.335,72.225
2026-06-20 10:25:00,GS001,Area Dasar Tambang,2.125,17.206,34.932,73.232
2026-06-20 10:30:00,GS001,Area Dasar Tambang,1.798,14.409,33.844,66.841
2026-06-20 10:35:00,GS001,Area Dasar Tambang,1.59,11.677,30.684,70.13
2026-06-20 10:40:00,GS001,Area Dasar Tambang,1.244,10.221,32.587,78.561
2026-06-20 10:45:00,GS001,Area Dasar Tambang,1.074,7.491,31.159,77.769
2026-06-20 10:50:00,GS001,Area Dasar Tambang,0.864,5.941,32.177,79.86
2026-06-20 10:55:00,GS001,Area Dasar Tambang,0.709,3.967,31.965,72.94
2026-06-20 11:00:00,GS001,Area Dasar Tambang,0.602,2.844,32.479,79.522
2026-06-20 11:05:00,GS001,Area Dasar Tambang,0.465,1.95,29.873,80.661
2026-06-20 11:10:00,GS001,Area Dasar Tambang,0.714,3.742,30.384,81.551
2026-06-20 11:15:00,GS001,Area Dasar Tambang,1.016,6.764,30.627,66.599
2026-06-20 11:20:00,GS001,Area Dasar Tambang,1.321,9.875,31.859,78.041
2026-06-20 11:25:00,GS001,Area Dasar Tambang,1.46,12.669,32.503,75.671
2026-06-20 11:30:00,GS001,Area Dasar Tambang,1.967,18.041,31.201,74.187
2026-06-20 11:35:00,GS001,Area Dasar Tambang,2.171,18.922,32.284,71.419
2026-06-20 11:40:00,GS001,Area Dasar Tambang,2.693,22.8,34.864,74.699
2026-06-20 11:45:00,GS001,Area Dasar Tambang,2.184,18.111,32.472,71.705
2026-06-20 11:50:00,GS001,Area Dasar Tambang,1.718,14.808,37.543,72.892
2026-06-20 11:55:00,GS001,Area Dasar Tambang,1.448,10.0,29.436,65.682
2026-06-20 12:00:00,GS001,Area Dasar Tambang,0.991,6.767,32.411,71.759
2026-06-20 12:05:00,GS001,Area Dasar Tambang,0.858,4.949,30.3,81.428
2026-06-20 12:10:00,GS001,Area Dasar Tambang,0.38,2.104,30.302,77.539
2026-06-20 12:15:00,GS001,Area Dasar Tambang,0.57,3.043,32.164,73.97
2026-06-20 12:20:00,GS001,Area Dasar Tambang,0.779,4.162,30.594,77.959
2026-06-20 12:25:00,GS001,Area Dasar Tambang,0.86,6.441,30.393,71.034
2026-06-20 12:30:00,GS001,Area Dasar Tambang,1.14,8.092,32.085,78.424
2026-06-20 12:35:00,GS001,Area Dasar Tambang,0.97,7.499,30.189,73.794
2026-06-20 12:40:00,GS001,Area Dasar Tambang,0.869,6.6,30.907,72.642
2026-06-20 12:45:00,GS001,Area Dasar Tambang,0.831,4.596,30.875,81.41
2026-06-20 12:50:00,GS001,Area Dasar Tambang,0.633,3.906,29.493,81.082
2026-06-20 12:55:00,GS001,Area Dasar Tambang,0.679,2.954,33.282,75.524
2026-06-20 13:00:00,GS001,Area Dasar Tambang,0.779,5.097,30.474,74.842
2026-06-20 13:05:00,GS001,Area Dasar Tambang,1.003,6.509,29.593,72.843
2026-06-20 13:10:00,GS001,Area Dasar Tambang,1.368,8.832,33.788,79.572
2026-06-20 13:15:00,GS001,Area Dasar Tambang,1.334,11.475,29.432,75.489
2026-06-20 13:20:00,GS001,Area Dasar Tambang,1.579,12.301,30.729,73.156
2026-06-20 13:25:00,GS001,Area Dasar Tambang,1.671,14.552,30.114,78.72
2026-06-20 13:30:00,GS001,Area Dasar Tambang,2.068,18.384,32.236,72.877
2026-06-20 13:35:00,GS001,Area Dasar Tambang,1.819,15.402,35.823,74.7
2026-06-20 13:40:00,GS001,Area Dasar Tambang,1.725,12.593,31.6,75.184
2026-06-20 13:45:00,GS001,Area Dasar Tambang,1.156,9.771,31.002,74.888
2026-06-20 13:50:00,GS001,Area Dasar Tambang,1.074,8.209,32.007,83.362
2026-06-20 13:55:00,GS001,Area Dasar Tambang,0.917,5.651,33.783,81.471
2026-06-20 14:00:00,GS001,Area Dasar Tambang,0.651,3.791,34.327,81.43
2026-06-20 14:05:00,GS001,Area Dasar Tambang,0.586,3.059,31.548,77.218
2026-06-20 14:10:00,GS001,Area Dasar Tambang,0.425,1.983,29.992,76.803
2026-06-20 14:15:00,GS001,Area Dasar Tambang,0.64,3.861,30.907,78.631
2026-06-20 14:20:00,GS001,Area Dasar Tambang,0.954,6.952,28.628,68.712
2026-06-20 14:25:00,GS001,Area Dasar Tambang,1.289,10.57,32.955,79.233
2026-06-20 14:30:00,GS001,Area Dasar Tambang,1.512,12.167,32.86,78.086
2026-06-20 14:35:00,GS001,Area Dasar Tambang,1.794,16.649,31.984,69.331
2026-06-20 14:40:00,GS001,Area Dasar Tambang,2.286,19.998,32.179,65.013
2026-06-20 14:45:00,GS001,Area Dasar Tambang,2.645,23.69,35.86,75.085
2026-06-20 14:50:00,GS001,Area Dasar Tambang,2.099,16.564,32.859,70.018
2026-06-20 14:55:00,GS001,Area Dasar Tambang,1.876,13.067,30.837,75.987
2026-06-20 15:00:00,GS001,Area Dasar Tambang,1.472,9.48,32.089,72.306
2026-06-20 15:05:00,GS001,Area Dasar Tambang,0.978,6.647,33.038,73.219
2026-06-20 15:10:00,GS001,Area Dasar Tambang,0.841,4.762,25.127,72.818
2026-06-20 15:15:00,GS001,Area Dasar Tambang,0.43,2.009,33.975,79.272
2026-06-20 15:20:00,GS001,Area Dasar Tambang,0.484,2.999,28.262,70.787
2026-06-20 15:25:00,GS001,Area Dasar Tambang,0.584,4.005,29.477,70.15
2026-06-20 15:30:00,GS001,Area Dasar Tambang,0.842,5.57,33.32,78.118
2026-06-20 15:35:00,GS001,Area Dasar Tambang,1.102,7.222,29.874,72.094
2026-06-20 15:40:00,GS001,Area Dasar Tambang,1.005,7.622,30.125,79.694
2026-06-20 15:45:00,GS001,Area Dasar Tambang,0.798,5.709,30.236,80.894
2026-06-20 15:50:00,GS001,Area Dasar Tambang,0.835,5.213,27.618,68.374
2026-06-20 15:55:00,GS001,Area Dasar Tambang,0.679,3.903,28.67,70.54
2026-06-20 16:00:00,GS001,Area Dasar Tambang,0.563,3.107,31.085,82.567
2026-06-20 16:05:00,GS001,Area Dasar Tambang,0.834,4.888,30.563,74.204
2026-06-20 16:10:00,GS001,Area Dasar Tambang,1.113,7.032,33.541,77.955
2026-06-20 16:15:00,GS001,Area Dasar Tambang,1.296,9.346,30.769,75.998
2026-06-20 16:20:00,GS001,Area Dasar Tambang,1.332,10.944,28.932,75.421
2026-06-20 16:25:00,GS001,Area Dasar Tambang,1.564,13.016,31.374,83.819
2026-06-20 16:30:00,GS001,Area Dasar Tambang,2.016,14.97,32.704,74.829
2026-06-20 16:35:00,GS001,Area Dasar Tambang,2.039,17.077,32.54,75.001
2026-06-20 16:40:00,GS001,Area Dasar Tambang,1.695,14.442,29.462,69.857
2026-06-20 16:45:00,GS001,Area Dasar Tambang,1.578,12.633,32.826,65.073
2026-06-20 16:50:00,GS001,Area Dasar Tambang,1.32,9.405,29.517,76.513
2026-06-20 16:55:00,GS001,Area Dasar Tambang,1.087,8.054,30.234,72.518
2026-06-20 17:00:00,GS001,Area Dasar Tambang,0.919,6.34,32.569,73.273
2026-06-20 17:05:00,GS001,Area Dasar Tambang,0.787,3.903,27.898,72.436
2026-06-20 17:10:00,GS001,Area Dasar Tambang,0.686,2.854,30.398,80.138
2026-06-20 17:15:00,GS001,Area Dasar Tambang,0.42,1.945,33.952,78.411
2026-06-20 17:20:00,GS001,Area Dasar Tambang,0.622,3.941,30.283,84.926
2026-06-20 17:25:00,GS001,Area Dasar Tambang,1.094,7.62,32.237,72.425
2026-06-20 17:30:00,GS001,Area Dasar Tambang,1.25,9.513,30.298,76.137
2026-06-20 17:35:00,GS001,Area Dasar Tambang,1.67,12.87,31.106,70.427
2026-06-20 17:40:00,GS001,Area Dasar Tambang,2.07,16.846,31.936,73.464
2026-06-20 17:45:00,GS001,Area Dasar Tambang,2.114,20.044,36.644,73.285
2026-06-20 17:50:00,GS001,Area Dasar Tambang,2.433,23.787,33.382,71.846
2026-06-20 17:55:00,GS001,Area Dasar Tambang,2.2,17.844,32.098,71.467
2026-06-20 18:00:00,GS001,Area Dasar Tambang,1.73,14.957,32.719,74.772
2026-06-20 18:05:00,GS001,Area Dasar Tambang,1.29,10.271,31.144,76.167
2026-06-20 18:10:00,GS001,Area Dasar Tambang,1.021,6.786,30.197,69.198
2026-06-20 18:15:00,GS001,Area Dasar Tambang,0.746,5.091,32.121,72.431
2026-06-20 18:20:00,GS001,Area Dasar Tambang,0.357,1.926,31.487,77.05
2026-06-20 18:25:00,GS001,Area Dasar Tambang,0.542,3.015,30.691,73.848
2026-06-20 18:30:00,GS001,Area Dasar Tambang,0.7,3.927,31.881,74.392
2026-06-20 18:35:00,GS001,Area Dasar Tambang,0.954,5.764,28.222,75.394
2026-06-20 18:40:00,GS001,Area Dasar Tambang,1.038,6.853,35.978,79.897
2026-06-20 18:45:00,GS001,Area Dasar Tambang,0.997,7.077,31.078,70.238
2026-06-20 18:50:00,GS001,Area Dasar Tambang,0.974,5.633,32.516,75.349
2026-06-20 18:55:00,GS001,Area Dasar Tambang,0.851,5.116,30.709,74.476
2026-06-20 19:00:00,GS001,Area Dasar Tambang,0.749,3.995,29.57,73.215
2026-06-20 19:05:00,GS001,Area Dasar Tambang,0.659,3.045,31.671,71.371
2026-06-20 19:10:00,GS001,Area Dasar Tambang,0.859,5.491,30.735,78.372
2026-06-20 19:15:00,GS001,Area Dasar Tambang,1.002,7.11,30.851,68.232
2026-06-20 19:20:00,GS001,Area Dasar Tambang,1.221,8.989,34.575,67.817
2026-06-20 19:25:00,GS001,Area Dasar Tambang,1.451,12.147,32.663,72.937
2026-06-20 19:30:00,GS001,Area Dasar Tambang,1.709,12.882,29.531,75.546
2026-06-20 19:35:00,GS001,Area Dasar Tambang,1.681,14.121,31.83,73.495
2026-06-20 19:40:00,GS001,Area Dasar Tambang,2.199,18.986,32.42,81.373
2026-06-20 19:45:00,GS001,Area Dasar Tambang,1.578,13.722,31.723,78.991
2026-06-20 19:50:00,GS001,Area Dasar Tambang,1.648,12.85,31.526,75.939
2026-06-20 19:55:00,GS001,Area Dasar Tambang,1.335,10.863,28.942,72.53
2026-06-20 20:00:00,GS001,Area Dasar Tambang,1.219,8.144,32.481,72.233
2026-06-20 20:05:00,GS001,Area Dasar Tambang,0.793,5.938,28.547,78.785
2026-06-20 20:10:00,GS001,Area Dasar Tambang,0.749,3.363,32.358,76.758
2026-06-20 20:15:00,GS001,Area Dasar Tambang,0.626,2.904,30.06,80.795
2026-06-20 20:20:00,GS001,Area Dasar Tambang,0.508,2.203,31.408,80.668
2026-06-20 20:25:00,GS001,Area Dasar Tambang,0.72,4.039,34.281,80.168
2026-06-20 20:30:00,GS001,Area Dasar Tambang,1.011,7.002,30.999,74.919
2026-06-20 20:35:00,GS001,Area Dasar Tambang,1.313,9.889,32.426,68.138
2026-06-20 20:40:00,GS001,Area Dasar Tambang,1.576,14.839,34.595,73.115
2026-06-20 20:45:00,GS001,Area Dasar Tambang,1.844,15.249,33.262,78.593
2026-06-20 20:50:00,GS001,Area Dasar Tambang,2.431,20.285,36.278,71.308
2026-06-20 20:55:00,GS001,Area Dasar Tambang,2.47,22.504,34.347,71.389
2026-06-20 21:00:00,GS001,Area Dasar Tambang,2.123,19.389,32.406,74.348
2026-06-20 21:05:00,GS001,Area Dasar Tambang,1.696,14.719,31.519,75.449
2026-06-20 21:10:00,GS001,Area Dasar Tambang,1.448,9.753,32.378,71.247
2026-06-20 21:15:00,GS001,Area Dasar Tambang,0.967,6.615,31.187,75.725
2026-06-20 21:20:00,GS001,Area Dasar Tambang,0.77,4.563,29.396,82.286
2026-06-20 21:25:00,GS001,Area Dasar Tambang,0.356,2.137,30.641,78.027
2026-06-20 21:30:00,GS001,Area Dasar Tambang,0.462,3.061,31.133,83.238
2026-06-20 21:35:00,GS001,Area Dasar Tambang,0.6,3.893,28.413,79.161
2026-06-20 21:40:00,GS001,Area Dasar Tambang,1.014,6.179,33.46,76.86
2026-06-20 21:45:00,GS001,Area Dasar Tambang,1.053,7.942,30.389,74.623
2026-06-20 21:50:00,GS001,Area Dasar Tambang,0.92,7.023,30.074,71.234
2026-06-20 21:55:00,GS001,Area Dasar Tambang,0.85,6.024,28.896,75.835
2026-06-20 22:00:00,GS001,Area Dasar Tambang,0.764,4.95,33.319,85.166
2026-06-20 22:05:00,GS001,Area Dasar Tambang,0.629,3.844,31.122,86.189
2026-06-20 22:10:00,GS001,Area Dasar Tambang,0.591,3.139,30.488,70.783
2026-06-20 22:15:00,GS001,Area Dasar Tambang,0.757,4.964,34.824,77.646
2026-06-20 22:20:00,GS001,Area Dasar Tambang,1.044,6.787,32.253,80.156
2026-06-20 22:25:00,GS001,Area Dasar Tambang,1.143,9.475,30.962,78.38
2026-06-20 22:30:00,GS001,Area Dasar Tambang,1.439,11.413,32.14,75.383
2026-06-20 22:35:00,GS001,Area Dasar Tambang,1.854,12.503,33.099,66.045
2026-06-20 22:40:00,GS001,Area Dasar Tambang,1.712,17.402,32.398,72.362
2026-06-20 22:45:00,GS001,Area Dasar Tambang,1.811,16.691,30.236,72.599
2026-06-20 22:50:00,GS001,Area Dasar Tambang,2.035,14.357,30.372,74.788
2026-06-20 22:55:00,GS001,Area Dasar Tambang,1.5,11.958,29.39,73.271
2026-06-20 23:00:00,GS001,Area Dasar Tambang,0.403,1.895,28.219,80.789
2026-06-20 23:05:00,GS001,Area Dasar Tambang,0.479,3.048,30.673,76.895
2026-06-20 23:10:00,GS001,Area Dasar Tambang,0.676,3.988,31.92,76.151
2026-06-20 23:15:00,GS001,Area Dasar Tambang,0.887,6.146,32.247,72.542
2026-06-20 23:20:00,GS001,Area Dasar Tambang,1.099,7.832,31.617,79.302
2026-06-20 23:25:00,GS001,Area Dasar Tambang,1.014,7.606,31.777,74.501
2026-06-20 23:30:00,GS001,Area Dasar Tambang,0.899,6.034,31.806,72.984
2026-06-20 23:35:00,GS001,Area Dasar Tambang,0.791,4.855,32.589,70.146
2026-06-20 23:40:00,GS001,Area Dasar Tambang,0.706,3.757,31.739,75.771
2026-06-20 23:45:00,GS001,Area Dasar Tambang,0.527,3.113,27.97,76.903
2026-06-20 23:50:00,GS001,Area Dasar Tambang,0.828,5.275,29.284,74.431
2026-06-20 23:55:00,GS001,Area Dasar Tambang,1.043,7.322,33.114,82.685
